16256
97 81 3 4194304 2.000000180
22 68 3 4194304 2.000001451
48 23 3 4194304 2.000002456
5 35 3 4194304 2.000002534
18 30 3 4194304 2.000002634
20 108 3 4194304 2.000003260
124 105 3 4194304 2.000003704
90 84 3 4194304 2.000003727
118 34 3 4194304 2.000003759
99 39 3 4194304 2.000004152
84 33 3 4194304 2.000004572
119 36 3 4194304 2.000005032
73 74 3 4194304 2.000005218
29 92 3 4194304 2.000007020
78 91 3 4194304 2.000007341
111 73 3 4194304 2.000007724
67 117 3 4194304 2.000007851
99 125 3 4194304 2.000007986
75 104 3 4194304 2.000008000
72 13 3 4194304 2.000008286
124 5 3 4194304 2.000009021
47 5 3 4194304 2.000009135
35 6 3 4194304 2.000009294
3 105 3 4194304 2.000009619
101 107 3 4194304 2.000009634
95 106 3 4194304 2.000009829
81 16 3 4194304 2.000010474
56 80 3 4194304 2.000010953
100 81 3 4194304 2.000011702
17 6 3 4194304 2.000012028
7 32 3 4194304 2.000012511
123 89 3 4194304 2.000012589
110 24 3 4194304 2.000012863
65 83 3 4194304 2.000012907
125 114 3 4194304 2.000013408
31 15 3 4194304 2.000013903
5 82 3 4194304 2.000014355
36 62 3 4194304 2.000015169
120 55 3 4194304 2.000015434
95 33 3 4194304 2.000015504
2 30 3 4194304 2.000015698
93 59 3 4194304 2.000015845
89 35 3 4194304 2.000016430
89 123 3 4194304 2.000016710
5 123 3 4194304 2.000016987
0 104 3 4194304 2.000018187
57 106 3 4194304 2.000018315
80 104 3 4194304 2.000018619
58 19 3 4194304 2.000018786
46 56 3 4194304 2.000019391
111 29 3 4194304 2.000019409
53 64 3 4194304 2.000019603
44 32 3 4194304 2.000019635
69 105 3 4194304 2.000019658
75 12 3 4194304 2.000020632
37 122 3 4194304 2.000021157
5 54 3 4194304 2.000021412
0 100 3 4194304 2.000021640
68 40 3 4194304 2.000021834
118 12 3 4194304 2.000022104
106 101 3 4194304 2.000022463
59 57 3 4194304 2.000022907
62 38 3 4194304 2.000022997
87 78 3 4194304 2.000023125
74 84 3 4194304 2.000023149
11 25 3 4194304 2.000023226
96 52 3 4194304 2.000023314
57 55 3 4194304 2.000023358
127 16 3 4194304 2.000023838
93 24 3 4194304 2.000024098
41 44 3 4194304 2.000024478
49 48 3 4194304 2.000025139
82 96 3 4194304 2.000025408
79 37 3 4194304 2.000025417
99 98 3 4194304 2.000025957
68 58 3 4194304 2.000026033
74 96 3 4194304 2.000026247
123 78 3 4194304 2.000026262
67 40 3 4194304 2.000026604
31 60 3 4194304 2.000026814
117 125 3 4194304 2.000027187
65 72 3 4194304 2.000027352
43 9 3 4194304 2.000027445
40 25 3 4194304 2.000027502
54 14 3 4194304 2.000027654
100 41 3 4194304 2.000027688
90 6 3 4194304 2.000027750
2 87 3 4194304 2.000028975
127 121 3 4194304 2.000029023
59 39 3 4194304 2.000029246
8 28 3 4194304 2.000029395
41 35 3 4194304 2.000029961
34 2 3 4194304 2.000030287
10 118 3 4194304 2.000031209
105 104 3 4194304 2.000031503
21 116 3 4194304 2.000031698
11 98 3 4194304 2.000032227
47 82 3 4194304 2.000032281
121 11 3 4194304 2.000032361
111 63 3 4194304 2.000032458
61 98 3 4194304 2.000032512
74 126 3 4194304 2.000032577
112 26 3 4194304 2.000032668
46 90 3 4194304 2.000032904
66 40 3 4194304 2.000033187
65 3 3 4194304 2.000033254
27 18 3 4194304 2.000033614
77 82 3 4194304 2.000034219
11 125 3 4194304 2.000034557
12 40 3 4194304 2.000034718
40 61 3 4194304 2.000035030
2 122 3 4194304 2.000035369
28 90 3 4194304 2.000035536
15 113 3 4194304 2.000036369
106 31 3 4194304 2.000036464
98 74 3 4194304 2.000036496
64 101 3 4194304 2.000036671
107 111 3 4194304 2.000036708
98 83 3 4194304 2.000036885
90 34 3 4194304 2.000036930
108 81 3 4194304 2.000037213
85 110 3 4194304 2.000037826
80 90 3 4194304 2.000038356
94 18 3 4194304 2.000038500
4 60 3 4194304 2.000038868
96 62 3 4194304 2.000038887
47 25 3 4194304 2.000039657
42 40 3 4194304 2.000039816
36 21 3 4194304 2.000041126
123 102 3 4194304 2.000041563
91 38 3 4194304 2.000041567
35 77 3 4194304 2.000042123
86 12 3 4194304 2.000042427
56 45 3 4194304 2.000042473
99 50 3 4194304 2.000042607
21 56 3 4194304 2.000043056
117 82 3 4194304 2.000043099
59 41 3 4194304 2.000043901
97 44 3 4194304 2.000044105
48 60 3 4194304 2.000044236
9 54 3 4194304 2.000044467
115 20 3 4194304 2.000045318
105 88 3 4194304 2.000045658
114 78 3 4194304 2.000045820
10 65 3 4194304 2.000046270
58 90 3 4194304 2.000046344
40 103 3 4194304 2.000046383
85 83 3 4194304 2.000046500
82 110 3 4194304 2.000046884
105 111 3 4194304 2.000047235
102 21 3 4194304 2.000047306
66 112 3 4194304 2.000047707
0 93 3 4194304 2.000048395
41 103 3 4194304 2.000048548
110 44 3 4194304 2.000048983
81 121 3 4194304 2.000049051
95 57 3 4194304 2.000049292
53 48 3 4194304 2.000049389
17 28 3 4194304 2.000050964
116 15 3 4194304 2.000051010
121 61 3 4194304 2.000051061
106 17 3 4194304 2.000051078
126 63 3 4194304 2.000051082
19 87 3 4194304 2.000051091
99 36 3 4194304 2.000051646
14 2 3 4194304 2.000051693
89 127 3 4194304 2.000051768
98 15 3 4194304 2.000052758
123 48 3 4194304 2.000053554
65 120 3 4194304 2.000053634
97 70 3 4194304 2.000053650
43 51 3 4194304 2.000053850
36 24 3 4194304 2.000054615
75 93 3 4194304 2.000054778
19 28 3 4194304 2.000054836
9 105 3 4194304 2.000055791
62 118 3 4194304 2.000055973
115 82 3 4194304 2.000056098
40 110 3 4194304 2.000057309
27 8 3 4194304 2.000058932
92 85 3 4194304 2.000059119
47 54 3 4194304 2.000059153
11 44 3 4194304 2.000059272
85 60 3 4194304 2.000059550
2 106 3 4194304 2.000059552
20 8 3 4194304 2.000060158
111 83 3 4194304 2.000060260
33 104 3 4194304 2.000060455
83 31 3 4194304 2.000061379
11 115 3 4194304 2.000061685
115 35 3 4194304 2.000062129
84 9 3 4194304 2.000062532
90 73 3 4194304 2.000063238
114 79 3 4194304 2.000063764
105 113 3 4194304 2.000064127
45 120 3 4194304 2.000064133
78 66 3 4194304 2.000064325
0 3 3 4194304 2.000064394
27 74 3 4194304 2.000064655
116 120 3 4194304 2.000064775
120 18 3 4194304 2.000065083
55 8 3 4194304 2.000065395
33 59 3 4194304 2.000065459
21 86 3 4194304 2.000065517
34 112 3 4194304 2.000066357
60 43 3 4194304 2.000066409
100 55 3 4194304 2.000066416
93 101 3 4194304 2.000066713
32 107 3 4194304 2.000066758
117 124 3 4194304 2.000067620
33 36 3 4194304 2.000067694
74 121 3 4194304 2.000067916
88 38 3 4194304 2.000068168
122 44 3 4194304 2.000068784
24 68 3 4194304 2.000069413
41 46 3 4194304 2.000069567
106 70 3 4194304 2.000069851
47 81 3 4194304 2.000070146
64 18 3 4194304 2.000070724
72 18 3 4194304 2.000072087
112 57 3 4194304 2.000072781
38 88 3 4194304 2.000072804
68 54 3 4194304 2.000073192
23 60 3 4194304 2.000073218
50 118 3 4194304 2.000073343
103 77 3 4194304 2.000073641
48 67 3 4194304 2.000073693
63 37 3 4194304 2.000073842
70 67 3 4194304 2.000073851
96 91 3 4194304 2.000073894
108 121 3 4194304 2.000074272
47 94 3 4194304 2.000074990
50 72 3 4194304 2.000075810
4 125 3 4194304 2.000075842
124 83 3 4194304 2.000076071
49 16 3 4194304 2.000076298
115 91 3 4194304 2.000076533
32 25 3 4194304 2.000076614
30 85 3 4194304 2.000077047
18 126 3 4194304 2.000077700
21 2 3 4194304 2.000077707
29 117 3 4194304 2.000077920
114 54 3 4194304 2.000078032
38 107 3 4194304 2.000078257
12 48 3 4194304 2.000078814
49 37 3 4194304 2.000078834
33 114 3 4194304 2.000079048
34 80 3 4194304 2.000079066
81 49 3 4194304 2.000079186
125 88 3 4194304 2.000079388
81 124 3 4194304 2.000079895
37 78 3 4194304 2.000080227
64 16 3 4194304 2.000080272
91 39 3 4194304 2.000080467
35 34 3 4194304 2.000080579
107 115 3 4194304 2.000081441
102 31 3 4194304 2.000082428
9 87 3 4194304 2.000082572
11 27 3 4194304 2.000082582
123 111 3 4194304 2.000083165
7 3 3 4194304 2.000084132
108 73 3 4194304 2.000084221
103 88 3 4194304 2.000084525
65 20 3 4194304 2.000084643
43 77 3 4194304 2.000085207
86 77 3 4194304 2.000085222
91 89 3 4194304 2.000085259
7 16 3 4194304 2.000085414
111 104 3 4194304 2.000085532
26 109 3 4194304 2.000085636
91 79 3 4194304 2.000085673
18 22 3 4194304 2.000085830
77 3 3 4194304 2.000086049
12 17 3 4194304 2.000086085
57 3 3 4194304 2.000086488
105 4 3 4194304 2.000086501
37 43 3 4194304 2.000086507
2 11 3 4194304 2.000087181
10 21 3 4194304 2.000087276
85 103 3 4194304 2.000087386
101 32 3 4194304 2.000087425
92 116 3 4194304 2.000087496
86 27 3 4194304 2.000087503
19 73 3 4194304 2.000087582
12 4 3 4194304 2.000087885
8 65 3 4194304 2.000088216
10 37 3 4194304 2.000088504
45 89 3 4194304 2.000088675
59 6 3 4194304 2.000089137
49 102 3 4194304 2.000089699
103 101 3 4194304 2.000090003
88 87 3 4194304 2.000090415
105 13 3 4194304 2.000090609
83 73 3 4194304 2.000090696
65 103 3 4194304 2.000091319
127 27 3 4194304 2.000091532
37 89 3 4194304 2.000092472
9 38 3 4194304 2.000092583
98 66 3 4194304 2.000092889
104 10 3 4194304 2.000092982
124 108 3 4194304 2.000093140
95 110 3 4194304 2.000093251
111 87 3 4194304 2.000093573
98 111 3 4194304 2.000093621
95 67 3 4194304 2.000093823
60 55 3 4194304 2.000094337
31 39 3 4194304 2.000094509
16 50 3 4194304 2.000095279
84 115 3 4194304 2.000095328
117 9 3 4194304 2.000095619
127 120 3 4194304 2.000095642
125 122 3 4194304 2.000095748
89 61 3 4194304 2.000095811
42 27 3 4194304 2.000096098
41 7 3 4194304 2.000096956
72 26 3 4194304 2.000097224
25 112 3 4194304 2.000097347
107 116 3 4194304 2.000097745
86 45 3 4194304 2.000097810
53 118 3 4194304 2.000097985
110 106 3 4194304 2.000098534
12 33 3 4194304 2.000099117
91 23 3 4194304 2.000099459
20 37 3 4194304 2.000099510
71 101 3 4194304 2.000100012
32 22 3 4194304 2.000100239
26 9 3 4194304 2.000100339
106 0 3 4194304 2.000100431
46 121 3 4194304 2.000100657
85 1 3 4194304 2.000100669
69 56 3 4194304 2.000100673
92 51 3 4194304 2.000101549
40 9 3 4194304 2.000101969
14 1 3 4194304 2.000102020
77 86 3 4194304 2.000102347
36 43 3 4194304 2.000102402
80 41 3 4194304 2.000102419
95 74 3 4194304 2.000102469
23 61 3 4194304 2.000102584
78 60 3 4194304 2.000102684
88 37 3 4194304 2.000102897
41 119 3 4194304 2.000103336
112 38 3 4194304 2.000103472
109 112 3 4194304 2.000103906
20 12 3 4194304 2.000104009
56 127 3 4194304 2.000104245
89 11 3 4194304 2.000104386
108 85 3 4194304 2.000104438
89 112 3 4194304 2.000104740
72 67 3 4194304 2.000104846
80 5 3 4194304 2.000104963
30 71 3 4194304 2.000105188
124 27 3 4194304 2.000105659
123 37 3 4194304 2.000105756
96 72 3 4194304 2.000106846
3 24 3 4194304 2.000107009
53 125 3 4194304 2.000107283
8 41 3 4194304 2.000107573
35 118 3 4194304 2.000108834
2 72 3 4194304 2.000109005
92 42 3 4194304 2.000109855
32 33 3 4194304 2.000109999
40 28 3 4194304 2.000110161
24 121 3 4194304 2.000110324
62 4 3 4194304 2.000110420
79 13 3 4194304 2.000110679
81 91 3 4194304 2.000110978
28 84 3 4194304 2.000111303
105 91 3 4194304 2.000111397
48 95 3 4194304 2.000111492
40 112 3 4194304 2.000111602
78 13 3 4194304 2.000112551
30 90 3 4194304 2.000112652
105 115 3 4194304 2.000112826
125 77 3 4194304 2.000113027
118 8 3 4194304 2.000113121
86 55 3 4194304 2.000113371
98 40 3 4194304 2.000113439
20 56 3 4194304 2.000113472
33 83 3 4194304 2.000113717
101 0 3 4194304 2.000114387
109 1 3 4194304 2.000114897
81 93 3 4194304 2.000114920
50 17 3 4194304 2.000115202
47 70 3 4194304 2.000115603
101 120 3 4194304 2.000115755
117 37 3 4194304 2.000116324
100 78 3 4194304 2.000116539
14 120 3 4194304 2.000117649
92 24 3 4194304 2.000117780
125 102 3 4194304 2.000118097
100 127 3 4194304 2.000118806
107 42 3 4194304 2.000118876
43 52 3 4194304 2.000118899
16 95 3 4194304 2.000118939
26 97 3 4194304 2.000119551
111 18 3 4194304 2.000119561
10 28 3 4194304 2.000119724
107 37 3 4194304 2.000119872
84 98 3 4194304 2.000120083
124 95 3 4194304 2.000120094
81 106 3 4194304 2.000120199
108 86 3 4194304 2.000120212
119 59 3 4194304 2.000120648
54 72 3 4194304 2.000120932
65 89 3 4194304 2.000121152
112 59 3 4194304 2.000122007
76 11 3 4194304 2.000122485
122 20 3 4194304 2.000122776
93 32 3 4194304 2.000123214
16 52 3 4194304 2.000124684
8 43 3 4194304 2.000124714
28 48 3 4194304 2.000124913
101 5 3 4194304 2.000124994
114 49 3 4194304 2.000125039
31 107 3 4194304 2.000125714
0 119 3 4194304 2.000126065
14 111 3 4194304 2.000126209
99 45 3 4194304 2.000126606
98 13 3 4194304 2.000126625
48 58 3 4194304 2.000126631
122 96 3 4194304 2.000126924
106 15 3 4194304 2.000127027
109 91 3 4194304 2.000127228
30 93 3 4194304 2.000127347
60 109 3 4194304 2.000128684
44 41 3 4194304 2.000128733
79 80 3 4194304 2.000128978
84 118 3 4194304 2.000129207
73 89 3 4194304 2.000129421
52 78 3 4194304 2.000130179
92 118 3 4194304 2.000130394
35 4 3 4194304 2.000130676
99 34 3 4194304 2.000131337
61 73 3 4194304 2.000131806
87 32 3 4194304 2.000132235
52 70 3 4194304 2.000132248
9 119 3 4194304 2.000132543
9 36 3 4194304 2.000133691
79 34 3 4194304 2.000133861
76 104 3 4194304 2.000133875
89 109 3 4194304 2.000134336
126 124 3 4194304 2.000134377
2 27 3 4194304 2.000134547
42 50 3 4194304 2.000134837
84 113 3 4194304 2.000135085
35 36 3 4194304 2.000135315
90 2 3 4194304 2.000135986
5 45 3 4194304 2.000136108
78 89 3 4194304 2.000136587
96 10 3 4194304 2.000136909
77 60 3 4194304 2.000137659
65 107 3 4194304 2.000138319
9 126 3 4194304 2.000138555
58 17 3 4194304 2.000138631
20 58 3 4194304 2.000139404
66 43 3 4194304 2.000139633
56 6 3 4194304 2.000140462
78 43 3 4194304 2.000140466
114 37 3 4194304 2.000140550
33 38 3 4194304 2.000141479
25 3 3 4194304 2.000141870
125 12 3 4194304 2.000142260
88 35 3 4194304 2.000142284
53 50 3 4194304 2.000142506
40 38 3 4194304 2.000142591
31 54 3 4194304 2.000142796
6 123 3 4194304 2.000142924
0 117 3 4194304 2.000142993
123 47 3 4194304 2.000143211
16 69 3 4194304 2.000143388
96 38 3 4194304 2.000143390
67 72 3 4194304 2.000143402
87 106 3 4194304 2.000143648
84 69 3 4194304 2.000144402
36 3 3 4194304 2.000144921
17 0 3 4194304 2.000144987
101 6 3 4194304 2.000145506
56 97 3 4194304 2.000145511
40 2 3 4194304 2.000146126
99 5 3 4194304 2.000147770
0 90 3 4194304 2.000148122
11 117 3 4194304 2.000148554
118 119 3 4194304 2.000148929
57 116 3 4194304 2.000149163
115 117 3 4194304 2.000149259
27 11 3 4194304 2.000149277
84 105 3 4194304 2.000149416
32 57 3 4194304 2.000149535
40 82 3 4194304 2.000149756
2 47 3 4194304 2.000149827
84 114 3 4194304 2.000149994
107 119 3 4194304 2.000150306
50 48 3 4194304 2.000150589
56 79 3 4194304 2.000150855
49 110 3 4194304 2.000150976
127 88 3 4194304 2.000151282
63 23 3 4194304 2.000151666
63 86 3 4194304 2.000151700
54 84 3 4194304 2.000151792
124 52 3 4194304 2.000151897
66 10 3 4194304 2.000151995
70 10 3 4194304 2.000152146
118 44 3 4194304 2.000152692
4 9 3 4194304 2.000152827
26 49 3 4194304 2.000153615
52 20 3 4194304 2.000154048
48 74 3 4194304 2.000154625
43 66 3 4194304 2.000154775
66 124 3 4194304 2.000155657
68 17 3 4194304 2.000155956
43 55 3 4194304 2.000156432
107 101 3 4194304 2.000156568
49 107 3 4194304 2.000156576
19 100 3 4194304 2.000156890
78 50 3 4194304 2.000157270
27 62 3 4194304 2.000157693
3 125 3 4194304 2.000157890
32 124 3 4194304 2.000158210
23 14 3 4194304 2.000158625
29 49 3 4194304 2.000158804
126 97 3 4194304 2.000159132
48 65 3 4194304 2.000159200
16 106 3 4194304 2.000159204
90 125 3 4194304 2.000159219
73 78 3 4194304 2.000159557
11 48 3 4194304 2.000159673
95 120 3 4194304 2.000159774
87 53 3 4194304 2.000160091
107 52 3 4194304 2.000162381
124 23 3 4194304 2.000162455
22 101 3 4194304 2.000162610
36 23 3 4194304 2.000162611
96 122 3 4194304 2.000162639
31 62 3 4194304 2.000162742
7 91 3 4194304 2.000162781
48 50 3 4194304 2.000163163
63 93 3 4194304 2.000163178
70 93 3 4194304 2.000163919
110 76 3 4194304 2.000164501
110 47 3 4194304 2.000164698
118 50 3 4194304 2.000165218
29 5 3 4194304 2.000166042
73 20 3 4194304 2.000166109
116 34 3 4194304 2.000166879
75 106 3 4194304 2.000167103
11 123 3 4194304 2.000167288
65 88 3 4194304 2.000167412
45 61 3 4194304 2.000168080
64 72 3 4194304 2.000168084
62 119 3 4194304 2.000168435
114 34 3 4194304 2.000168818
110 86 3 4194304 2.000168982
53 32 3 4194304 2.000169089
13 9 3 4194304 2.000169738
81 82 3 4194304 2.000170098
23 36 3 4194304 2.000170558
20 98 3 4194304 2.000170765
104 53 3 4194304 2.000170775
110 102 3 4194304 2.000171146
6 27 3 4194304 2.000171441
114 55 3 4194304 2.000171508
110 95 3 4194304 2.000171788
68 110 3 4194304 2.000172109
102 60 3 4194304 2.000172285
38 20 3 4194304 2.000172543
14 55 3 4194304 2.000172999
126 88 3 4194304 2.000173107
117 22 3 4194304 2.000173310
98 4 3 4194304 2.000173311
1 2 3 4194304 2.000173493
36 106 3 4194304 2.000174249
12 115 3 4194304 2.000174850
76 116 3 4194304 2.000174919
7 46 3 4194304 2.000175185
79 7 3 4194304 2.000176355
4 104 3 4194304 2.000176568
8 61 3 4194304 2.000176618
18 39 3 4194304 2.000177082
70 3 3 4194304 2.000177349
46 103 3 4194304 2.000177652
57 62 3 4194304 2.000177725
85 41 3 4194304 2.000178582
74 42 3 4194304 2.000179073
127 77 3 4194304 2.000179538
110 58 3 4194304 2.000179629
35 50 3 4194304 2.000179815
71 127 3 4194304 2.000179893
28 50 3 4194304 2.000180580
127 80 3 4194304 2.000180672
89 40 3 4194304 2.000180791
60 1 3 4194304 2.000181080
112 67 3 4194304 2.000181296
16 113 3 4194304 2.000181582
50 51 3 4194304 2.000182437
37 126 3 4194304 2.000182903
77 119 3 4194304 2.000182908
34 75 3 4194304 2.000182964
81 83 3 4194304 2.000183171
61 66 3 4194304 2.000183274
21 78 3 4194304 2.000183764
122 67 3 4194304 2.000184149
4 124 3 4194304 2.000184275
59 119 3 4194304 2.000184504
92 112 3 4194304 2.000185057
57 16 3 4194304 2.000185432
85 30 3 4194304 2.000185499
15 73 3 4194304 2.000185693
113 38 3 4194304 2.000185730
76 29 3 4194304 2.000186187
8 96 3 4194304 2.000186262
19 3 3 4194304 2.000186273
72 68 3 4194304 2.000186589
0 37 3 4194304 2.000187393
45 78 3 4194304 2.000187584
4 42 3 4194304 2.000187693
118 68 3 4194304 2.000187833
55 94 3 4194304 2.000187864
68 28 3 4194304 2.000188287
80 15 3 4194304 2.000188418
122 77 3 4194304 2.000188946
64 102 3 4194304 2.000189222
32 63 3 4194304 2.000189346
91 113 3 4194304 2.000189368
34 76 3 4194304 2.000189867
71 87 3 4194304 2.000190183
53 122 3 4194304 2.000190798
15 74 3 4194304 2.000191643
119 65 3 4194304 2.000192528
120 107 3 4194304 2.000192738
64 5 3 4194304 2.000192750
18 33 3 4194304 2.000192756
72 22 3 4194304 2.000192847
88 105 3 4194304 2.000193158
61 58 3 4194304 2.000193436
91 68 3 4194304 2.000193782
65 102 3 4194304 2.000195134
36 117 3 4194304 2.000195405
35 76 3 4194304 2.000195765
63 55 3 4194304 2.000195900
51 89 3 4194304 2.000195905
41 26 3 4194304 2.000196297
78 101 3 4194304 2.000196470
87 2 3 4194304 2.000196677
84 74 3 4194304 2.000196794
47 24 3 4194304 2.000197318
26 86 3 4194304 2.000197510
96 94 3 4194304 2.000197646
30 118 3 4194304 2.000197648
1 100 3 4194304 2.000197748
15 112 3 4194304 2.000198121
107 104 3 4194304 2.000199034
18 38 3 4194304 2.000199241
17 69 3 4194304 2.000199479
41 65 3 4194304 2.000199965
70 100 3 4194304 2.000200240
89 72 3 4194304 2.000200443
1 31 3 4194304 2.000200653
34 4 3 4194304 2.000200726
86 70 3 4194304 2.000200864
104 36 3 4194304 2.000201015
4 103 3 4194304 2.000201242
7 119 3 4194304 2.000201988
84 15 3 4194304 2.000202216
1 36 3 4194304 2.000202481
121 54 3 4194304 2.000202583
78 58 3 4194304 2.000202634
40 29 3 4194304 2.000203100
5 127 3 4194304 2.000203545
32 117 3 4194304 2.000203622
41 24 3 4194304 2.000203844
106 100 3 4194304 2.000204044
74 28 3 4194304 2.000204380
104 89 3 4194304 2.000204659
6 16 3 4194304 2.000204748
58 99 3 4194304 2.000204864
124 31 3 4194304 2.000205570
51 74 3 4194304 2.000206022
47 11 3 4194304 2.000206085
106 56 3 4194304 2.000207058
121 48 3 4194304 2.000207256
30 57 3 4194304 2.000207262
60 52 3 4194304 2.000207988
29 102 3 4194304 2.000208202
13 74 3 4194304 2.000208956
104 122 3 4194304 2.000209199
100 67 3 4194304 2.000209398
92 91 3 4194304 2.000209468
88 75 3 4194304 2.000209943
62 116 3 4194304 2.000210395
47 75 3 4194304 2.000210505
33 91 3 4194304 2.000210585
84 70 3 4194304 2.000211090
113 65 3 4194304 2.000211091
63 83 3 4194304 2.000211524
34 48 3 4194304 2.000211563
53 101 3 4194304 2.000211869
89 19 3 4194304 2.000211929
73 22 3 4194304 2.000212074
76 4 3 4194304 2.000212614
60 77 3 4194304 2.000212737
56 98 3 4194304 2.000213193
57 84 3 4194304 2.000213867
62 65 3 4194304 2.000214383
16 81 3 4194304 2.000214699
63 61 3 4194304 2.000214754
47 106 3 4194304 2.000215361
65 40 3 4194304 2.000216324
82 112 3 4194304 2.000216683
124 28 3 4194304 2.000216726
45 113 3 4194304 2.000216730
70 58 3 4194304 2.000218207
74 85 3 4194304 2.000218837
57 126 3 4194304 2.000218937
107 20 3 4194304 2.000219945
24 97 3 4194304 2.000219959
122 126 3 4194304 2.000220375
109 85 3 4194304 2.000220461
85 95 3 4194304 2.000220493
109 108 3 4194304 2.000220579
22 45 3 4194304 2.000221054
78 0 3 4194304 2.000221891
114 120 3 4194304 2.000221899
45 35 3 4194304 2.000222377
112 75 3 4194304 2.000222815
48 59 3 4194304 2.000222871
97 80 3 4194304 2.000223144
6 127 3 4194304 2.000223632
9 51 3 4194304 2.000223728
87 61 3 4194304 2.000224201
68 64 3 4194304 2.000224303
108 89 3 4194304 2.000224329
107 82 3 4194304 2.000224439
24 4 3 4194304 2.000224485
56 111 3 4194304 2.000224732
121 37 3 4194304 2.000224959
76 95 3 4194304 2.000225404
63 51 3 4194304 2.000225621
22 7 3 4194304 2.000226207
94 105 3 4194304 2.000226467
63 89 3 4194304 2.000226763
52 112 3 4194304 2.000227109
99 127 3 4194304 2.000227186
6 12 3 4194304 2.000227635
71 62 3 4194304 2.000228143
121 44 3 4194304 2.000228895
39 122 3 4194304 2.000229269
58 97 3 4194304 2.000230506
99 120 3 4194304 2.000230641
48 34 3 4194304 2.000231103
65 12 3 4194304 2.000231105
11 110 3 4194304 2.000231350
106 55 3 4194304 2.000231512
110 45 3 4194304 2.000231555
33 44 3 4194304 2.000231817
89 34 3 4194304 2.000231917
22 3 3 4194304 2.000232446
111 43 3 4194304 2.000232850
37 13 3 4194304 2.000232877
9 73 3 4194304 2.000233217
96 76 3 4194304 2.000233246
39 121 3 4194304 2.000233308
88 84 3 4194304 2.000233668
38 61 3 4194304 2.000233899
4 112 3 4194304 2.000234187
115 41 3 4194304 2.000234304
105 28 3 4194304 2.000234439
95 73 3 4194304 2.000234826
104 30 3 4194304 2.000235140
109 16 3 4194304 2.000235395
103 28 3 4194304 2.000235684
6 41 3 4194304 2.000235845
19 34 3 4194304 2.000236076
47 100 3 4194304 2.000236706
68 117 3 4194304 2.000237033
70 83 3 4194304 2.000237053
35 28 3 4194304 2.000237208
115 92 3 4194304 2.000237570
119 45 3 4194304 2.000237726
48 115 3 4194304 2.000237838
79 89 3 4194304 2.000238107
65 6 3 4194304 2.000238460
94 71 3 4194304 2.000239306
1 5 3 4194304 2.000239423
31 52 3 4194304 2.000239919
12 51 3 4194304 2.000240703
61 36 3 4194304 2.000241332
123 107 3 4194304 2.000241340
68 99 3 4194304 2.000241717
49 71 3 4194304 2.000241948
10 14 3 4194304 2.000241985
88 119 3 4194304 2.000243153
19 112 3 4194304 2.000243356
15 69 3 4194304 2.000244158
83 7 3 4194304 2.000244274
48 35 3 4194304 2.000244411
92 122 3 4194304 2.000244874
106 19 3 4194304 2.000245072
36 78 3 4194304 2.000246349
16 57 3 4194304 2.000246409
0 4 3 4194304 2.000246457
80 13 3 4194304 2.000246509
104 6 3 4194304 2.000246855
90 95 3 4194304 2.000247257
92 101 3 4194304 2.000247619
127 102 3 4194304 2.000248138
71 98 3 4194304 2.000248541
57 42 3 4194304 2.000248654
59 56 3 4194304 2.000248937
43 58 3 4194304 2.000249157
42 104 3 4194304 2.000249198
85 59 3 4194304 2.000249227
64 57 3 4194304 2.000249670
15 68 3 4194304 2.000249687
73 21 3 4194304 2.000250541
13 119 3 4194304 2.000250743
46 38 3 4194304 2.000250875
114 90 3 4194304 2.000252938
67 54 3 4194304 2.000253188
50 2 3 4194304 2.000253706
97 63 3 4194304 2.000253813
82 92 3 4194304 2.000253872
66 41 3 4194304 2.000253989
122 10 3 4194304 2.000254100
60 58 3 4194304 2.000254568
116 9 3 4194304 2.000254620
126 96 3 4194304 2.000254760
68 47 3 4194304 2.000254917
102 63 3 4194304 2.000255550
100 46 3 4194304 2.000255733
28 1 3 4194304 2.000256375
110 29 3 4194304 2.000256848
76 16 3 4194304 2.000256985
1 108 3 4194304 2.000257490
103 107 3 4194304 2.000259624
80 96 3 4194304 2.000259670
18 7 3 4194304 2.000259874
70 14 3 4194304 2.000260061
73 49 3 4194304 2.000260265
72 35 3 4194304 2.000260288
86 89 3 4194304 2.000260348
23 106 3 4194304 2.000260710
94 62 3 4194304 2.000260804
96 123 3 4194304 2.000260941
43 10 3 4194304 2.000260985
60 86 3 4194304 2.000261035
23 31 3 4194304 2.000261137
54 89 3 4194304 2.000261713
99 123 3 4194304 2.000261900
77 52 3 4194304 2.000262171
6 112 3 4194304 2.000262803
74 93 3 4194304 2.000263022
14 104 3 4194304 2.000263608
94 39 3 4194304 2.000263815
80 9 3 4194304 2.000264038
71 93 3 4194304 2.000264236
1 61 3 4194304 2.000266076
90 69 3 4194304 2.000266119
122 100 3 4194304 2.000266264
121 70 3 4194304 2.000266371
118 111 3 4194304 2.000266552
83 105 3 4194304 2.000267179
114 9 3 4194304 2.000267512
42 22 3 4194304 2.000267935
113 86 3 4194304 2.000268444
83 22 3 4194304 2.000268852
20 72 3 4194304 2.000270630
0 54 3 4194304 2.000271061
96 107 3 4194304 2.000272006
71 18 3 4194304 2.000272299
42 15 3 4194304 2.000272774
57 92 3 4194304 2.000273104
47 103 3 4194304 2.000273365
51 88 3 4194304 2.000273457
107 59 3 4194304 2.000273528
92 120 3 4194304 2.000273613
69 50 3 4194304 2.000273627
113 122 3 4194304 2.000273934
76 93 3 4194304 2.000273985
100 112 3 4194304 2.000274080
45 91 3 4194304 2.000274381
18 92 3 4194304 2.000275569
27 61 3 4194304 2.000275769
51 126 3 4194304 2.000275769
10 67 3 4194304 2.000275826
101 29 3 4194304 2.000276009
61 89 3 4194304 2.000276703
96 114 3 4194304 2.000276904
86 106 3 4194304 2.000277070
3 65 3 4194304 2.000277445
118 6 3 4194304 2.000277691
58 77 3 4194304 2.000277770
34 46 3 4194304 2.000278452
19 47 3 4194304 2.000278525
43 36 3 4194304 2.000278697
90 41 3 4194304 2.000278727
55 79 3 4194304 2.000280064
46 71 3 4194304 2.000280605
25 18 3 4194304 2.000280847
8 121 3 4194304 2.000280872
90 38 3 4194304 2.000280878
12 24 3 4194304 2.000281104
81 114 3 4194304 2.000281748
71 23 3 4194304 2.000282093
41 80 3 4194304 2.000282221
74 17 3 4194304 2.000282450
98 60 3 4194304 2.000282456
114 17 3 4194304 2.000282469
98 50 3 4194304 2.000282506
89 117 3 4194304 2.000282777
62 58 3 4194304 2.000282884
75 118 3 4194304 2.000282975
7 92 3 4194304 2.000283172
38 80 3 4194304 2.000283225
19 55 3 4194304 2.000283303
69 4 3 4194304 2.000283417
49 31 3 4194304 2.000283842
123 105 3 4194304 2.000284093
119 37 3 4194304 2.000284151
79 59 3 4194304 2.000284400
19 7 3 4194304 2.000284582
50 36 3 4194304 2.000284791
90 66 3 4194304 2.000284874
49 41 3 4194304 2.000285235
64 111 3 4194304 2.000285595
8 123 3 4194304 2.000285604
73 113 3 4194304 2.000286372
81 60 3 4194304 2.000286411
109 26 3 4194304 2.000287107
111 11 3 4194304 2.000287157
59 18 3 4194304 2.000287650
67 5 3 4194304 2.000287856
41 31 3 4194304 2.000287961
71 86 3 4194304 2.000288231
11 36 3 4194304 2.000288433
78 97 3 4194304 2.000288459
12 97 3 4194304 2.000288855
8 31 3 4194304 2.000289353
10 77 3 4194304 2.000289359
76 13 3 4194304 2.000289462
58 61 3 4194304 2.000289539
117 20 3 4194304 2.000289766
83 97 3 4194304 2.000290226
115 85 3 4194304 2.000290895
121 80 3 4194304 2.000291091
118 91 3 4194304 2.000291167
5 3 3 4194304 2.000291966
17 97 3 4194304 2.000292020
77 122 3 4194304 2.000292054
63 59 3 4194304 2.000292863
55 17 3 4194304 2.000293377
82 16 3 4194304 2.000294053
101 109 3 4194304 2.000294065
10 46 3 4194304 2.000295337
84 41 3 4194304 2.000295505
62 95 3 4194304 2.000296437
35 86 3 4194304 2.000296511
35 11 3 4194304 2.000296812
56 34 3 4194304 2.000296991
104 52 3 4194304 2.000298176
56 106 3 4194304 2.000298202
85 126 3 4194304 2.000298616
3 119 3 4194304 2.000300394
102 65 3 4194304 2.000300395
125 112 3 4194304 2.000300500
33 32 3 4194304 2.000300987
116 73 3 4194304 2.000301070
117 53 3 4194304 2.000301325
108 33 3 4194304 2.000301585
0 63 3 4194304 2.000302263
66 102 3 4194304 2.000302733
37 71 3 4194304 2.000302758
46 94 3 4194304 2.000302927
55 111 3 4194304 2.000303197
1 103 3 4194304 2.000303704
8 118 3 4194304 2.000303760
121 82 3 4194304 2.000304120
58 53 3 4194304 2.000304775
91 54 3 4194304 2.000305525
58 84 3 4194304 2.000305674
80 123 3 4194304 2.000306514
8 100 3 4194304 2.000306959
125 22 3 4194304 2.000307083
50 41 3 4194304 2.000307994
95 37 3 4194304 2.000308832
0 74 3 4194304 2.000309083
93 52 3 4194304 2.000310149
90 20 3 4194304 2.000310357
93 66 3 4194304 2.000310814
28 125 3 4194304 2.000310859
85 53 3 4194304 2.000311033
33 17 3 4194304 2.000311277
4 111 3 4194304 2.000312146
20 92 3 4194304 2.000312435
10 39 3 4194304 2.000313984
72 115 3 4194304 2.000314395
41 25 3 4194304 2.000314693
31 32 3 4194304 2.000315017
126 111 3 4194304 2.000315798
16 125 3 4194304 2.000315812
108 105 3 4194304 2.000315908
103 99 3 4194304 2.000315971
32 16 3 4194304 2.000316119
96 32 3 4194304 2.000316385
9 61 3 4194304 2.000316637
88 77 3 4194304 2.000316767
100 38 3 4194304 2.000316870
73 11 3 4194304 2.000317007
25 41 3 4194304 2.000317034
4 34 3 4194304 2.000317113
31 57 3 4194304 2.000317238
108 112 3 4194304 2.000317311
86 3 3 4194304 2.000319110
98 35 3 4194304 2.000319177
61 42 3 4194304 2.000319365
110 30 3 4194304 2.000319543
82 9 3 4194304 2.000320135
112 43 3 4194304 2.000320272
1 88 3 4194304 2.000320367
44 81 3 4194304 2.000320537
10 85 3 4194304 2.000321042
64 4 3 4194304 2.000321375
55 36 3 4194304 2.000321388
93 84 3 4194304 2.000321816
117 41 3 4194304 2.000321917
124 100 3 4194304 2.000322199
45 39 3 4194304 2.000322321
70 56 3 4194304 2.000322623
19 70 3 4194304 2.000322790
97 7 3 4194304 2.000323205
43 3 3 4194304 2.000323610
21 110 3 4194304 2.000323705
59 40 3 4194304 2.000324770
10 42 3 4194304 2.000324820
78 16 3 4194304 2.000324957
72 123 3 4194304 2.000325140
92 96 3 4194304 2.000325152
13 17 3 4194304 2.000325507
75 37 3 4194304 2.000325615
84 13 3 4194304 2.000325961
5 89 3 4194304 2.000326002
107 4 3 4194304 2.000326010
17 74 3 4194304 2.000326131
58 91 3 4194304 2.000326613
14 84 3 4194304 2.000326914
17 120 3 4194304 2.000327821
73 107 3 4194304 2.000327934
63 104 3 4194304 2.000328227
103 3 3 4194304 2.000328424
5 81 3 4194304 2.000328448
82 14 3 4194304 2.000329531
2 81 3 4194304 2.000330036
65 62 3 4194304 2.000330704
67 119 3 4194304 2.000330828
112 65 3 4194304 2.000332009
20 67 3 4194304 2.000332656
5 48 3 4194304 2.000332691
111 74 3 4194304 2.000333053
111 44 3 4194304 2.000333151
4 17 3 4194304 2.000333182
23 41 3 4194304 2.000333339
72 116 3 4194304 2.000333443
76 81 3 4194304 2.000333526
61 21 3 4194304 2.000333747
47 65 3 4194304 2.000333757
78 42 3 4194304 2.000335264
60 108 3 4194304 2.000335667
12 11 3 4194304 2.000335827
70 79 3 4194304 2.000336451
58 111 3 4194304 2.000336550
119 66 3 4194304 2.000336628
18 11 3 4194304 2.000336670
17 12 3 4194304 2.000336716
80 69 3 4194304 2.000336717
43 2 3 4194304 2.000337170
43 46 3 4194304 2.000337408
111 79 3 4194304 2.000337867
118 46 3 4194304 2.000337985
7 2 3 4194304 2.000338094
1 124 3 4194304 2.000338550
119 76 3 4194304 2.000338667
115 5 3 4194304 2.000339231
29 41 3 4194304 2.000339551
86 88 3 4194304 2.000339708
22 24 3 4194304 2.000340174
116 62 3 4194304 2.000340612
90 35 3 4194304 2.000340726
99 16 3 4194304 2.000340734
82 84 3 4194304 2.000341231
110 93 3 4194304 2.000341333
67 47 3 4194304 2.000341336
121 72 3 4194304 2.000341380
77 61 3 4194304 2.000341600
11 78 3 4194304 2.000341698
109 58 3 4194304 2.000342035
35 79 3 4194304 2.000342530
31 118 3 4194304 2.000342872
52 104 3 4194304 2.000343117
15 21 3 4194304 2.000343659
115 15 3 4194304 2.000343821
95 125 3 4194304 2.000344763
58 68 3 4194304 2.000345094
65 9 3 4194304 2.000345329
86 28 3 4194304 2.000345617
111 4 3 4194304 2.000345811
80 8 3 4194304 2.000345817
126 119 3 4194304 2.000345824
61 108 3 4194304 2.000345887
80 62 3 4194304 2.000346265
99 85 3 4194304 2.000346538
85 29 3 4194304 2.000346562
73 123 3 4194304 2.000347275
89 105 3 4194304 2.000347306
31 34 3 4194304 2.000347436
73 23 3 4194304 2.000347838
5 75 3 4194304 2.000348461
49 18 3 4194304 2.000348487
113 53 3 4194304 2.000349210
93 25 3 4194304 2.000349545
44 102 3 4194304 2.000349905
89 53 3 4194304 2.000350141
50 38 3 4194304 2.000350221
87 58 3 4194304 2.000350532
36 93 3 4194304 2.000350548
43 34 3 4194304 2.000351034
33 111 3 4194304 2.000351129
84 43 3 4194304 2.000351199
65 4 3 4194304 2.000351308
75 101 3 4194304 2.000351365
98 27 3 4194304 2.000351486
66 84 3 4194304 2.000351890
19 92 3 4194304 2.000352447
72 32 3 4194304 2.000352513
118 15 3 4194304 2.000352653
96 2 3 4194304 2.000352918
23 9 3 4194304 2.000353324
52 37 3 4194304 2.000353748
76 48 3 4194304 2.000353799
20 94 3 4194304 2.000354207
126 102 3 4194304 2.000354457
124 45 3 4194304 2.000354835
102 104 3 4194304 2.000355263
71 70 3 4194304 2.000355548
82 73 3 4194304 2.000355653
44 17 3 4194304 2.000355672
71 41 3 4194304 2.000355707
0 7 3 4194304 2.000355892
30 56 3 4194304 2.000355990
1 60 3 4194304 2.000356525
23 50 3 4194304 2.000356991
89 48 3 4194304 2.000357195
16 77 3 4194304 2.000357779
60 102 3 4194304 2.000358714
89 95 3 4194304 2.000359133
121 122 3 4194304 2.000359205
3 110 3 4194304 2.000359253
81 75 3 4194304 2.000359640
75 30 3 4194304 2.000359951
78 81 3 4194304 2.000360448
42 108 3 4194304 2.000360569
126 110 3 4194304 2.000360723
90 68 3 4194304 2.000360862
58 50 3 4194304 2.000360931
98 54 3 4194304 2.000361115
6 35 3 4194304 2.000361600
118 47 3 4194304 2.000361790
97 99 3 4194304 2.000362062
21 36 3 4194304 2.000362255
90 9 3 4194304 2.000362304
33 53 3 4194304 2.000362352
127 40 3 4194304 2.000362484
53 103 3 4194304 2.000362861
31 0 3 4194304 2.000363440
42 29 3 4194304 2.000363511
70 107 3 4194304 2.000364452
99 86 3 4194304 2.000364488
78 99 3 4194304 2.000364973
95 43 3 4194304 2.000365050
22 12 3 4194304 2.000365075
85 121 3 4194304 2.000365506
27 48 3 4194304 2.000365552
25 40 3 4194304 2.000365591
8 115 3 4194304 2.000365696
40 18 3 4194304 2.000365795
6 110 3 4194304 2.000366582
37 0 3 4194304 2.000367884
48 36 3 4194304 2.000368049
116 53 3 4194304 2.000368133
112 120 3 4194304 2.000368601
60 65 3 4194304 2.000368934
111 25 3 4194304 2.000369319
18 56 3 4194304 2.000369402
126 68 3 4194304 2.000369805
106 18 3 4194304 2.000370098
83 51 3 4194304 2.000370144
48 98 3 4194304 2.000370392
123 56 3 4194304 2.000370903
76 77 3 4194304 2.000371221
28 4 3 4194304 2.000371538
69 122 3 4194304 2.000371570
26 46 3 4194304 2.000372226
37 109 3 4194304 2.000372844
26 52 3 4194304 2.000372969
84 35 3 4194304 2.000373034
122 21 3 4194304 2.000373210
18 70 3 4194304 2.000373635
47 83 3 4194304 2.000374255
100 68 3 4194304 2.000374450
89 70 3 4194304 2.000374637
90 91 3 4194304 2.000374656
112 92 3 4194304 2.000375103
3 51 3 4194304 2.000375975
43 27 3 4194304 2.000376014
75 127 3 4194304 2.000376785
124 48 3 4194304 2.000377064
48 61 3 4194304 2.000377227
49 108 3 4194304 2.000378095
53 98 3 4194304 2.000378605
124 53 3 4194304 2.000378634
47 7 3 4194304 2.000378897
34 113 3 4194304 2.000379020
122 91 3 4194304 2.000379150
101 47 3 4194304 2.000379836
38 57 3 4194304 2.000379877
85 38 3 4194304 2.000380442
107 118 3 4194304 2.000380466
3 45 3 4194304 2.000380512
121 124 3 4194304 2.000380580
28 47 3 4194304 2.000380732
45 44 3 4194304 2.000381223
40 12 3 4194304 2.000381887
90 18 3 4194304 2.000381986
36 31 3 4194304 2.000382333
109 50 3 4194304 2.000382357
123 54 3 4194304 2.000382435
13 71 3 4194304 2.000383003
114 91 3 4194304 2.000384059
66 127 3 4194304 2.000385624
82 44 3 4194304 2.000385634
109 103 3 4194304 2.000386429
89 52 3 4194304 2.000386584
122 97 3 4194304 2.000386955
60 59 3 4194304 2.000387011
53 63 3 4194304 2.000387049
123 16 3 4194304 2.000387293
62 126 3 4194304 2.000387479
5 111 3 4194304 2.000387524
0 30 3 4194304 2.000387696
114 117 3 4194304 2.000387961
13 67 3 4194304 2.000388529
71 44 3 4194304 2.000388554
126 73 3 4194304 2.000388868
7 98 3 4194304 2.000389189
54 32 3 4194304 2.000390328
8 76 3 4194304 2.000390381
78 30 3 4194304 2.000390981
12 82 3 4194304 2.000391325
63 17 3 4194304 2.000391341
99 109 3 4194304 2.000391984
118 105 3 4194304 2.000392023
29 103 3 4194304 2.000392248
95 0 3 4194304 2.000393172
28 77 3 4194304 2.000393217
70 106 3 4194304 2.000393714
121 32 3 4194304 2.000394361
111 113 3 4194304 2.000395077
72 33 3 4194304 2.000395148
32 31 3 4194304 2.000395502
8 106 3 4194304 2.000395571
25 12 3 4194304 2.000395812
27 20 3 4194304 2.000395903
12 74 3 4194304 2.000396275
61 22 3 4194304 2.000396519
126 50 3 4194304 2.000397090
102 48 3 4194304 2.000397109
5 100 3 4194304 2.000397244
86 98 3 4194304 2.000397943
67 11 3 4194304 2.000398149
92 124 3 4194304 2.000398985
118 81 3 4194304 2.000399035
71 0 3 4194304 2.000399058
116 39 3 4194304 2.000399769
105 0 3 4194304 2.000399998
65 60 3 4194304 2.000400778
48 30 3 4194304 2.000401010
70 30 3 4194304 2.000401379
17 42 3 4194304 2.000401391
79 73 3 4194304 2.000401391
62 16 3 4194304 2.000401920
117 115 3 4194304 2.000403164
40 80 3 4194304 2.000403394
92 111 3 4194304 2.000403659
55 6 3 4194304 2.000403664
87 9 3 4194304 2.000403753
47 125 3 4194304 2.000406251
22 125 3 4194304 2.000406295
40 32 3 4194304 2.000406457
113 100 3 4194304 2.000406694
20 55 3 4194304 2.000407594
80 116 3 4194304 2.000407710
74 112 3 4194304 2.000407752
18 1 3 4194304 2.000407818
118 26 3 4194304 2.000408007
7 96 3 4194304 2.000408314
106 10 3 4194304 2.000408648
53 81 3 4194304 2.000409411
24 50 3 4194304 2.000409850
112 32 3 4194304 2.000410216
91 82 3 4194304 2.000410436
43 105 3 4194304 2.000410575
123 53 3 4194304 2.000410938
103 47 3 4194304 2.000411717
76 30 3 4194304 2.000411772
19 89 3 4194304 2.000412333
84 18 3 4194304 2.000412622
27 95 3 4194304 2.000413227
96 34 3 4194304 2.000413308
97 98 3 4194304 2.000413578
67 108 3 4194304 2.000413823
4 115 3 4194304 2.000413959
50 26 3 4194304 2.000414131
81 41 3 4194304 2.000415309
105 86 3 4194304 2.000416022
27 82 3 4194304 2.000416179
104 48 3 4194304 2.000416660
52 8 3 4194304 2.000417294
91 9 3 4194304 2.000417585
66 89 3 4194304 2.000417756
90 40 3 4194304 2.000418096
18 90 3 4194304 2.000418279
35 103 3 4194304 2.000418412
20 125 3 4194304 2.000418544
14 48 3 4194304 2.000419146
55 32 3 4194304 2.000419838
103 60 3 4194304 2.000420743
45 77 3 4194304 2.000421012
16 98 3 4194304 2.000421224
121 108 3 4194304 2.000421559
42 60 3 4194304 2.000421640
85 28 3 4194304 2.000421689
94 119 3 4194304 2.000422267
110 75 3 4194304 2.000422445
38 98 3 4194304 2.000422761
106 13 3 4194304 2.000423382
49 103 3 4194304 2.000424136
25 24 3 4194304 2.000424376
53 69 3 4194304 2.000424480
116 117 3 4194304 2.000425115
99 28 3 4194304 2.000425494
23 17 3 4194304 2.000425625
41 97 3 4194304 2.000425758
64 42 3 4194304 2.000425989
100 33 3 4194304 2.000426508
25 109 3 4194304 2.000427613
67 94 3 4194304 2.000427695
111 112 3 4194304 2.000427840
18 46 3 4194304 2.000428087
105 3 3 4194304 2.000428181
1 25 3 4194304 2.000428305
92 97 3 4194304 2.000428435
89 33 3 4194304 2.000429392
90 36 3 4194304 2.000429970
84 53 3 4194304 2.000430213
96 74 3 4194304 2.000430657
62 22 3 4194304 2.000430776
8 26 3 4194304 2.000431029
13 8 3 4194304 2.000431149
72 70 3 4194304 2.000431477
76 106 3 4194304 2.000431869
53 58 3 4194304 2.000432314
102 56 3 4194304 2.000433520
61 109 3 4194304 2.000433598
48 69 3 4194304 2.000433831
25 68 3 4194304 2.000433991
57 49 3 4194304 2.000434081
68 76 3 4194304 2.000434787
17 96 3 4194304 2.000434885
87 24 3 4194304 2.000435010
18 68 3 4194304 2.000435589
92 21 3 4194304 2.000435630
1 83 3 4194304 2.000436234
64 55 3 4194304 2.000436336
39 112 3 4194304 2.000436498
71 68 3 4194304 2.000437060
11 81 3 4194304 2.000437189
37 86 3 4194304 2.000438026
83 94 3 4194304 2.000438170
70 8 3 4194304 2.000438474
112 70 3 4194304 2.000439733
24 119 3 4194304 2.000440495
117 10 3 4194304 2.000440576
40 11 3 4194304 2.000441147
48 89 3 4194304 2.000441159
102 100 3 4194304 2.000441273
104 38 3 4194304 2.000442022
71 24 3 4194304 2.000442576
51 91 3 4194304 2.000443013
107 51 3 4194304 2.000443799
4 105 3 4194304 2.000443805
102 32 3 4194304 2.000443932
10 27 3 4194304 2.000443995
84 108 3 4194304 2.000444382
100 121 3 4194304 2.000444471
63 24 3 4194304 2.000445007
105 38 3 4194304 2.000445042
61 44 3 4194304 2.000445529
61 81 3 4194304 2.000446028
52 101 3 4194304 2.000446090
12 57 3 4194304 2.000446297
24 74 3 4194304 2.000446676
61 119 3 4194304 2.000446952
23 120 3 4194304 2.000447081
43 108 3 4194304 2.000447157
61 104 3 4194304 2.000447205
67 19 3 4194304 2.000447601
116 99 3 4194304 2.000447713
84 92 3 4194304 2.000448350
123 31 3 4194304 2.000448986
19 66 3 4194304 2.000449233
110 33 3 4194304 2.000449380
100 83 3 4194304 2.000449713
126 81 3 4194304 2.000449723
35 119 3 4194304 2.000450159
89 32 3 4194304 2.000450160
120 68 3 4194304 2.000450349
96 93 3 4194304 2.000450884
67 38 3 4194304 2.000451130
109 64 3 4194304 2.000451603
80 45 3 4194304 2.000451700
74 67 3 4194304 2.000451710
61 40 3 4194304 2.000451886
110 41 3 4194304 2.000452464
88 47 3 4194304 2.000452533
46 37 3 4194304 2.000452574
100 35 3 4194304 2.000452767
90 25 3 4194304 2.000452817
56 28 3 4194304 2.000452918
101 56 3 4194304 2.000453198
6 121 3 4194304 2.000453235
10 23 3 4194304 2.000453671
53 83 3 4194304 2.000453829
46 67 3 4194304 2.000453854
30 36 3 4194304 2.000454036
108 47 3 4194304 2.000454113
85 2 3 4194304 2.000454644
120 37 3 4194304 2.000455199
73 97 3 4194304 2.000455283
122 43 3 4194304 2.000455588
95 104 3 4194304 2.000455905
34 122 3 4194304 2.000455910
33 46 3 4194304 2.000456340
38 104 3 4194304 2.000456528
17 43 3 4194304 2.000456818
61 96 3 4194304 2.000457558
89 88 3 4194304 2.000457726
15 106 3 4194304 2.000457736
41 8 3 4194304 2.000457922
94 30 3 4194304 2.000458311
108 48 3 4194304 2.000458595
52 74 3 4194304 2.000458706
10 47 3 4194304 2.000458793
101 31 3 4194304 2.000458986
108 82 3 4194304 2.000459208
10 94 3 4194304 2.000459345
38 90 3 4194304 2.000460088
60 23 3 4194304 2.000460316
127 26 3 4194304 2.000460647
10 15 3 4194304 2.000460689
109 18 3 4194304 2.000460926
34 67 3 4194304 2.000461266
43 0 3 4194304 2.000461331
22 16 3 4194304 2.000461955
5 85 3 4194304 2.000462341
127 38 3 4194304 2.000462378
14 72 3 4194304 2.000463157
44 66 3 4194304 2.000463337
98 47 3 4194304 2.000463595
90 111 3 4194304 2.000463914
9 12 3 4194304 2.000464144
25 35 3 4194304 2.000464349
122 40 3 4194304 2.000466377
29 54 3 4194304 2.000466787
106 53 3 4194304 2.000467068
82 20 3 4194304 2.000467107
97 42 3 4194304 2.000467503
108 123 3 4194304 2.000467597
95 119 3 4194304 2.000467632
13 89 3 4194304 2.000468322
71 100 3 4194304 2.000468991
107 74 3 4194304 2.000469785
113 34 3 4194304 2.000470092
89 55 3 4194304 2.000470311
98 125 3 4194304 2.000471025
13 65 3 4194304 2.000471215
74 40 3 4194304 2.000471308
29 97 3 4194304 2.000471619
75 76 3 4194304 2.000471826
48 96 3 4194304 2.000472484
119 44 3 4194304 2.000472904
15 41 3 4194304 2.000473547
83 77 3 4194304 2.000473570
52 10 3 4194304 2.000473618
116 78 3 4194304 2.000473772
18 27 3 4194304 2.000473836
57 73 3 4194304 2.000473959
14 95 3 4194304 2.000474171
37 72 3 4194304 2.000474671
42 33 3 4194304 2.000474726
34 47 3 4194304 2.000474771
41 42 3 4194304 2.000475018
12 46 3 4194304 2.000475327
24 41 3 4194304 2.000475663
64 81 3 4194304 2.000475776
8 42 3 4194304 2.000476138
4 61 3 4194304 2.000476298
76 18 3 4194304 2.000477060
67 78 3 4194304 2.000478421
34 73 3 4194304 2.000478459
56 107 3 4194304 2.000478460
57 111 3 4194304 2.000478681
55 65 3 4194304 2.000478749
23 107 3 4194304 2.000479038
5 68 3 4194304 2.000479269
39 101 3 4194304 2.000479565
98 34 3 4194304 2.000480042
101 95 3 4194304 2.000480347
45 118 3 4194304 2.000480558
97 1 3 4194304 2.000481061
103 75 3 4194304 2.000481355
88 125 3 4194304 2.000481745
19 1 3 4194304 2.000482333
70 123 3 4194304 2.000482718
45 42 3 4194304 2.000482721
12 90 3 4194304 2.000482732
92 5 3 4194304 2.000482872
24 89 3 4194304 2.000482967
108 23 3 4194304 2.000483332
64 8 3 4194304 2.000483503
121 83 3 4194304 2.000483570
109 2 3 4194304 2.000484097
71 82 3 4194304 2.000484273
89 25 3 4194304 2.000484422
100 49 3 4194304 2.000485660
5 88 3 4194304 2.000485704
83 123 3 4194304 2.000485740
75 16 3 4194304 2.000485800
0 120 3 4194304 2.000486158
117 23 3 4194304 2.000486585
39 32 3 4194304 2.000486680
109 53 3 4194304 2.000486709
68 36 3 4194304 2.000487263
42 62 3 4194304 2.000487566
24 67 3 4194304 2.000487751
115 87 3 4194304 2.000487923
126 31 3 4194304 2.000487924
73 75 3 4194304 2.000488439
22 17 3 4194304 2.000488923
6 106 3 4194304 2.000489145
57 7 3 4194304 2.000489178
3 10 3 4194304 2.000489194
0 51 3 4194304 2.000490413
12 75 3 4194304 2.000490426
114 40 3 4194304 2.000490889
28 63 3 4194304 2.000491380
47 9 3 4194304 2.000491520
1 30 3 4194304 2.000492089
42 121 3 4194304 2.000492376
66 115 3 4194304 2.000492459
73 108 3 4194304 2.000492460
18 37 3 4194304 2.000493146
15 47 3 4194304 2.000493406
88 15 3 4194304 2.000493488
14 65 3 4194304 2.000493603
102 18 3 4194304 2.000494027
83 67 3 4194304 2.000494278
29 19 3 4194304 2.000494419
2 12 3 4194304 2.000494809
121 62 3 4194304 2.000495306
52 73 3 4194304 2.000495321
43 18 3 4194304 2.000495505
92 31 3 4194304 2.000495817
114 75 3 4194304 2.000496033
30 100 3 4194304 2.000496063
26 60 3 4194304 2.000496188
121 102 3 4194304 2.000496213
86 62 3 4194304 2.000496356
15 125 3 4194304 2.000496986
90 8 3 4194304 2.000497166
39 46 3 4194304 2.000497334
80 63 3 4194304 2.000497457
39 102 3 4194304 2.000497517
57 119 3 4194304 2.000497570
86 82 3 4194304 2.000497956
2 32 3 4194304 2.000498152
29 81 3 4194304 2.000498206
84 61 3 4194304 2.000498446
36 82 3 4194304 2.000498826
8 15 3 4194304 2.000498833
99 89 3 4194304 2.000498858
7 26 3 4194304 2.000499484
34 56 3 4194304 2.000499825
83 114 3 4194304 2.000499995
96 92 3 4194304 2.000500107
39 81 3 4194304 2.000500165
37 48 3 4194304 2.000500188
60 39 3 4194304 2.000501072
79 66 3 4194304 2.000501634
92 119 3 4194304 2.000501914
115 57 3 4194304 2.000502091
99 82 3 4194304 2.000502120
84 46 3 4194304 2.000502345
35 93 3 4194304 2.000502368
23 7 3 4194304 2.000502653
86 43 3 4194304 2.000502675
93 10 3 4194304 2.000503548
41 51 3 4194304 2.000503701
125 70 3 4194304 2.000503745
6 46 3 4194304 2.000504348
71 108 3 4194304 2.000504641
45 32 3 4194304 2.000505599
97 37 3 4194304 2.000505929
119 28 3 4194304 2.000506267
120 75 3 4194304 2.000506918
74 76 3 4194304 2.000507210
3 91 3 4194304 2.000507241
63 25 3 4194304 2.000507252
119 55 3 4194304 2.000507423
60 89 3 4194304 2.000507464
113 50 3 4194304 2.000507589
58 35 3 4194304 2.000507745
8 44 3 4194304 2.000507764
63 97 3 4194304 2.000507889
124 55 3 4194304 2.000508973
1 97 3 4194304 2.000509490
53 17 3 4194304 2.000509864
101 76 3 4194304 2.000510276
26 23 3 4194304 2.000510872
14 69 3 4194304 2.000511191
115 119 3 4194304 2.000512048
64 118 3 4194304 2.000512378
29 13 3 4194304 2.000512522
19 51 3 4194304 2.000513448
31 35 3 4194304 2.000513722
111 71 3 4194304 2.000513727
28 96 3 4194304 2.000513811
31 70 3 4194304 2.000514223
99 58 3 4194304 2.000516837
8 40 3 4194304 2.000516877
89 43 3 4194304 2.000516960
94 118 3 4194304 2.000516962
36 75 3 4194304 2.000517183
63 45 3 4194304 2.000517513
52 89 3 4194304 2.000517785
23 47 3 4194304 2.000518042
23 15 3 4194304 2.000518063
8 88 3 4194304 2.000518168
2 0 3 4194304 2.000518202
122 116 3 4194304 2.000518445
117 34 3 4194304 2.000518565
28 35 3 4194304 2.000518784
68 108 3 4194304 2.000519167
61 121 3 4194304 2.000519973
74 88 3 4194304 2.000520302
124 10 3 4194304 2.000520492
26 42 3 4194304 2.000520766
33 31 3 4194304 2.000521122
8 120 3 4194304 2.000521959
117 66 3 4194304 2.000522080
20 102 3 4194304 2.000522178
109 84 3 4194304 2.000522217
20 89 3 4194304 2.000522857
115 121 3 4194304 2.000523316
95 89 3 4194304 2.000523708
43 53 3 4194304 2.000523715
32 9 3 4194304 2.000524699
37 114 3 4194304 2.000524760
75 1 3 4194304 2.000525601
41 122 3 4194304 2.000526005
40 6 3 4194304 2.000526456
23 112 3 4194304 2.000526735
71 50 3 4194304 2.000526957
10 74 3 4194304 2.000527951
59 62 3 4194304 2.000528042
50 105 3 4194304 2.000528135
2 31 3 4194304 2.000528798
24 46 3 4194304 2.000528817
119 73 3 4194304 2.000529224
71 125 3 4194304 2.000529252
127 44 3 4194304 2.000529929
10 126 3 4194304 2.000530353
126 93 3 4194304 2.000531082
69 32 3 4194304 2.000531795
90 82 3 4194304 2.000531805
79 19 3 4194304 2.000532042
127 52 3 4194304 2.000532239
15 72 3 4194304 2.000532846
36 18 3 4194304 2.000534115
104 88 3 4194304 2.000534317
75 81 3 4194304 2.000534321
2 125 3 4194304 2.000534520
125 10 3 4194304 2.000534703
45 47 3 4194304 2.000534752
117 27 3 4194304 2.000535171
47 44 3 4194304 2.000535524
49 85 3 4194304 2.000535911
77 39 3 4194304 2.000535998
110 124 3 4194304 2.000536510
4 38 3 4194304 2.000537008
22 98 3 4194304 2.000537257
32 122 3 4194304 2.000537262
77 15 3 4194304 2.000537425
76 119 3 4194304 2.000538445
86 76 3 4194304 2.000539258
50 97 3 4194304 2.000539290
22 97 3 4194304 2.000540148
48 72 3 4194304 2.000540640
119 21 3 4194304 2.000540734
94 22 3 4194304 2.000540770
40 56 3 4194304 2.000540798
88 6 3 4194304 2.000540943
1 52 3 4194304 2.000541126
12 77 3 4194304 2.000541448
91 116 3 4194304 2.000541633
44 60 3 4194304 2.000542457
55 19 3 4194304 2.000542898
69 72 3 4194304 2.000543134
103 121 3 4194304 2.000543328
2 68 3 4194304 2.000543883
57 4 3 4194304 2.000544041
53 100 3 4194304 2.000544336
78 113 3 4194304 2.000545019
85 101 3 4194304 2.000545105
68 22 3 4194304 2.000545512
17 116 3 4194304 2.000545658
125 105 3 4194304 2.000546320
47 86 3 4194304 2.000547103
9 106 3 4194304 2.000547188
24 53 3 4194304 2.000547424
54 39 3 4194304 2.000547500
121 77 3 4194304 2.000547576
117 99 3 4194304 2.000547701
47 107 3 4194304 2.000547958
50 37 3 4194304 2.000548128
85 20 3 4194304 2.000548595
112 20 3 4194304 2.000548844
111 22 3 4194304 2.000549207
97 86 3 4194304 2.000549234
21 61 3 4194304 2.000549253
11 89 3 4194304 2.000549312
113 118 3 4194304 2.000549328
85 36 3 4194304 2.000549407
26 108 3 4194304 2.000549807
31 9 3 4194304 2.000550191
97 100 3 4194304 2.000550546
10 109 3 4194304 2.000550839
127 76 3 4194304 2.000551056
80 14 3 4194304 2.000551361
81 71 3 4194304 2.000551765
73 69 3 4194304 2.000552861
74 69 3 4194304 2.000553415
80 19 3 4194304 2.000553419
66 121 3 4194304 2.000553995
69 125 3 4194304 2.000554171
30 29 3 4194304 2.000554357
24 6 3 4194304 2.000554392
101 105 3 4194304 2.000554467
35 30 3 4194304 2.000554542
20 19 3 4194304 2.000555193
115 60 3 4194304 2.000555298
96 25 3 4194304 2.000555616
26 4 3 4194304 2.000555617
70 20 3 4194304 2.000556167
66 37 3 4194304 2.000556820
10 25 3 4194304 2.000556963
79 45 3 4194304 2.000557352
111 13 3 4194304 2.000558318
8 111 3 4194304 2.000558358
4 25 3 4194304 2.000559117
98 78 3 4194304 2.000559279
94 36 3 4194304 2.000559490
82 4 3 4194304 2.000560093
102 37 3 4194304 2.000560248
7 43 3 4194304 2.000561535
121 53 3 4194304 2.000562131
95 9 3 4194304 2.000563107
110 71 3 4194304 2.000563278
91 5 3 4194304 2.000563824
93 127 3 4194304 2.000564824
53 94 3 4194304 2.000564909
66 6 3 4194304 2.000565084
34 83 3 4194304 2.000565320
14 42 3 4194304 2.000566239
68 18 3 4194304 2.000566728
108 124 3 4194304 2.000566743
34 31 3 4194304 2.000566952
22 75 3 4194304 2.000566973
92 18 3 4194304 2.000567413
75 125 3 4194304 2.000567725
83 6 3 4194304 2.000567956
35 109 3 4194304 2.000568851
78 31 3 4194304 2.000569126
115 70 3 4194304 2.000569458
40 92 3 4194304 2.000570651
121 55 3 4194304 2.000570767
73 66 3 4194304 2.000571145
72 10 3 4194304 2.000571656
124 7 3 4194304 2.000571823
0 106 3 4194304 2.000571927
123 95 3 4194304 2.000572803
95 10 3 4194304 2.000573394
79 47 3 4194304 2.000573831
53 119 3 4194304 2.000573926
67 0 3 4194304 2.000574262
12 73 3 4194304 2.000574352
108 117 3 4194304 2.000575274
48 100 3 4194304 2.000575421
12 54 3 4194304 2.000575441
13 114 3 4194304 2.000575580
108 97 3 4194304 2.000575710
84 119 3 4194304 2.000576449
88 31 3 4194304 2.000576573
38 48 3 4194304 2.000576809
52 35 3 4194304 2.000576894
115 84 3 4194304 2.000577537
88 51 3 4194304 2.000577882
127 99 3 4194304 2.000577924
120 125 3 4194304 2.000577955
46 5 3 4194304 2.000578201
61 38 3 4194304 2.000578383
7 57 3 4194304 2.000578842
62 86 3 4194304 2.000579095
37 83 3 4194304 2.000579730
22 14 3 4194304 2.000579795
108 102 3 4194304 2.000579846
5 6 3 4194304 2.000579938
5 103 3 4194304 2.000580223
40 60 3 4194304 2.000581109
85 14 3 4194304 2.000581764
113 93 3 4194304 2.000582148
100 113 3 4194304 2.000582401
52 14 3 4194304 2.000583028
122 31 3 4194304 2.000583072
45 13 3 4194304 2.000583137
3 117 3 4194304 2.000583328
79 14 3 4194304 2.000583840
91 58 3 4194304 2.000584022
10 35 3 4194304 2.000584121
103 4 3 4194304 2.000584209
98 48 3 4194304 2.000584236
1 27 3 4194304 2.000584464
3 6 3 4194304 2.000585233
70 16 3 4194304 2.000586122
83 14 3 4194304 2.000586925
109 54 3 4194304 2.000586968
108 17 3 4194304 2.000587100
2 116 3 4194304 2.000587178
75 20 3 4194304 2.000587352
43 80 3 4194304 2.000587417
31 7 3 4194304 2.000587455
121 39 3 4194304 2.000587983
22 89 3 4194304 2.000588448
94 100 3 4194304 2.000588566
57 26 3 4194304 2.000588950
64 35 3 4194304 2.000590217
42 114 3 4194304 2.000590305
30 1 3 4194304 2.000590697
58 6 3 4194304 2.000590826
93 110 3 4194304 2.000590835
59 122 3 4194304 2.000590856
38 96 3 4194304 2.000591355
45 72 3 4194304 2.000591447
60 6 3 4194304 2.000591760
48 90 3 4194304 2.000592164
91 11 3 4194304 2.000592599
34 114 3 4194304 2.000593141
99 68 3 4194304 2.000593399
53 96 3 4194304 2.000593729
50 1 3 4194304 2.000593988
28 6 3 4194304 2.000594084
77 106 3 4194304 2.000594401
7 100 3 4194304 2.000595255
30 75 3 4194304 2.000595340
38 103 3 4194304 2.000595577
119 58 3 4194304 2.000596323
51 67 3 4194304 2.000596488
66 33 3 4194304 2.000596690
27 105 3 4194304 2.000597030
92 56 3 4194304 2.000597346
89 101 3 4194304 2.000597554
68 41 3 4194304 2.000597575
126 120 3 4194304 2.000597731
41 100 3 4194304 2.000598347
60 50 3 4194304 2.000599083
91 50 3 4194304 2.000599520
104 65 3 4194304 2.000599609
54 43 3 4194304 2.000599796
31 28 3 4194304 2.000599948
32 108 3 4194304 2.000600042
52 55 3 4194304 2.000600569
43 81 3 4194304 2.000601020
96 59 3 4194304 2.000601074
126 26 3 4194304 2.000601094
103 58 3 4194304 2.000601218
117 95 3 4194304 2.000601340
123 9 3 4194304 2.000601504
18 102 3 4194304 2.000601758
123 11 3 4194304 2.000602219
40 36 3 4194304 2.000602308
31 50 3 4194304 2.000602391
22 81 3 4194304 2.000602643
56 104 3 4194304 2.000602971
45 99 3 4194304 2.000603277
80 125 3 4194304 2.000603703
98 7 3 4194304 2.000603828
120 83 3 4194304 2.000603921
33 123 3 4194304 2.000603995
74 56 3 4194304 2.000604053
31 55 3 4194304 2.000604696
33 21 3 4194304 2.000604790
3 5 3 4194304 2.000605087
54 88 3 4194304 2.000605245
64 31 3 4194304 2.000605604
40 47 3 4194304 2.000605980
23 11 3 4194304 2.000606272
69 8 3 4194304 2.000607038
109 110 3 4194304 2.000607398
98 118 3 4194304 2.000607511
49 42 3 4194304 2.000607562
101 9 3 4194304 2.000607956
103 94 3 4194304 2.000608614
127 103 3 4194304 2.000608920
34 37 3 4194304 2.000609446
24 62 3 4194304 2.000609465
33 1 3 4194304 2.000609692
62 71 3 4194304 2.000609936
109 24 3 4194304 2.000610396
3 69 3 4194304 2.000610615
4 70 3 4194304 2.000610764
85 79 3 4194304 2.000610856
105 70 3 4194304 2.000610886
27 101 3 4194304 2.000610957
22 106 3 4194304 2.000611268
93 55 3 4194304 2.000611380
65 63 3 4194304 2.000611512
77 74 3 4194304 2.000611594
35 68 3 4194304 2.000611668
79 81 3 4194304 2.000612043
98 68 3 4194304 2.000612117
41 55 3 4194304 2.000612722
101 97 3 4194304 2.000612901
23 103 3 4194304 2.000613063
62 90 3 4194304 2.000613630
10 36 3 4194304 2.000613923
20 105 3 4194304 2.000614230
7 83 3 4194304 2.000614823
85 13 3 4194304 2.000615025
101 33 3 4194304 2.000616917
10 70 3 4194304 2.000616930
56 8 3 4194304 2.000617105
13 33 3 4194304 2.000617364
1 11 3 4194304 2.000619109
48 38 3 4194304 2.000619442
49 4 3 4194304 2.000619547
123 2 3 4194304 2.000619955
7 62 3 4194304 2.000621135
25 45 3 4194304 2.000621509
36 26 3 4194304 2.000621519
122 109 3 4194304 2.000621523
112 21 3 4194304 2.000621763
66 88 3 4194304 2.000621823
66 116 3 4194304 2.000622331
94 115 3 4194304 2.000622376
110 92 3 4194304 2.000622501
49 104 3 4194304 2.000622647
75 68 3 4194304 2.000622931
38 86 3 4194304 2.000622939
115 49 3 4194304 2.000622967
44 22 3 4194304 2.000623258
72 78 3 4194304 2.000623378
88 82 3 4194304 2.000623716
112 117 3 4194304 2.000623770
31 3 3 4194304 2.000623898
109 121 3 4194304 2.000624650
62 49 3 4194304 2.000624663
62 17 3 4194304 2.000624791
72 125 3 4194304 2.000624838
124 75 3 4194304 2.000625375
46 73 3 4194304 2.000625720
61 52 3 4194304 2.000625831
48 52 3 4194304 2.000625932
125 41 3 4194304 2.000626526
113 6 3 4194304 2.000626897
29 99 3 4194304 2.000627402
64 112 3 4194304 2.000627503
52 48 3 4194304 2.000627809
57 113 3 4194304 2.000627864
54 69 3 4194304 2.000627871
23 73 3 4194304 2.000627959
42 69 3 4194304 2.000628298
72 15 3 4194304 2.000628435
32 78 3 4194304 2.000628565
15 54 3 4194304 2.000629075
41 108 3 4194304 2.000629400
17 70 3 4194304 2.000630286
44 26 3 4194304 2.000630777
108 18 3 4194304 2.000630849
50 64 3 4194304 2.000630865
80 32 3 4194304 2.000631280
125 15 3 4194304 2.000631380
43 99 3 4194304 2.000631927
63 5 3 4194304 2.000632068
110 38 3 4194304 2.000632180
7 22 3 4194304 2.000632281
10 5 3 4194304 2.000632357
100 106 3 4194304 2.000633149
126 105 3 4194304 2.000633343
107 99 3 4194304 2.000633596
67 112 3 4194304 2.000633655
9 72 3 4194304 2.000633666
84 123 3 4194304 2.000634143
24 69 3 4194304 2.000634556
95 72 3 4194304 2.000634659
70 1 3 4194304 2.000635215
43 74 3 4194304 2.000635232
102 71 3 4194304 2.000635563
125 3 3 4194304 2.000635650
86 78 3 4194304 2.000635801
89 111 3 4194304 2.000635901
96 83 3 4194304 2.000635917
36 99 3 4194304 2.000635938
58 105 3 4194304 2.000635988
4 90 3 4194304 2.000636183
25 108 3 4194304 2.000638000
122 41 3 4194304 2.000638094
86 96 3 4194304 2.000638783
45 116 3 4194304 2.000638990
50 0 3 4194304 2.000640005
53 68 3 4194304 2.000640169
116 98 3 4194304 2.000640944
80 103 3 4194304 2.000641849
1 75 3 4194304 2.000642109
59 112 3 4194304 2.000642223
25 15 3 4194304 2.000643162
66 26 3 4194304 2.000643631
91 110 3 4194304 2.000643853
17 93 3 4194304 2.000643879
37 15 3 4194304 2.000643899
36 51 3 4194304 2.000644450
52 34 3 4194304 2.000644762
76 73 3 4194304 2.000645109
45 106 3 4194304 2.000645208
7 70 3 4194304 2.000645213
60 21 3 4194304 2.000645482
84 112 3 4194304 2.000645717
33 110 3 4194304 2.000645813
55 126 3 4194304 2.000645859
73 42 3 4194304 2.000645951
3 71 3 4194304 2.000646861
34 82 3 4194304 2.000647526
97 2 3 4194304 2.000647790
42 56 3 4194304 2.000647917
79 118 3 4194304 2.000648024
23 87 3 4194304 2.000648089
114 46 3 4194304 2.000648161
96 80 3 4194304 2.000648440
11 40 3 4194304 2.000649101
54 28 3 4194304 2.000649220
80 27 3 4194304 2.000649369
112 86 3 4194304 2.000650058
81 70 3 4194304 2.000650381
85 33 3 4194304 2.000650404
94 26 3 4194304 2.000650497
97 67 3 4194304 2.000650728
29 88 3 4194304 2.000650772
99 93 3 4194304 2.000650788
6 15 3 4194304 2.000650975
24 36 3 4194304 2.000651005
41 112 3 4194304 2.000651695
71 17 3 4194304 2.000651839
37 100 3 4194304 2.000651978
53 60 3 4194304 2.000652208
21 73 3 4194304 2.000652567
48 45 3 4194304 2.000652634
24 114 3 4194304 2.000653217
87 115 3 4194304 2.000653599
38 95 3 4194304 2.000653663
59 63 3 4194304 2.000653760
55 103 3 4194304 2.000653802
112 34 3 4194304 2.000653962
75 92 3 4194304 2.000654170
17 77 3 4194304 2.000654206
69 18 3 4194304 2.000654278
85 115 3 4194304 2.000654858
12 39 3 4194304 2.000655316
107 13 3 4194304 2.000655449
98 77 3 4194304 2.000655694
30 63 3 4194304 2.000656122
45 83 3 4194304 2.000656579
103 80 3 4194304 2.000658136
7 84 3 4194304 2.000658209
61 3 3 4194304 2.000658265
38 25 3 4194304 2.000658441
6 57 3 4194304 2.000658476
47 53 3 4194304 2.000658616
61 90 3 4194304 2.000659365
110 88 3 4194304 2.000659496
9 68 3 4194304 2.000659768
36 27 3 4194304 2.000660031
78 46 3 4194304 2.000660269
70 85 3 4194304 2.000660722
80 101 3 4194304 2.000660730
107 56 3 4194304 2.000661024
104 73 3 4194304 2.000661695
15 44 3 4194304 2.000661968
48 8 3 4194304 2.000662003
103 16 3 4194304 2.000662359
126 89 3 4194304 2.000662470
11 83 3 4194304 2.000663092
29 55 3 4194304 2.000663094
29 79 3 4194304 2.000663237
30 43 3 4194304 2.000663250
22 13 3 4194304 2.000663349
16 38 3 4194304 2.000663400
68 48 3 4194304 2.000664452
74 78 3 4194304 2.000664515
121 66 3 4194304 2.000664865
83 43 3 4194304 2.000664921
78 62 3 4194304 2.000665674
83 60 3 4194304 2.000666273
87 79 3 4194304 2.000666734
52 27 3 4194304 2.000666893
16 26 3 4194304 2.000667166
64 7 3 4194304 2.000667243
22 43 3 4194304 2.000667572
35 62 3 4194304 2.000668187
93 14 3 4194304 2.000668227
51 32 3 4194304 2.000668278
24 104 3 4194304 2.000668469
4 54 3 4194304 2.000668480
75 53 3 4194304 2.000668568
104 101 3 4194304 2.000668628
1 118 3 4194304 2.000668735
72 8 3 4194304 2.000669371
75 100 3 4194304 2.000669827
118 17 3 4194304 2.000670323
122 120 3 4194304 2.000670342
7 89 3 4194304 2.000670419
10 43 3 4194304 2.000670982
29 20 3 4194304 2.000671192
98 26 3 4194304 2.000671391
98 30 3 4194304 2.000671625
123 118 3 4194304 2.000671723
75 84 3 4194304 2.000671904
38 111 3 4194304 2.000671956
23 83 3 4194304 2.000671994
116 125 3 4194304 2.000673016
45 24 3 4194304 2.000673018
111 51 3 4194304 2.000673290
105 21 3 4194304 2.000673390
22 8 3 4194304 2.000673440
16 3 3 4194304 2.000673892
45 53 3 4194304 2.000674531
99 64 3 4194304 2.000675428
123 3 3 4194304 2.000675471
15 95 3 4194304 2.000675807
89 12 3 4194304 2.000675907
117 48 3 4194304 2.000676146
37 81 3 4194304 2.000676407
42 98 3 4194304 2.000676572
84 110 3 4194304 2.000677850
74 124 3 4194304 2.000678076
12 100 3 4194304 2.000679519
58 81 3 4194304 2.000679580
88 26 3 4194304 2.000679656
22 55 3 4194304 2.000679689
120 33 3 4194304 2.000680413
31 127 3 4194304 2.000680665
46 8 3 4194304 2.000680837
118 69 3 4194304 2.000681133
105 15 3 4194304 2.000681754
109 55 3 4194304 2.000681872
90 127 3 4194304 2.000681983
117 81 3 4194304 2.000682078
33 126 3 4194304 2.000682157
127 59 3 4194304 2.000682461
57 51 3 4194304 2.000682656
21 5 3 4194304 2.000682841
59 5 3 4194304 2.000682947
64 97 3 4194304 2.000682960
45 29 3 4194304 2.000683288
14 58 3 4194304 2.000683456
87 10 3 4194304 2.000683465
7 47 3 4194304 2.000683842
86 125 3 4194304 2.000684478
8 87 3 4194304 2.000684656
114 7 3 4194304 2.000684688
98 14 3 4194304 2.000685033
114 99 3 4194304 2.000685085
122 26 3 4194304 2.000685846
79 41 3 4194304 2.000686027
37 57 3 4194304 2.000686775
37 27 3 4194304 2.000686832
108 61 3 4194304 2.000686979
113 83 3 4194304 2.000687430
78 48 3 4194304 2.000688242
27 124 3 4194304 2.000688610
81 77 3 4194304 2.000689537
89 76 3 4194304 2.000691196
29 1 3 4194304 2.000691873
46 116 3 4194304 2.000691904
82 27 3 4194304 2.000692219
102 53 3 4194304 2.000692305
101 41 3 4194304 2.000693100
54 95 3 4194304 2.000693321
44 103 3 4194304 2.000693514
127 33 3 4194304 2.000693846
83 3 3 4194304 2.000694094
34 111 3 4194304 2.000694120
51 56 3 4194304 2.000694408
35 23 3 4194304 2.000694777
65 43 3 4194304 2.000695018
101 50 3 4194304 2.000695182
82 42 3 4194304 2.000695524
120 87 3 4194304 2.000696776
125 67 3 4194304 2.000696956
92 107 3 4194304 2.000697372
50 75 3 4194304 2.000697386
37 93 3 4194304 2.000697396
105 68 3 4194304 2.000697969
27 23 3 4194304 2.000698088
54 30 3 4194304 2.000698174
39 0 3 4194304 2.000698190
96 3 3 4194304 2.000698233
44 51 3 4194304 2.000698439
74 127 3 4194304 2.000698474
27 67 3 4194304 2.000698515
77 111 3 4194304 2.000698865
65 66 3 4194304 2.000699008
63 56 3 4194304 2.000699356
31 61 3 4194304 2.000700058
84 4 3 4194304 2.000700429
1 16 3 4194304 2.000700671
46 13 3 4194304 2.000701354
16 18 3 4194304 2.000701385
64 46 3 4194304 2.000702445
22 47 3 4194304 2.000702542
118 49 3 4194304 2.000702998
25 123 3 4194304 2.000703453
108 14 3 4194304 2.000703637
109 75 3 4194304 2.000703953
117 100 3 4194304 2.000703974
34 21 3 4194304 2.000704125
68 71 3 4194304 2.000704289
110 101 3 4194304 2.000704799
72 69 3 4194304 2.000704946
48 3 3 4194304 2.000705298
100 116 3 4194304 2.000705519
1 22 3 4194304 2.000705592
43 72 3 4194304 2.000705596
113 107 3 4194304 2.000706051
23 1 3 4194304 2.000706177
3 96 3 4194304 2.000706881
116 102 3 4194304 2.000707271
113 120 3 4194304 2.000707309
112 103 3 4194304 2.000707808
50 127 3 4194304 2.000707830
115 67 3 4194304 2.000708175
75 50 3 4194304 2.000708418
5 69 3 4194304 2.000708965
14 11 3 4194304 2.000709262
37 52 3 4194304 2.000709528
48 76 3 4194304 2.000709926
109 74 3 4194304 2.000710320
34 20 3 4194304 2.000711627
94 121 3 4194304 2.000712262
48 88 3 4194304 2.000712501
36 4 3 4194304 2.000712735
45 37 3 4194304 2.000712945
34 87 3 4194304 2.000712958
72 17 3 4194304 2.000713557
117 106 3 4194304 2.000713594
18 125 3 4194304 2.000714070
50 5 3 4194304 2.000714502
42 61 3 4194304 2.000715072
98 84 3 4194304 2.000715273
77 18 3 4194304 2.000715670
30 91 3 4194304 2.000716061
112 97 3 4194304 2.000716572
126 86 3 4194304 2.000716625
60 93 3 4194304 2.000717414
108 24 3 4194304 2.000717816
23 101 3 4194304 2.000718002
57 12 3 4194304 2.000718311
123 124 3 4194304 2.000718389
94 85 3 4194304 2.000718740
38 108 3 4194304 2.000719229
80 91 3 4194304 2.000719669
110 3 3 4194304 2.000720082
122 75 3 4194304 2.000720122
105 106 3 4194304 2.000720270
78 108 3 4194304 2.000720433
126 27 3 4194304 2.000720460
8 21 3 4194304 2.000720826
126 127 3 4194304 2.000721400
24 70 3 4194304 2.000721429
35 42 3 4194304 2.000721683
41 77 3 4194304 2.000721840
113 116 3 4194304 2.000722454
124 39 3 4194304 2.000722587
93 8 3 4194304 2.000722673
93 6 3 4194304 2.000722727
105 48 3 4194304 2.000723498
19 39 3 4194304 2.000723500
96 12 3 4194304 2.000723739
52 68 3 4194304 2.000723805
65 41 3 4194304 2.000723835
65 122 3 4194304 2.000723958
77 108 3 4194304 2.000724193
101 45 3 4194304 2.000724356
16 105 3 4194304 2.000724412
92 12 3 4194304 2.000724414
93 21 3 4194304 2.000724483
33 45 3 4194304 2.000724624
117 72 3 4194304 2.000724840
93 111 3 4194304 2.000725037
46 111 3 4194304 2.000725170
107 113 3 4194304 2.000725680
12 114 3 4194304 2.000725870
9 88 3 4194304 2.000726035
99 73 3 4194304 2.000726671
56 37 3 4194304 2.000727210
12 56 3 4194304 2.000727244
54 18 3 4194304 2.000727302
29 18 3 4194304 2.000727387
57 81 3 4194304 2.000727755
2 102 3 4194304 2.000727962
59 68 3 4194304 2.000727991
32 21 3 4194304 2.000728236
73 5 3 4194304 2.000728299
46 47 3 4194304 2.000729083
5 112 3 4194304 2.000729140
63 75 3 4194304 2.000729227
83 46 3 4194304 2.000729248
65 24 3 4194304 2.000729389
43 116 3 4194304 2.000729501
53 42 3 4194304 2.000729860
73 25 3 4194304 2.000730735
41 1 3 4194304 2.000730803
11 99 3 4194304 2.000730848
70 110 3 4194304 2.000730935
57 25 3 4194304 2.000732064
87 71 3 4194304 2.000732146
86 20 3 4194304 2.000732228
41 27 3 4194304 2.000732255
68 57 3 4194304 2.000732314
73 126 3 4194304 2.000732607
26 8 3 4194304 2.000732883
69 78 3 4194304 2.000732937
45 104 3 4194304 2.000733413
108 70 3 4194304 2.000733571
43 124 3 4194304 2.000733664
45 11 3 4194304 2.000733992
10 111 3 4194304 2.000734030
8 3 3 4194304 2.000734119
34 109 3 4194304 2.000734180
94 17 3 4194304 2.000734332
69 5 3 4194304 2.000734840
66 28 3 4194304 2.000735264
37 95 3 4194304 2.000735409
44 121 3 4194304 2.000735482
93 7 3 4194304 2.000736027
41 43 3 4194304 2.000736070
66 31 3 4194304 2.000736161
119 43 3 4194304 2.000736448
13 19 3 4194304 2.000737339
127 17 3 4194304 2.000737782
82 23 3 4194304 2.000737814
101 36 3 4194304 2.000737989
68 8 3 4194304 2.000738034
75 121 3 4194304 2.000738396
14 16 3 4194304 2.000738446
10 53 3 4194304 2.000738670
4 77 3 4194304 2.000739058
48 9 3 4194304 2.000739068
70 21 3 4194304 2.000739092
95 40 3 4194304 2.000739435
34 3 3 4194304 2.000739734
41 19 3 4194304 2.000739985
32 55 3 4194304 2.000740395
66 76 3 4194304 2.000740437
71 21 3 4194304 2.000740516
104 57 3 4194304 2.000740882
65 77 3 4194304 2.000741624
66 20 3 4194304 2.000742512
64 110 3 4194304 2.000743109
20 38 3 4194304 2.000743365
56 16 3 4194304 2.000744058
95 24 3 4194304 2.000744804
33 58 3 4194304 2.000744913
77 43 3 4194304 2.000744989
127 18 3 4194304 2.000745327
38 41 3 4194304 2.000745513
33 115 3 4194304 2.000745553
57 9 3 4194304 2.000745664
47 110 3 4194304 2.000746385
79 36 3 4194304 2.000746723
64 105 3 4194304 2.000746785
100 103 3 4194304 2.000747045
27 19 3 4194304 2.000747236
82 109 3 4194304 2.000747803
37 103 3 4194304 2.000748864
76 63 3 4194304 2.000748929
98 110 3 4194304 2.000749043
49 27 3 4194304 2.000749217
14 20 3 4194304 2.000749639
2 70 3 4194304 2.000750006
80 53 3 4194304 2.000750146
75 34 3 4194304 2.000750196
28 26 3 4194304 2.000750442
56 22 3 4194304 2.000751303
116 13 3 4194304 2.000751356
48 75 3 4194304 2.000751640
4 71 3 4194304 2.000751793
77 13 3 4194304 2.000751893
45 12 3 4194304 2.000752061
23 35 3 4194304 2.000752653
12 2 3 4194304 2.000752716
107 70 3 4194304 2.000753403
94 9 3 4194304 2.000753583
37 58 3 4194304 2.000753622
36 102 3 4194304 2.000754553
80 54 3 4194304 2.000754622
38 105 3 4194304 2.000754889
22 61 3 4194304 2.000755470
116 108 3 4194304 2.000755870
32 10 3 4194304 2.000755941
75 102 3 4194304 2.000756047
100 17 3 4194304 2.000756144
100 32 3 4194304 2.000756376
87 34 3 4194304 2.000756653
57 52 3 4194304 2.000756843
123 10 3 4194304 2.000757083
8 94 3 4194304 2.000757405
95 38 3 4194304 2.000757904
23 49 3 4194304 2.000757953
23 79 3 4194304 2.000758518
42 68 3 4194304 2.000759102
112 85 3 4194304 2.000759462
110 7 3 4194304 2.000759521
103 22 3 4194304 2.000759672
13 85 3 4194304 2.000759934
81 69 3 4194304 2.000760892
123 101 3 4194304 2.000760892
93 121 3 4194304 2.000761550
87 36 3 4194304 2.000761789
126 100 3 4194304 2.000761959
57 121 3 4194304 2.000761976
69 66 3 4194304 2.000762147
86 58 3 4194304 2.000762272
16 68 3 4194304 2.000762435
62 113 3 4194304 2.000762617
90 65 3 4194304 2.000762703
99 20 3 4194304 2.000762847
21 96 3 4194304 2.000762971
75 97 3 4194304 2.000763577
81 95 3 4194304 2.000764190
48 92 3 4194304 2.000765043
10 17 3 4194304 2.000765151
13 21 3 4194304 2.000765690
1 0 3 4194304 2.000765752
82 86 3 4194304 2.000765819
28 42 3 4194304 2.000765845
52 45 3 4194304 2.000766325
86 32 3 4194304 2.000766410
88 72 3 4194304 2.000766641
125 34 3 4194304 2.000766896
52 125 3 4194304 2.000767051
105 6 3 4194304 2.000767294
82 77 3 4194304 2.000767358
67 118 3 4194304 2.000767543
94 96 3 4194304 2.000767602
72 34 3 4194304 2.000768148
91 55 3 4194304 2.000768412
89 15 3 4194304 2.000768499
34 11 3 4194304 2.000768659
113 88 3 4194304 2.000769127
6 29 3 4194304 2.000769395
25 42 3 4194304 2.000770301
45 9 3 4194304 2.000770464
1 68 3 4194304 2.000770720
73 46 3 4194304 2.000770729
123 69 3 4194304 2.000770963
20 88 3 4194304 2.000772047
52 81 3 4194304 2.000772492
104 75 3 4194304 2.000773178
96 77 3 4194304 2.000773198
32 65 3 4194304 2.000773287
21 26 3 4194304 2.000774012
19 27 3 4194304 2.000774136
95 29 3 4194304 2.000774593
24 27 3 4194304 2.000774873
35 41 3 4194304 2.000775641
83 68 3 4194304 2.000776038
112 11 3 4194304 2.000776353
74 7 3 4194304 2.000776360
30 67 3 4194304 2.000776472
61 9 3 4194304 2.000776514
89 59 3 4194304 2.000776642
86 26 3 4194304 2.000777115
30 79 3 4194304 2.000777445
21 112 3 4194304 2.000777987
43 65 3 4194304 2.000778316
32 84 3 4194304 2.000779068
23 70 3 4194304 2.000779726
17 56 3 4194304 2.000780386
117 105 3 4194304 2.000780779
125 50 3 4194304 2.000781633
24 126 3 4194304 2.000782063
0 14 3 4194304 2.000782282
28 9 3 4194304 2.000782363
38 70 3 4194304 2.000783469
27 2 3 4194304 2.000783712
125 96 3 4194304 2.000784100
90 79 3 4194304 2.000785020
27 119 3 4194304 2.000785111
113 110 3 4194304 2.000785165
86 61 3 4194304 2.000786093
81 14 3 4194304 2.000786241
24 55 3 4194304 2.000786402
89 79 3 4194304 2.000787592
85 104 3 4194304 2.000788570
127 63 3 4194304 2.000789209
66 85 3 4194304 2.000789225
54 76 3 4194304 2.000789301
58 103 3 4194304 2.000789503
35 29 3 4194304 2.000789673
86 79 3 4194304 2.000790109
56 108 3 4194304 2.000790417
32 5 3 4194304 2.000790666
76 60 3 4194304 2.000791704
123 126 3 4194304 2.000791817
92 33 3 4194304 2.000791852
5 114 3 4194304 2.000792158
97 19 3 4194304 2.000792387
29 7 3 4194304 2.000792699
68 37 3 4194304 2.000793374
25 78 3 4194304 2.000793539
2 99 3 4194304 2.000793604
49 66 3 4194304 2.000794541
22 70 3 4194304 2.000795293
25 50 3 4194304 2.000795528
43 92 3 4194304 2.000796161
49 64 3 4194304 2.000796342
90 48 3 4194304 2.000796868
96 82 3 4194304 2.000797271
4 79 3 4194304 2.000797383
103 15 3 4194304 2.000797453
59 127 3 4194304 2.000797526
89 27 3 4194304 2.000797572
5 97 3 4194304 2.000797999
54 90 3 4194304 2.000798118
97 34 3 4194304 2.000798619
30 83 3 4194304 2.000798716
52 111 3 4194304 2.000798771
51 114 3 4194304 2.000798803
61 8 3 4194304 2.000799253
64 12 3 4194304 2.000799271
100 85 3 4194304 2.000799727
46 11 3 4194304 2.000800859
59 72 3 4194304 2.000800995
103 105 3 4194304 2.000801120
47 66 3 4194304 2.000801727
90 51 3 4194304 2.000801834
82 24 3 4194304 2.000802321
55 63 3 4194304 2.000802349
44 62 3 4194304 2.000802515
115 9 3 4194304 2.000802937
24 13 3 4194304 2.000802965
110 72 3 4194304 2.000803374
76 45 3 4194304 2.000803396
74 104 3 4194304 2.000803583
83 112 3 4194304 2.000803771
17 86 3 4194304 2.000804059
113 25 3 4194304 2.000804242
104 86 3 4194304 2.000804395
72 50 3 4194304 2.000804514
39 105 3 4194304 2.000805052
79 90 3 4194304 2.000805097
122 13 3 4194304 2.000805307
26 0 3 4194304 2.000805426
6 5 3 4194304 2.000805499
25 29 3 4194304 2.000805839
39 94 3 4194304 2.000806533
22 84 3 4194304 2.000806815
3 57 3 4194304 2.000806825
105 36 3 4194304 2.000807149
86 6 3 4194304 2.000807163
14 96 3 4194304 2.000807419
104 113 3 4194304 2.000807765
126 92 3 4194304 2.000808098
9 80 3 4194304 2.000808227
91 17 3 4194304 2.000808764
119 80 3 4194304 2.000809096
24 120 3 4194304 2.000810058
55 123 3 4194304 2.000810085
120 74 3 4194304 2.000810252
35 74 3 4194304 2.000810509
38 78 3 4194304 2.000810965
3 48 3 4194304 2.000811106
74 95 3 4194304 2.000811524
114 103 3 4194304 2.000812003
74 94 3 4194304 2.000812051
2 46 3 4194304 2.000812110
88 36 3 4194304 2.000812130
52 117 3 4194304 2.000812169
66 104 3 4194304 2.000812553
4 2 3 4194304 2.000812709
9 74 3 4194304 2.000813224
41 95 3 4194304 2.000813256
87 111 3 4194304 2.000813688
61 18 3 4194304 2.000813711
115 99 3 4194304 2.000814581
117 86 3 4194304 2.000814654
61 75 3 4194304 2.000814656
111 118 3 4194304 2.000814737
100 37 3 4194304 2.000815050
122 29 3 4194304 2.000815933
44 127 3 4194304 2.000816246
72 47 3 4194304 2.000816306
73 28 3 4194304 2.000816386
43 31 3 4194304 2.000817079
49 89 3 4194304 2.000817545
67 71 3 4194304 2.000817570
83 71 3 4194304 2.000817658
81 39 3 4194304 2.000817683
119 11 3 4194304 2.000817815
35 55 3 4194304 2.000817923
48 104 3 4194304 2.000818356
34 79 3 4194304 2.000818619
34 119 3 4194304 2.000819295
17 126 3 4194304 2.000819382
10 73 3 4194304 2.000819491
122 95 3 4194304 2.000819574
24 75 3 4194304 2.000819671
77 42 3 4194304 2.000819876
111 126 3 4194304 2.000819928
91 76 3 4194304 2.000819976
43 35 3 4194304 2.000820218
37 53 3 4194304 2.000820610
16 54 3 4194304 2.000820802
118 10 3 4194304 2.000820996
100 101 3 4194304 2.000821414
63 68 3 4194304 2.000821594
32 71 3 4194304 2.000822189
49 15 3 4194304 2.000822368
38 42 3 4194304 2.000822588
18 78 3 4194304 2.000822703
122 68 3 4194304 2.000822957
38 123 3 4194304 2.000823127
7 76 3 4194304 2.000823514
29 10 3 4194304 2.000823641
56 82 3 4194304 2.000823673
18 115 3 4194304 2.000823769
81 118 3 4194304 2.000824227
53 67 3 4194304 2.000824438
116 124 3 4194304 2.000824716
14 32 3 4194304 2.000824857
77 127 3 4194304 2.000825325
98 123 3 4194304 2.000825357
121 33 3 4194304 2.000825645
106 30 3 4194304 2.000826216
45 81 3 4194304 2.000826290
43 19 3 4194304 2.000826480
60 29 3 4194304 2.000826617
0 76 3 4194304 2.000826813
63 43 3 4194304 2.000826913
88 41 3 4194304 2.000827070
57 105 3 4194304 2.000827663
49 20 3 4194304 2.000827686
22 86 3 4194304 2.000827734
76 122 3 4194304 2.000828201
46 15 3 4194304 2.000828435
100 86 3 4194304 2.000828851
88 61 3 4194304 2.000829074
3 124 3 4194304 2.000829122
67 111 3 4194304 2.000829546
6 126 3 4194304 2.000830191
100 102 3 4194304 2.000830512
70 45 3 4194304 2.000831113
106 61 3 4194304 2.000831197
115 45 3 4194304 2.000831583
12 6 3 4194304 2.000831817
80 108 3 4194304 2.000832008
101 12 3 4194304 2.000832014
29 28 3 4194304 2.000832535
119 57 3 4194304 2.000832787
27 102 3 4194304 2.000832941
2 23 3 4194304 2.000833592
98 85 3 4194304 2.000833595
27 96 3 4194304 2.000833740
27 97 3 4194304 2.000834603
33 2 3 4194304 2.000835151
47 67 3 4194304 2.000835649
18 86 3 4194304 2.000836159
8 18 3 4194304 2.000836476
24 19 3 4194304 2.000836804
82 46 3 4194304 2.000837496
50 66 3 4194304 2.000837806
31 43 3 4194304 2.000837856
91 119 3 4194304 2.000838274
37 44 3 4194304 2.000838771
29 114 3 4194304 2.000838852
91 14 3 4194304 2.000838915
101 28 3 4194304 2.000839251
95 61 3 4194304 2.000839708
94 107 3 4194304 2.000839790
79 60 3 4194304 2.000840141
48 1 3 4194304 2.000840212
93 79 3 4194304 2.000840345
56 19 3 4194304 2.000840854
96 66 3 4194304 2.000841009
27 125 3 4194304 2.000841668
39 50 3 4194304 2.000841829
7 18 3 4194304 2.000841844
52 47 3 4194304 2.000842006
32 53 3 4194304 2.000842788
54 105 3 4194304 2.000842802
56 52 3 4194304 2.000843247
87 90 3 4194304 2.000843407
46 14 3 4194304 2.000843497
33 73 3 4194304 2.000843686
111 53 3 4194304 2.000843710
101 37 3 4194304 2.000843890
102 59 3 4194304 2.000844526
35 24 3 4194304 2.000844872
116 44 3 4194304 2.000845088
122 105 3 4194304 2.000845097
57 20 3 4194304 2.000845462
41 21 3 4194304 2.000845758
24 109 3 4194304 2.000846393
52 71 3 4194304 2.000846867
72 56 3 4194304 2.000846884
119 108 3 4194304 2.000846942
96 21 3 4194304 2.000847154
8 12 3 4194304 2.000847324
33 89 3 4194304 2.000847324
74 106 3 4194304 2.000847984
29 105 3 4194304 2.000848218
52 39 3 4194304 2.000848335
110 20 3 4194304 2.000849403
67 104 3 4194304 2.000849843
122 23 3 4194304 2.000850151
125 124 3 4194304 2.000850516
60 49 3 4194304 2.000850564
66 0 3 4194304 2.000850708
107 33 3 4194304 2.000850950
44 33 3 4194304 2.000850984
12 89 3 4194304 2.000851490
19 127 3 4194304 2.000851558
34 51 3 4194304 2.000851687
108 45 3 4194304 2.000851716
64 104 3 4194304 2.000851895
84 101 3 4194304 2.000851970
19 91 3 4194304 2.000852051
78 127 3 4194304 2.000852340
18 57 3 4194304 2.000852423
104 3 3 4194304 2.000853260
73 101 3 4194304 2.000853489
120 102 3 4194304 2.000854160
107 88 3 4194304 2.000854621
14 102 3 4194304 2.000855078
99 66 3 4194304 2.000855386
81 72 3 4194304 2.000855393
28 3 3 4194304 2.000855461
15 30 3 4194304 2.000855953
32 102 3 4194304 2.000856040
83 58 3 4194304 2.000856198
47 4 3 4194304 2.000856600
95 80 3 4194304 2.000857627
25 31 3 4194304 2.000857677
32 88 3 4194304 2.000857687
77 55 3 4194304 2.000858524
44 56 3 4194304 2.000858598
58 30 3 4194304 2.000858730
15 4 3 4194304 2.000858958
118 73 3 4194304 2.000859592
27 126 3 4194304 2.000859851
5 50 3 4194304 2.000861779
51 107 3 4194304 2.000862241
69 67 3 4194304 2.000862693
111 91 3 4194304 2.000862882
64 22 3 4194304 2.000862889
54 124 3 4194304 2.000863029
2 21 3 4194304 2.000863394
6 3 3 4194304 2.000863448
16 45 3 4194304 2.000863660
57 5 3 4194304 2.000864067
23 4 3 4194304 2.000864334
118 89 3 4194304 2.000864642
106 115 3 4194304 2.000864882
39 29 3 4194304 2.000864895
80 94 3 4194304 2.000864938
39 60 3 4194304 2.000865327
2 92 3 4194304 2.000865629
18 84 3 4194304 2.000865739
11 64 3 4194304 2.000865760
127 87 3 4194304 2.000866908
26 25 3 4194304 2.000867245
46 106 3 4194304 2.000867313
37 14 3 4194304 2.000867348
52 46 3 4194304 2.000867533
17 99 3 4194304 2.000867706
17 13 3 4194304 2.000867946
95 111 3 4194304 2.000868107
36 50 3 4194304 2.000868524
2 93 3 4194304 2.000868644
56 5 3 4194304 2.000868945
47 14 3 4194304 2.000869267
19 97 3 4194304 2.000869604
88 49 3 4194304 2.000869963
39 93 3 4194304 2.000870031
75 113 3 4194304 2.000870137
23 116 3 4194304 2.000870176
34 115 3 4194304 2.000870823
79 52 3 4194304 2.000871578
67 21 3 4194304 2.000871666
70 101 3 4194304 2.000871688
109 102 3 4194304 2.000871995
38 69 3 4194304 2.000872236
117 68 3 4194304 2.000872579
106 51 3 4194304 2.000872752
112 1 3 4194304 2.000872837
36 104 3 4194304 2.000873250
6 117 3 4194304 2.000873413
76 41 3 4194304 2.000873852
62 50 3 4194304 2.000874357
105 20 3 4194304 2.000874650
9 8 3 4194304 2.000874700
58 119 3 4194304 2.000875120
55 61 3 4194304 2.000875381
22 9 3 4194304 2.000875513
88 100 3 4194304 2.000876400
29 110 3 4194304 2.000876567
18 72 3 4194304 2.000876810
57 72 3 4194304 2.000877478
119 61 3 4194304 2.000877599
74 2 3 4194304 2.000877690
125 92 3 4194304 2.000878207
38 6 3 4194304 2.000878430
106 116 3 4194304 2.000878646
14 6 3 4194304 2.000879319
48 28 3 4194304 2.000879379
17 115 3 4194304 2.000880604
32 82 3 4194304 2.000880870
99 92 3 4194304 2.000881269
50 78 3 4194304 2.000881396
101 118 3 4194304 2.000881488
67 60 3 4194304 2.000881512
60 17 3 4194304 2.000883322
75 19 3 4194304 2.000883428
19 121 3 4194304 2.000883996
83 61 3 4194304 2.000885310
70 26 3 4194304 2.000885414
58 44 3 4194304 2.000886510
74 16 3 4194304 2.000886579
96 41 3 4194304 2.000887004
100 40 3 4194304 2.000887713
18 64 3 4194304 2.000887714
79 99 3 4194304 2.000887892
116 127 3 4194304 2.000888151
66 68 3 4194304 2.000888557
59 115 3 4194304 2.000888923
45 74 3 4194304 2.000889304
49 112 3 4194304 2.000889566
5 32 3 4194304 2.000889710
82 123 3 4194304 2.000889840
83 35 3 4194304 2.000889961
67 59 3 4194304 2.000889971
81 22 3 4194304 2.000890274
106 14 3 4194304 2.000890597
101 18 3 4194304 2.000890827
2 9 3 4194304 2.000891405
88 40 3 4194304 2.000891610
116 61 3 4194304 2.000892186
78 68 3 4194304 2.000893074
2 34 3 4194304 2.000893586
42 54 3 4194304 2.000893859
96 118 3 4194304 2.000893899
82 3 3 4194304 2.000893938
120 82 3 4194304 2.000894225
82 99 3 4194304 2.000894347
53 20 3 4194304 2.000894491
109 56 3 4194304 2.000894520
124 19 3 4194304 2.000894699
74 70 3 4194304 2.000894794
83 17 3 4194304 2.000894849
79 106 3 4194304 2.000895060
13 78 3 4194304 2.000895090
1 114 3 4194304 2.000895207
10 101 3 4194304 2.000895229
54 107 3 4194304 2.000895634
63 15 3 4194304 2.000896103
73 9 3 4194304 2.000896819
86 42 3 4194304 2.000897163
16 112 3 4194304 2.000897696
95 117 3 4194304 2.000898010
31 22 3 4194304 2.000898084
12 42 3 4194304 2.000898230
1 45 3 4194304 2.000898368
9 117 3 4194304 2.000898794
41 86 3 4194304 2.000899405
101 49 3 4194304 2.000899762
110 15 3 4194304 2.000900003
115 46 3 4194304 2.000900089
110 117 3 4194304 2.000900198
113 85 3 4194304 2.000900428
21 82 3 4194304 2.000900467
27 127 3 4194304 2.000900701
59 99 3 4194304 2.000900731
47 28 3 4194304 2.000900789
69 83 3 4194304 2.000900922
109 44 3 4194304 2.000901161
39 127 3 4194304 2.000902030
87 107 3 4194304 2.000902229
121 42 3 4194304 2.000902302
19 80 3 4194304 2.000902513
79 121 3 4194304 2.000902705
24 57 3 4194304 2.000903200
34 98 3 4194304 2.000903381
52 126 3 4194304 2.000903752
0 66 3 4194304 2.000903869
88 120 3 4194304 2.000904102
83 50 3 4194304 2.000904223
52 49 3 4194304 2.000904365
109 104 3 4194304 2.000905129
91 46 3 4194304 2.000905400
53 49 3 4194304 2.000906738
17 36 3 4194304 2.000906747
116 92 3 4194304 2.000907702
99 124 3 4194304 2.000907968
123 97 3 4194304 2.000907971
94 42 3 4194304 2.000908200
26 40 3 4194304 2.000908691
48 110 3 4194304 2.000908893
94 81 3 4194304 2.000908949
124 114 3 4194304 2.000909459
114 94 3 4194304 2.000909611
107 71 3 4194304 2.000909736
105 62 3 4194304 2.000910561
26 45 3 4194304 2.000910925
2 115 3 4194304 2.000911026
72 80 3 4194304 2.000911176
103 39 3 4194304 2.000911438
27 28 3 4194304 2.000911891
102 15 3 4194304 2.000912016
71 53 3 4194304 2.000912191
111 6 3 4194304 2.000912302
117 67 3 4194304 2.000912957
13 5 3 4194304 2.000913084
80 107 3 4194304 2.000913355
16 90 3 4194304 2.000913440
56 21 3 4194304 2.000913467
108 54 3 4194304 2.000913705
108 46 3 4194304 2.000913885
83 8 3 4194304 2.000914197
12 102 3 4194304 2.000914215
98 12 3 4194304 2.000914516
11 2 3 4194304 2.000914957
88 106 3 4194304 2.000915276
104 62 3 4194304 2.000915375
122 115 3 4194304 2.000915611
67 25 3 4194304 2.000916237
66 117 3 4194304 2.000916243
69 48 3 4194304 2.000916298
70 15 3 4194304 2.000916402
93 73 3 4194304 2.000916902
71 49 3 4194304 2.000917185
77 45 3 4194304 2.000917359
79 39 3 4194304 2.000917525
54 45 3 4194304 2.000918049
88 19 3 4194304 2.000918537
76 66 3 4194304 2.000919175
38 12 3 4194304 2.000919875
47 109 3 4194304 2.000920519
126 16 3 4194304 2.000921279
41 121 3 4194304 2.000921623
62 54 3 4194304 2.000921917
109 11 3 4194304 2.000921952
19 114 3 4194304 2.000922006
115 30 3 4194304 2.000922284
26 51 3 4194304 2.000922373
100 12 3 4194304 2.000923374
102 89 3 4194304 2.000924174
70 96 3 4194304 2.000924194
127 123 3 4194304 2.000924471
54 121 3 4194304 2.000924519
99 41 3 4194304 2.000925163
105 32 3 4194304 2.000925772
12 65 3 4194304 2.000925794
94 35 3 4194304 2.000926100
93 39 3 4194304 2.000926175
5 8 3 4194304 2.000926243
29 89 3 4194304 2.000926599
98 115 3 4194304 2.000926846
113 61 3 4194304 2.000926888
65 5 3 4194304 2.000926983
30 0 3 4194304 2.000927130
6 22 3 4194304 2.000927559
39 87 3 4194304 2.000928486
67 73 3 4194304 2.000928728
121 88 3 4194304 2.000928878
92 127 3 4194304 2.000929059
108 110 3 4194304 2.000929452
50 90 3 4194304 2.000929854
81 90 3 4194304 2.000930069
127 72 3 4194304 2.000930090
4 110 3 4194304 2.000930771
32 61 3 4194304 2.000930897
25 62 3 4194304 2.000930921
19 125 3 4194304 2.000931209
28 64 3 4194304 2.000931259
76 78 3 4194304 2.000931300
58 15 3 4194304 2.000931330
122 114 3 4194304 2.000932023
21 64 3 4194304 2.000932183
105 31 3 4194304 2.000932438
30 19 3 4194304 2.000932486
75 66 3 4194304 2.000932649
74 61 3 4194304 2.000932721
105 85 3 4194304 2.000932976
112 3 3 4194304 2.000933002
62 77 3 4194304 2.000933029
20 16 3 4194304 2.000933132
35 38 3 4194304 2.000933251
15 26 3 4194304 2.000933315
19 65 3 4194304 2.000933781
112 23 3 4194304 2.000933859
80 124 3 4194304 2.000934713
42 8 3 4194304 2.000935513
52 94 3 4194304 2.000935749
73 39 3 4194304 2.000935807
99 38 3 4194304 2.000936115
29 87 3 4194304 2.000936238
23 118 3 4194304 2.000936460
118 56 3 4194304 2.000936562
24 106 3 4194304 2.000936590
88 107 3 4194304 2.000936734
125 82 3 4194304 2.000936788
6 78 3 4194304 2.000936838
26 63 3 4194304 2.000936862
2 66 3 4194304 2.000937242
68 100 3 4194304 2.000937332
76 59 3 4194304 2.000937352
104 12 3 4194304 2.000937553
64 61 3 4194304 2.000937740
6 33 3 4194304 2.000937935
115 21 3 4194304 2.000938353
11 119 3 4194304 2.000938479
52 119 3 4194304 2.000938980
116 33 3 4194304 2.000939136
51 38 3 4194304 2.000939398
121 105 3 4194304 2.000939689
86 94 3 4194304 2.000939968
71 102 3 4194304 2.000940916
17 98 3 4194304 2.000940994
44 98 3 4194304 2.000941006
31 97 3 4194304 2.000941436
7 25 3 4194304 2.000941495
102 29 3 4194304 2.000941603
36 6 3 4194304 2.000941687
109 81 3 4194304 2.000941709
61 56 3 4194304 2.000941944
72 14 3 4194304 2.000942025
35 125 3 4194304 2.000942053
9 25 3 4194304 2.000942056
117 8 3 4194304 2.000942228
4 22 3 4194304 2.000943003
54 25 3 4194304 2.000943059
46 83 3 4194304 2.000943203
49 117 3 4194304 2.000943581
125 31 3 4194304 2.000943732
4 88 3 4194304 2.000944461
82 65 3 4194304 2.000944546
27 87 3 4194304 2.000945678
81 19 3 4194304 2.000946142
78 9 3 4194304 2.000946210
95 92 3 4194304 2.000946725
80 111 3 4194304 2.000946933
76 22 3 4194304 2.000947532
46 36 3 4194304 2.000948573
119 78 3 4194304 2.000949088
5 101 3 4194304 2.000949123
102 67 3 4194304 2.000949489
109 77 3 4194304 2.000950342
103 54 3 4194304 2.000951151
37 63 3 4194304 2.000952222
61 26 3 4194304 2.000952278
118 63 3 4194304 2.000952401
40 107 3 4194304 2.000952680
0 45 3 4194304 2.000952810
40 84 3 4194304 2.000953043
28 55 3 4194304 2.000953149
87 13 3 4194304 2.000953571
102 11 3 4194304 2.000953767
19 99 3 4194304 2.000953894
117 3 3 4194304 2.000954291
4 14 3 4194304 2.000954508
15 109 3 4194304 2.000954652
20 48 3 4194304 2.000954930
83 104 3 4194304 2.000955418
123 119 3 4194304 2.000955598
14 76 3 4194304 2.000955942
96 17 3 4194304 2.000956451
12 7 3 4194304 2.000956652
126 112 3 4194304 2.000957217
70 53 3 4194304 2.000957219
79 29 3 4194304 2.000957343
57 31 3 4194304 2.000957549
89 20 3 4194304 2.000957577
116 22 3 4194304 2.000957833
112 33 3 4194304 2.000957954
31 96 3 4194304 2.000958157
61 114 3 4194304 2.000959335
59 20 3 4194304 2.000959519
74 102 3 4194304 2.000959743
78 77 3 4194304 2.000959771
124 93 3 4194304 2.000959807
123 19 3 4194304 2.000960056
7 93 3 4194304 2.000960127
33 121 3 4194304 2.000960156
120 56 3 4194304 2.000960898
65 39 3 4194304 2.000960956
71 120 3 4194304 2.000961507
16 24 3 4194304 2.000961909
69 29 3 4194304 2.000962770
18 34 3 4194304 2.000963086
86 18 3 4194304 2.000963245
33 85 3 4194304 2.000963846
126 43 3 4194304 2.000963849
115 24 3 4194304 2.000964124
118 4 3 4194304 2.000964266
35 122 3 4194304 2.000964731
64 71 3 4194304 2.000965127
111 72 3 4194304 2.000965184
114 98 3 4194304 2.000965201
81 87 3 4194304 2.000965247
101 73 3 4194304 2.000965504
99 12 3 4194304 2.000965568
72 108 3 4194304 2.000965700
101 38 3 4194304 2.000966102
11 14 3 4194304 2.000966145
44 5 3 4194304 2.000966415
107 58 3 4194304 2.000966446
127 19 3 4194304 2.000966524
51 110 3 4194304 2.000967277
33 7 3 4194304 2.000967582
42 23 3 4194304 2.000967773
90 60 3 4194304 2.000968338
4 120 3 4194304 2.000968483
11 68 3 4194304 2.000968627
78 114 3 4194304 2.000968720
115 11 3 4194304 2.000968883
54 60 3 4194304 2.000969123
12 112 3 4194304 2.000969169
100 69 3 4194304 2.000969257
86 65 3 4194304 2.000969505
25 127 3 4194304 2.000969590
53 44 3 4194304 2.000969724
21 17 3 4194304 2.000969889
20 28 3 4194304 2.000970006
4 15 3 4194304 2.000970450
68 34 3 4194304 2.000970504
0 79 3 4194304 2.000971155
118 59 3 4194304 2.000972205
7 127 3 4194304 2.000972469
87 74 3 4194304 2.000972710
47 22 3 4194304 2.000972840
60 18 3 4194304 2.000972941
77 67 3 4194304 2.000973036
77 62 3 4194304 2.000973427
52 25 3 4194304 2.000973551
21 75 3 4194304 2.000973682
67 75 3 4194304 2.000973702
46 70 3 4194304 2.000973939
100 51 3 4194304 2.000974135
123 90 3 4194304 2.000974924
97 10 3 4194304 2.000975016
126 41 3 4194304 2.000975737
51 87 3 4194304 2.000976136
110 122 3 4194304 2.000976144
7 42 3 4194304 2.000976477
111 50 3 4194304 2.000976742
97 48 3 4194304 2.000976885
51 0 3 4194304 2.000976986
53 72 3 4194304 2.000977889
64 79 3 4194304 2.000978285
116 2 3 4194304 2.000978478
51 36 3 4194304 2.000978883
38 0 3 4194304 2.000978890
12 32 3 4194304 2.000979240
10 104 3 4194304 2.000979519
125 64 3 4194304 2.000980043
79 76 3 4194304 2.000980164
9 20 3 4194304 2.000980504
119 81 3 4194304 2.000980864
62 37 3 4194304 2.000980867
67 26 3 4194304 2.000980893
37 7 3 4194304 2.000981654
104 42 3 4194304 2.000982710
40 70 3 4194304 2.000982753
62 74 3 4194304 2.000982986
61 25 3 4194304 2.000983034
39 17 3 4194304 2.000983273
108 19 3 4194304 2.000983375
24 52 3 4194304 2.000983466
68 59 3 4194304 2.000983868
65 79 3 4194304 2.000984350
94 7 3 4194304 2.000984559
77 22 3 4194304 2.000985034
91 19 3 4194304 2.000985263
47 102 3 4194304 2.000986067
65 50 3 4194304 2.000986755
125 73 3 4194304 2.000986846
91 47 3 4194304 2.000987106
68 9 3 4194304 2.000987183
15 3 3 4194304 2.000987406
32 72 3 4194304 2.000987820
7 13 3 4194304 2.000988127
13 47 3 4194304 2.000988292
49 68 3 4194304 2.000988433
58 74 3 4194304 2.000988766
7 124 3 4194304 2.000988810
102 121 3 4194304 2.000989047
74 119 3 4194304 2.000989302
93 61 3 4194304 2.000989606
85 96 3 4194304 2.000989725
104 1 3 4194304 2.000989912
33 0 3 4194304 2.000990039
110 56 3 4194304 2.000990074
32 18 3 4194304 2.000990394
82 29 3 4194304 2.000990490
10 99 3 4194304 2.000990490
117 90 3 4194304 2.000990940
79 2 3 4194304 2.000992517
4 64 3 4194304 2.000992569
27 9 3 4194304 2.000992770
31 40 3 4194304 2.000993450
30 121 3 4194304 2.000994347
54 50 3 4194304 2.000994635
23 58 3 4194304 2.000994809
82 22 3 4194304 2.000994819
35 114 3 4194304 2.000995000
111 36 3 4194304 2.000996849
27 75 3 4194304 2.000996939
42 32 3 4194304 2.000997641
5 62 3 4194304 2.000997687
119 84 3 4194304 2.000998260
85 24 3 4194304 2.000998542
45 87 3 4194304 2.000998556
33 66 3 4194304 2.000998699
69 90 3 4194304 2.000999073
124 125 3 4194304 2.000999130
77 80 3 4194304 2.000999242
97 6 3 4194304 2.000999368
22 92 3 4194304 2.000999447
94 41 3 4194304 2.000999528
46 41 3 4194304 2.000999624
102 9 3 4194304 2.000999926
118 84 3 4194304 2.001000082
105 9 3 4194304 2.001000317
69 33 3 4194304 2.001000326
28 78 3 4194304 2.001000367
106 78 3 4194304 2.001001355
82 126 3 4194304 2.001002374
8 6 3 4194304 2.001003082
75 42 3 4194304 2.001003113
108 16 3 4194304 2.001003141
13 2 3 4194304 2.001003400
48 123 3 4194304 2.001003742
28 101 3 4194304 2.001003906
18 82 3 4194304 2.001004416
86 68 3 4194304 2.001005064
111 37 3 4194304 2.001005225
121 120 3 4194304 2.001005292
82 37 3 4194304 2.001005420
63 31 3 4194304 2.001006345
86 9 3 4194304 2.001006357
91 124 3 4194304 2.001006407
99 110 3 4194304 2.001006480
57 118 3 4194304 2.001006805
1 57 3 4194304 2.001006920
107 5 3 4194304 2.001007559
3 90 3 4194304 2.001008505
51 15 3 4194304 2.001008559
81 57 3 4194304 2.001008749
75 6 3 4194304 2.001008792
111 26 3 4194304 2.001008989
33 27 3 4194304 2.001009022
123 83 3 4194304 2.001009080
58 110 3 4194304 2.001009312
59 96 3 4194304 2.001009325
127 21 3 4194304 2.001009665
105 67 3 4194304 2.001009874
31 16 3 4194304 2.001009910
95 63 3 4194304 2.001009921
25 118 3 4194304 2.001010006
57 98 3 4194304 2.001010340
10 49 3 4194304 2.001010478
60 115 3 4194304 2.001010604
91 81 3 4194304 2.001010759
53 19 3 4194304 2.001010909
88 70 3 4194304 2.001011398
64 94 3 4194304 2.001012045
66 91 3 4194304 2.001012282
77 70 3 4194304 2.001012317
85 82 3 4194304 2.001012833
51 55 3 4194304 2.001012982
124 64 3 4194304 2.001013166
16 8 3 4194304 2.001013647
80 4 3 4194304 2.001013671
123 120 3 4194304 2.001013981
70 59 3 4194304 2.001014114
94 90 3 4194304 2.001014118
56 24 3 4194304 2.001014253
53 18 3 4194304 2.001014912
32 45 3 4194304 2.001015156
0 24 3 4194304 2.001015178
92 94 3 4194304 2.001015345
19 41 3 4194304 2.001015812
117 62 3 4194304 2.001016344
27 91 3 4194304 2.001016523
78 39 3 4194304 2.001016908
127 14 3 4194304 2.001017983
120 123 3 4194304 2.001018689
81 4 3 4194304 2.001018753
63 9 3 4194304 2.001019224
11 73 3 4194304 2.001019382
20 80 3 4194304 2.001019601
0 108 3 4194304 2.001019920
36 119 3 4194304 2.001020136
28 113 3 4194304 2.001020988
17 122 3 4194304 2.001021595
71 123 3 4194304 2.001021691
54 112 3 4194304 2.001022007
124 119 3 4194304 2.001022111
112 84 3 4194304 2.001022603
3 103 3 4194304 2.001023490
125 23 3 4194304 2.001023733
60 63 3 4194304 2.001025121
73 119 3 4194304 2.001025563
34 62 3 4194304 2.001025661
100 117 3 4194304 2.001026498
78 75 3 4194304 2.001026629
46 31 3 4194304 2.001027593
30 88 3 4194304 2.001027872
84 124 3 4194304 2.001028054
57 1 3 4194304 2.001028382
106 11 3 4194304 2.001028917
63 66 3 4194304 2.001028981
102 96 3 4194304 2.001029048
86 41 3 4194304 2.001029568
19 14 3 4194304 2.001029724
65 101 3 4194304 2.001030619
71 34 3 4194304 2.001031245
3 86 3 4194304 2.001031374
3 88 3 4194304 2.001031576
69 95 3 4194304 2.001031750
42 20 3 4194304 2.001031880
79 123 3 4194304 2.001031908
13 64 3 4194304 2.001032383
96 43 3 4194304 2.001032469
125 86 3 4194304 2.001032488
77 66 3 4194304 2.001032921
74 113 3 4194304 2.001032969
45 26 3 4194304 2.001032993
8 127 3 4194304 2.001033051
72 77 3 4194304 2.001033142
46 102 3 4194304 2.001033595
94 73 3 4194304 2.001034370
71 37 3 4194304 2.001034428
49 125 3 4194304 2.001034798
89 68 3 4194304 2.001034864
28 66 3 4194304 2.001034989
124 30 3 4194304 2.001035143
78 79 3 4194304 2.001035269
9 48 3 4194304 2.001035568
119 125 3 4194304 2.001035973
110 9 3 4194304 2.001036184
31 120 3 4194304 2.001036385
21 109 3 4194304 2.001036729
107 77 3 4194304 2.001037635
80 36 3 4194304 2.001037645
25 34 3 4194304 2.001037693
30 124 3 4194304 2.001038347
32 40 3 4194304 2.001039341
71 28 3 4194304 2.001039473
46 108 3 4194304 2.001039537
84 85 3 4194304 2.001039538
68 62 3 4194304 2.001039564
93 0 3 4194304 2.001041188
55 71 3 4194304 2.001041479
105 39 3 4194304 2.001041637
98 9 3 4194304 2.001041741
98 80 3 4194304 2.001042323
112 110 3 4194304 2.001042617
73 8 3 4194304 2.001043123
97 12 3 4194304 2.001043668
82 58 3 4194304 2.001044191
120 27 3 4194304 2.001044234
42 91 3 4194304 2.001044351
48 57 3 4194304 2.001045312
11 46 3 4194304 2.001045838
33 117 3 4194304 2.001045846
102 91 3 4194304 2.001046493
26 114 3 4194304 2.001047077
110 32 3 4194304 2.001047833
98 8 3 4194304 2.001048135
115 59 3 4194304 2.001049568
70 42 3 4194304 2.001049675
48 46 3 4194304 2.001049742
89 116 3 4194304 2.001050311
118 98 3 4194304 2.001050374
95 52 3 4194304 2.001051777
66 2 3 4194304 2.001051939
102 76 3 4194304 2.001052116
13 54 3 4194304 2.001052577
121 50 3 4194304 2.001052578
41 2 3 4194304 2.001052719
6 97 3 4194304 2.001052805
88 56 3 4194304 2.001053163
72 46 3 4194304 2.001053357
62 33 3 4194304 2.001053375
120 85 3 4194304 2.001053522
61 97 3 4194304 2.001053953
112 22 3 4194304 2.001054099
99 126 3 4194304 2.001054346
11 104 3 4194304 2.001054363
70 114 3 4194304 2.001054614
43 32 3 4194304 2.001054645
97 52 3 4194304 2.001054836
56 84 3 4194304 2.001055267
98 91 3 4194304 2.001055834
109 100 3 4194304 2.001056175
103 14 3 4194304 2.001056257
20 14 3 4194304 2.001056317
87 43 3 4194304 2.001056339
100 5 3 4194304 2.001056395
38 65 3 4194304 2.001056399
37 121 3 4194304 2.001056401
100 59 3 4194304 2.001056648
6 11 3 4194304 2.001057214
98 96 3 4194304 2.001057407
40 116 3 4194304 2.001057956
113 48 3 4194304 2.001058029
53 47 3 4194304 2.001058464
102 39 3 4194304 2.001058679
94 49 3 4194304 2.001058760
62 13 3 4194304 2.001059430
53 123 3 4194304 2.001059863
56 120 3 4194304 2.001060031
67 7 3 4194304 2.001060215
120 70 3 4194304 2.001060487
112 104 3 4194304 2.001060782
53 3 3 4194304 2.001061080
110 98 3 4194304 2.001061418
96 54 3 4194304 2.001061457
24 32 3 4194304 2.001061611
107 85 3 4194304 2.001061694
71 92 3 4194304 2.001062102
97 62 3 4194304 2.001062189
51 76 3 4194304 2.001062219
104 105 3 4194304 2.001062867
25 22 3 4194304 2.001062918
59 43 3 4194304 2.001063373
111 117 3 4194304 2.001063982
65 110 3 4194304 2.001064005
119 91 3 4194304 2.001064460
25 79 3 4194304 2.001064524
71 8 3 4194304 2.001065110
100 107 3 4194304 2.001065283
34 8 3 4194304 2.001066142
39 71 3 4194304 2.001066848
54 109 3 4194304 2.001067251
50 109 3 4194304 2.001067397
46 114 3 4194304 2.001068228
56 102 3 4194304 2.001068816
121 21 3 4194304 2.001069072
16 9 3 4194304 2.001069246
50 47 3 4194304 2.001069587
110 37 3 4194304 2.001069820
127 28 3 4194304 2.001069821
68 78 3 4194304 2.001070057
67 27 3 4194304 2.001070438
75 17 3 4194304 2.001070919
46 110 3 4194304 2.001071021
6 50 3 4194304 2.001071736
83 66 3 4194304 2.001072196
52 11 3 4194304 2.001073230
30 125 3 4194304 2.001073445
17 47 3 4194304 2.001073752
31 119 3 4194304 2.001073832
27 16 3 4194304 2.001073887
112 16 3 4194304 2.001073943
33 52 3 4194304 2.001073979
111 32 3 4194304 2.001074102
79 117 3 4194304 2.001074621
6 87 3 4194304 2.001074624
77 121 3 4194304 2.001074876
90 10 3 4194304 2.001075386
50 10 3 4194304 2.001075469
23 89 3 4194304 2.001076864
66 65 3 4194304 2.001077315
62 106 3 4194304 2.001077897
98 89 3 4194304 2.001078649
85 47 3 4194304 2.001078653
102 123 3 4194304 2.001078799
51 50 3 4194304 2.001079688
64 53 3 4194304 2.001079715
93 11 3 4194304 2.001079812
116 94 3 4194304 2.001079936
123 60 3 4194304 2.001080182
13 110 3 4194304 2.001080621
110 118 3 4194304 2.001080788
11 37 3 4194304 2.001081287
123 110 3 4194304 2.001081309
7 117 3 4194304 2.001081398
106 88 3 4194304 2.001081494
101 108 3 4194304 2.001081764
2 43 3 4194304 2.001081885
26 117 3 4194304 2.001082602
76 42 3 4194304 2.001082934
21 115 3 4194304 2.001083003
62 40 3 4194304 2.001083071
64 47 3 4194304 2.001083163
23 34 3 4194304 2.001083341
20 63 3 4194304 2.001083584
34 22 3 4194304 2.001083662
22 112 3 4194304 2.001083751
16 100 3 4194304 2.001083962
79 109 3 4194304 2.001085065
6 18 3 4194304 2.001085241
33 96 3 4194304 2.001085508
114 64 3 4194304 2.001085912
0 44 3 4194304 2.001085987
78 36 3 4194304 2.001086254
37 33 3 4194304 2.001086721
23 59 3 4194304 2.001086885
56 38 3 4194304 2.001087448
88 33 3 4194304 2.001087585
116 82 3 4194304 2.001087955
4 95 3 4194304 2.001088274
54 73 3 4194304 2.001088820
31 104 3 4194304 2.001089646
90 17 3 4194304 2.001089736
74 99 3 4194304 2.001089791
46 1 3 4194304 2.001089862
109 35 3 4194304 2.001089989
76 98 3 4194304 2.001090145
57 8 3 4194304 2.001090398
86 71 3 4194304 2.001090422
64 78 3 4194304 2.001090762
126 32 3 4194304 2.001091229
122 87 3 4194304 2.001091347
112 4 3 4194304 2.001092072
38 32 3 4194304 2.001092261
51 59 3 4194304 2.001092796
60 118 3 4194304 2.001092874
30 96 3 4194304 2.001092877
77 104 3 4194304 2.001092884
52 30 3 4194304 2.001093169
85 52 3 4194304 2.001093721
57 101 3 4194304 2.001093879
14 122 3 4194304 2.001094082
27 52 3 4194304 2.001094213
69 91 3 4194304 2.001094579
24 26 3 4194304 2.001094980
41 13 3 4194304 2.001095195
60 10 3 4194304 2.001096064
73 104 3 4194304 2.001096427
28 82 3 4194304 2.001096775
48 73 3 4194304 2.001097897
120 52 3 4194304 2.001098632
19 57 3 4194304 2.001098833
28 86 3 4194304 2.001098951
26 57 3 4194304 2.001099017
84 81 3 4194304 2.001099609
101 119 3 4194304 2.001099775
85 0 3 4194304 2.001099838
121 65 3 4194304 2.001100580
113 109 3 4194304 2.001100824
89 58 3 4194304 2.001101036
22 53 3 4194304 2.001102099
71 77 3 4194304 2.001102171
75 35 3 4194304 2.001102272
84 45 3 4194304 2.001103681
96 22 3 4194304 2.001104103
99 106 3 4194304 2.001104141
100 93 3 4194304 2.001104535
93 106 3 4194304 2.001104810
116 48 3 4194304 2.001104928
7 8 3 4194304 2.001105562
123 88 3 4194304 2.001106073
48 17 3 4194304 2.001106293
120 48 3 4194304 2.001106522
124 73 3 4194304 2.001106847
26 121 3 4194304 2.001107056
0 110 3 4194304 2.001107951
28 12 3 4194304 2.001108048
122 123 3 4194304 2.001108535
44 24 3 4194304 2.001108823
9 31 3 4194304 2.001108988
58 24 3 4194304 2.001109126
16 42 3 4194304 2.001109630
51 34 3 4194304 2.001109895
57 14 3 4194304 2.001109955
118 99 3 4194304 2.001110866
52 92 3 4194304 2.001111289
125 103 3 4194304 2.001111519
112 69 3 4194304 2.001111669
113 66 3 4194304 2.001111933
109 114 3 4194304 2.001112696
37 73 3 4194304 2.001112959
3 92 3 4194304 2.001113103
67 53 3 4194304 2.001113287
39 61 3 4194304 2.001114059
62 120 3 4194304 2.001114204
115 108 3 4194304 2.001114435
95 3 3 4194304 2.001114640
26 123 3 4194304 2.001114755
0 55 3 4194304 2.001115092
47 120 3 4194304 2.001115210
111 24 3 4194304 2.001116485
80 40 3 4194304 2.001116803
49 33 3 4194304 2.001117050
64 28 3 4194304 2.001117897
71 119 3 4194304 2.001118024
11 7 3 4194304 2.001118412
72 98 3 4194304 2.001118450
21 19 3 4194304 2.001118666
71 118 3 4194304 2.001118744
95 58 3 4194304 2.001118858
15 59 3 4194304 2.001119001
29 66 3 4194304 2.001119203
54 4 3 4194304 2.001119232
36 91 3 4194304 2.001119981
12 110 3 4194304 2.001120021
103 5 3 4194304 2.001120263
27 6 3 4194304 2.001120463
7 71 3 4194304 2.001120764
8 35 3 4194304 2.001120795
116 1 3 4194304 2.001120948
54 61 3 4194304 2.001121039
47 89 3 4194304 2.001121491
25 43 3 4194304 2.001121886
72 12 3 4194304 2.001121946
50 93 3 4194304 2.001121998
17 104 3 4194304 2.001122653
115 62 3 4194304 2.001122691
2 108 3 4194304 2.001123020
95 98 3 4194304 2.001123143
82 127 3 4194304 2.001123663
114 113 3 4194304 2.001123752
4 48 3 4194304 2.001124347
59 35 3 4194304 2.001124418
57 68 3 4194304 2.001124840
44 1 3 4194304 2.001124868
105 24 3 4194304 2.001124915
91 96 3 4194304 2.001125270
40 35 3 4194304 2.001125387
120 4 3 4194304 2.001125388
38 83 3 4194304 2.001125498
91 114 3 4194304 2.001125885
88 99 3 4194304 2.001125945
24 81 3 4194304 2.001126104
94 84 3 4194304 2.001126338
101 44 3 4194304 2.001126468
22 69 3 4194304 2.001126507
49 2 3 4194304 2.001126698
8 90 3 4194304 2.001126833
100 126 3 4194304 2.001127213
40 1 3 4194304 2.001127302
123 62 3 4194304 2.001127376
43 96 3 4194304 2.001127385
6 62 3 4194304 2.001127672
29 56 3 4194304 2.001127780
103 44 3 4194304 2.001128669
11 61 3 4194304 2.001128866
2 49 3 4194304 2.001128932
36 20 3 4194304 2.001129174
9 84 3 4194304 2.001129176
88 65 3 4194304 2.001129304
5 42 3 4194304 2.001129646
94 31 3 4194304 2.001129987
105 53 3 4194304 2.001130547
94 82 3 4194304 2.001130702
103 119 3 4194304 2.001130781
7 74 3 4194304 2.001130873
69 70 3 4194304 2.001131881
43 7 3 4194304 2.001132346
17 106 3 4194304 2.001133463
25 114 3 4194304 2.001133542
65 68 3 4194304 2.001133734
75 69 3 4194304 2.001134050
43 4 3 4194304 2.001134331
64 30 3 4194304 2.001134507
78 8 3 4194304 2.001134957
41 109 3 4194304 2.001135303
41 126 3 4194304 2.001135356
85 77 3 4194304 2.001135722
116 105 3 4194304 2.001135799
44 63 3 4194304 2.001135839
93 118 3 4194304 2.001136590
94 20 3 4194304 2.001136623
54 11 3 4194304 2.001136714
46 2 3 4194304 2.001137212
98 73 3 4194304 2.001137221
114 14 3 4194304 2.001137547
26 59 3 4194304 2.001137839
30 58 3 4194304 2.001138017
52 57 3 4194304 2.001138099
127 13 3 4194304 2.001138429
104 95 3 4194304 2.001138506
86 67 3 4194304 2.001138596
0 27 3 4194304 2.001139379
4 81 3 4194304 2.001139854
47 93 3 4194304 2.001140484
18 97 3 4194304 2.001140902
68 106 3 4194304 2.001141031
67 82 3 4194304 2.001142052
109 96 3 4194304 2.001142222
94 76 3 4194304 2.001142649
55 120 3 4194304 2.001143053
15 85 3 4194304 2.001143333
55 66 3 4194304 2.001143355
48 84 3 4194304 2.001143635
1 84 3 4194304 2.001143640
115 81 3 4194304 2.001144010
41 84 3 4194304 2.001144070
69 81 3 4194304 2.001144217
100 90 3 4194304 2.001144426
41 111 3 4194304 2.001144442
43 100 3 4194304 2.001144626
75 91 3 4194304 2.001146203
73 57 3 4194304 2.001146737
16 60 3 4194304 2.001147036
20 127 3 4194304 2.001147525
24 16 3 4194304 2.001147577
120 15 3 4194304 2.001147873
113 44 3 4194304 2.001147954
124 1 3 4194304 2.001148247
46 53 3 4194304 2.001148614
104 40 3 4194304 2.001148647
54 20 3 4194304 2.001148793
127 100 3 4194304 2.001148799
34 54 3 4194304 2.001149030
79 31 3 4194304 2.001150301
94 44 3 4194304 2.001150849
4 113 3 4194304 2.001151014
74 41 3 4194304 2.001151210
47 0 3 4194304 2.001151548
40 55 3 4194304 2.001151565
115 103 3 4194304 2.001152073
12 22 3 4194304 2.001152388
66 79 3 4194304 2.001152583
127 8 3 4194304 2.001152980
5 108 3 4194304 2.001152987
9 97 3 4194304 2.001153020
115 12 3 4194304 2.001153140
29 123 3 4194304 2.001153321
0 40 3 4194304 2.001153524
0 95 3 4194304 2.001153731
30 10 3 4194304 2.001154093
86 53 3 4194304 2.001154222
64 93 3 4194304 2.001154434
122 99 3 4194304 2.001154685
96 58 3 4194304 2.001155084
68 82 3 4194304 2.001155257
57 104 3 4194304 2.001155440
19 116 3 4194304 2.001155711
18 121 3 4194304 2.001155930
31 92 3 4194304 2.001156821
62 85 3 4194304 2.001156844
121 63 3 4194304 2.001157601
0 42 3 4194304 2.001157739
16 85 3 4194304 2.001157798
102 120 3 4194304 2.001158100
19 78 3 4194304 2.001158166
44 47 3 4194304 2.001158605
47 36 3 4194304 2.001158777
22 56 3 4194304 2.001158872
100 105 3 4194304 2.001159635
103 30 3 4194304 2.001160642
9 60 3 4194304 2.001161061
16 102 3 4194304 2.001161153
115 95 3 4194304 2.001161492
106 105 3 4194304 2.001161583
124 59 3 4194304 2.001161652
57 46 3 4194304 2.001161839
81 46 3 4194304 2.001162470
96 47 3 4194304 2.001162540
63 3 3 4194304 2.001163251
22 67 3 4194304 2.001163608
21 80 3 4194304 2.001163865
89 38 3 4194304 2.001164302
91 21 3 4194304 2.001164704
56 78 3 4194304 2.001164877
107 98 3 4194304 2.001164972
25 88 3 4194304 2.001165600
1 94 3 4194304 2.001165962
72 79 3 4194304 2.001166095
37 96 3 4194304 2.001166114
18 100 3 4194304 2.001166260
46 55 3 4194304 2.001166300
88 44 3 4194304 2.001166643
105 122 3 4194304 2.001167871
71 78 3 4194304 2.001167992
114 100 3 4194304 2.001168052
105 116 3 4194304 2.001168429
14 77 3 4194304 2.001170721
116 29 3 4194304 2.001170872
10 88 3 4194304 2.001170916
126 14 3 4194304 2.001171945
74 32 3 4194304 2.001172307
117 71 3 4194304 2.001172814
26 119 3 4194304 2.001173480
1 91 3 4194304 2.001173606
36 83 3 4194304 2.001173635
82 35 3 4194304 2.001173690
124 4 3 4194304 2.001173796
87 126 3 4194304 2.001174103
28 127 3 4194304 2.001174268
37 1 3 4194304 2.001174882
83 44 3 4194304 2.001175181
69 123 3 4194304 2.001175369
87 55 3 4194304 2.001176847
106 117 3 4194304 2.001177100
72 102 3 4194304 2.001177244
59 19 3 4194304 2.001177261
99 108 3 4194304 2.001177284
97 82 3 4194304 2.001178182
51 43 3 4194304 2.001178365
124 106 3 4194304 2.001178819
53 11 3 4194304 2.001179158
28 60 3 4194304 2.001179385
101 122 3 4194304 2.001179455
57 27 3 4194304 2.001179719
127 41 3 4194304 2.001180542
14 63 3 4194304 2.001181446
105 94 3 4194304 2.001181530
113 64 3 4194304 2.001181604
16 110 3 4194304 2.001181716
98 106 3 4194304 2.001182188
60 116 3 4194304 2.001182322
58 12 3 4194304 2.001182628
39 77 3 4194304 2.001182629
108 118 3 4194304 2.001183297
52 80 3 4194304 2.001183496
106 111 3 4194304 2.001184946
23 69 3 4194304 2.001185317
89 67 3 4194304 2.001185318
86 11 3 4194304 2.001185736
120 19 3 4194304 2.001186055
40 27 3 4194304 2.001186185
94 117 3 4194304 2.001186433
60 11 3 4194304 2.001187382
89 36 3 4194304 2.001187436
5 51 3 4194304 2.001187941
123 87 3 4194304 2.001188164
17 82 3 4194304 2.001188833
75 85 3 4194304 2.001188965
94 19 3 4194304 2.001189580
59 22 3 4194304 2.001189722
69 76 3 4194304 2.001189869
27 3 3 4194304 2.001190109
18 24 3 4194304 2.001190171
24 93 3 4194304 2.001190258
114 10 3 4194304 2.001190275
35 56 3 4194304 2.001190390
73 93 3 4194304 2.001190644
79 85 3 4194304 2.001190790
11 34 3 4194304 2.001191052
117 83 3 4194304 2.001191121
72 6 3 4194304 2.001191426
65 2 3 4194304 2.001191589
14 43 3 4194304 2.001191669
80 93 3 4194304 2.001192026
120 118 3 4194304 2.001192237
90 29 3 4194304 2.001192612
47 15 3 4194304 2.001193164
2 114 3 4194304 2.001193731
53 113 3 4194304 2.001194004
93 50 3 4194304 2.001194353
54 37 3 4194304 2.001194458
77 49 3 4194304 2.001195387
31 108 3 4194304 2.001195562
23 95 3 4194304 2.001196022
60 64 3 4194304 2.001196027
58 40 3 4194304 2.001196508
124 9 3 4194304 2.001196954
65 111 3 4194304 2.001197288
88 27 3 4194304 2.001197450
71 73 3 4194304 2.001197522
60 13 3 4194304 2.001197853
34 102 3 4194304 2.001198090
18 83 3 4194304 2.001198712
69 106 3 4194304 2.001198945
3 82 3 4194304 2.001199136
39 109 3 4194304 2.001199163
1 42 3 4194304 2.001199175
95 109 3 4194304 2.001200272
33 48 3 4194304 2.001200345
33 74 3 4194304 2.001200617
13 15 3 4194304 2.001201292
1 119 3 4194304 2.001201347
116 41 3 4194304 2.001201496
41 39 3 4194304 2.001201624
14 62 3 4194304 2.001202303
43 16 3 4194304 2.001202530
35 72 3 4194304 2.001203019
90 86 3 4194304 2.001203686
54 106 3 4194304 2.001205230
71 6 3 4194304 2.001205597
112 88 3 4194304 2.001206052
43 73 3 4194304 2.001206402
80 33 3 4194304 2.001206524
52 124 3 4194304 2.001207334
110 49 3 4194304 2.001207541
54 93 3 4194304 2.001207601
96 28 3 4194304 2.001207878
86 54 3 4194304 2.001207908
51 106 3 4194304 2.001208024
109 116 3 4194304 2.001208116
71 58 3 4194304 2.001208607
109 3 3 4194304 2.001208749
78 106 3 4194304 2.001208832
89 65 3 4194304 2.001208858
70 50 3 4194304 2.001208887
12 108 3 4194304 2.001209510
124 36 3 4194304 2.001209511
72 29 3 4194304 2.001209746
63 118 3 4194304 2.001210002
118 102 3 4194304 2.001210192
13 113 3 4194304 2.001210284
10 96 3 4194304 2.001210408
17 9 3 4194304 2.001210543
100 48 3 4194304 2.001211835
106 108 3 4194304 2.001211969
37 54 3 4194304 2.001212159
87 82 3 4194304 2.001212466
121 57 3 4194304 2.001212526
79 126 3 4194304 2.001212875
3 74 3 4194304 2.001213218
121 51 3 4194304 2.001213513
97 47 3 4194304 2.001213586
48 79 3 4194304 2.001213626
105 114 3 4194304 2.001213814
8 89 3 4194304 2.001213958
83 64 3 4194304 2.001214653
117 31 3 4194304 2.001214662
13 59 3 4194304 2.001215812
62 87 3 4194304 2.001215951
111 9 3 4194304 2.001216492
70 36 3 4194304 2.001217931
58 1 3 4194304 2.001218254
57 89 3 4194304 2.001218543
41 83 3 4194304 2.001218570
65 95 3 4194304 2.001219024
93 54 3 4194304 2.001219817
26 72 3 4194304 2.001220564
111 46 3 4194304 2.001220864
82 107 3 4194304 2.001221504
97 13 3 4194304 2.001221908
107 14 3 4194304 2.001222070
78 118 3 4194304 2.001222201
105 52 3 4194304 2.001222637
58 46 3 4194304 2.001222890
124 38 3 4194304 2.001223549
56 123 3 4194304 2.001224266
27 69 3 4194304 2.001224372
125 7 3 4194304 2.001224808
114 23 3 4194304 2.001225019
98 57 3 4194304 2.001225210
87 54 3 4194304 2.001225519
44 125 3 4194304 2.001225762
120 66 3 4194304 2.001226660
110 79 3 4194304 2.001226690
66 58 3 4194304 2.001227742
124 35 3 4194304 2.001228049
99 104 3 4194304 2.001228086
90 75 3 4194304 2.001228781
22 6 3 4194304 2.001228909
31 113 3 4194304 2.001229129
58 31 3 4194304 2.001229257
112 61 3 4194304 2.001229268
81 2 3 4194304 2.001230065
123 103 3 4194304 2.001230100
124 3 3 4194304 2.001230491
53 86 3 4194304 2.001230588
90 107 3 4194304 2.001230589
9 93 3 4194304 2.001230704
111 47 3 4194304 2.001230856
104 100 3 4194304 2.001230897
109 79 3 4194304 2.001231432
61 103 3 4194304 2.001231819
20 120 3 4194304 2.001231903
72 122 3 4194304 2.001232156
119 17 3 4194304 2.001232188
29 9 3 4194304 2.001232597
28 8 3 4194304 2.001233306
31 17 3 4194304 2.001233312
0 19 3 4194304 2.001234078
55 69 3 4194304 2.001234094
7 29 3 4194304 2.001234148
88 98 3 4194304 2.001234332
65 38 3 4194304 2.001234343
84 51 3 4194304 2.001234825
120 54 3 4194304 2.001235130
44 57 3 4194304 2.001235334
20 32 3 4194304 2.001235541
106 86 3 4194304 2.001236482
85 99 3 4194304 2.001236602
105 90 3 4194304 2.001236677
99 23 3 4194304 2.001236702
59 123 3 4194304 2.001237491
74 59 3 4194304 2.001237522
77 29 3 4194304 2.001237708
22 78 3 4194304 2.001237978
126 33 3 4194304 2.001238170
105 43 3 4194304 2.001238547
7 53 3 4194304 2.001238681
13 7 3 4194304 2.001238776
59 117 3 4194304 2.001239364
26 7 3 4194304 2.001239760
42 112 3 4194304 2.001239767
19 20 3 4194304 2.001239914
51 101 3 4194304 2.001240137
78 125 3 4194304 2.001240207
8 24 3 4194304 2.001240488
6 7 3 4194304 2.001240799
62 92 3 4194304 2.001241207
98 25 3 4194304 2.001242141
35 90 3 4194304 2.001242348
48 68 3 4194304 2.001242431
71 48 3 4194304 2.001243389
19 109 3 4194304 2.001244044
24 12 3 4194304 2.001244312
93 87 3 4194304 2.001244351
74 4 3 4194304 2.001244599
14 26 3 4194304 2.001244818
28 22 3 4194304 2.001245083
85 34 3 4194304 2.001245598
62 39 3 4194304 2.001245697
55 81 3 4194304 2.001246381
123 42 3 4194304 2.001247167
13 75 3 4194304 2.001247253
39 119 3 4194304 2.001248203
43 6 3 4194304 2.001248244
56 74 3 4194304 2.001248345
104 71 3 4194304 2.001248799
118 125 3 4194304 2.001249009
32 104 3 4194304 2.001249239
91 8 3 4194304 2.001249349
91 62 3 4194304 2.001249886
41 110 3 4194304 2.001250354
37 92 3 4194304 2.001250456
106 49 3 4194304 2.001250539
3 83 3 4194304 2.001250578
12 23 3 4194304 2.001251094
71 64 3 4194304 2.001251239
77 73 3 4194304 2.001251417
96 39 3 4194304 2.001252280
7 61 3 4194304 2.001252316
30 8 3 4194304 2.001252347
93 37 3 4194304 2.001252876
5 125 3 4194304 2.001253286
97 72 3 4194304 2.001254019
80 114 3 4194304 2.001254288
59 50 3 4194304 2.001254439
116 18 3 4194304 2.001255069
102 51 3 4194304 2.001255203
5 20 3 4194304 2.001255211
88 123 3 4194304 2.001255212
125 39 3 4194304 2.001255269
116 56 3 4194304 2.001256165
23 65 3 4194304 2.001256975
48 53 3 4194304 2.001257585
52 60 3 4194304 2.001257986
59 10 3 4194304 2.001257990
118 65 3 4194304 2.001258226
93 2 3 4194304 2.001259176
89 102 3 4194304 2.001259534
26 93 3 4194304 2.001259691
79 30 3 4194304 2.001259930
60 7 3 4194304 2.001260207
108 29 3 4194304 2.001260416
124 51 3 4194304 2.001260640
109 60 3 4194304 2.001260667
72 16 3 4194304 2.001261121
7 116 3 4194304 2.001261182
85 4 3 4194304 2.001262037
29 43 3 4194304 2.001262378
61 55 3 4194304 2.001262387
29 23 3 4194304 2.001262419
86 100 3 4194304 2.001263161
37 18 3 4194304 2.001263331
101 88 3 4194304 2.001263371
42 34 3 4194304 2.001263477
117 120 3 4194304 2.001263581
70 119 3 4194304 2.001263990
42 75 3 4194304 2.001264169
48 105 3 4194304 2.001264567
86 15 3 4194304 2.001264698
17 117 3 4194304 2.001264793
118 78 3 4194304 2.001265175
12 58 3 4194304 2.001265374
42 116 3 4194304 2.001265638
36 30 3 4194304 2.001265643
47 13 3 4194304 2.001265726
47 12 3 4194304 2.001265846
121 90 3 4194304 2.001266001
11 72 3 4194304 2.001266079
28 97 3 4194304 2.001266818
72 66 3 4194304 2.001267495
107 7 3 4194304 2.001267991
84 56 3 4194304 2.001268120
5 2 3 4194304 2.001268307
71 20 3 4194304 2.001268365
11 42 3 4194304 2.001268423
76 84 3 4194304 2.001268877
50 28 3 4194304 2.001269056
10 100 3 4194304 2.001269321
93 82 3 4194304 2.001269575
9 62 3 4194304 2.001269637
87 47 3 4194304 2.001269741
12 0 3 4194304 2.001270091
119 126 3 4194304 2.001270176
122 64 3 4194304 2.001270254
110 113 3 4194304 2.001270276
22 4 3 4194304 2.001270485
67 4 3 4194304 2.001270508
96 69 3 4194304 2.001270793
109 119 3 4194304 2.001271022
56 96 3 4194304 2.001271034
13 60 3 4194304 2.001271237
60 101 3 4194304 2.001272136
78 4 3 4194304 2.001272144
88 111 3 4194304 2.001272189
107 126 3 4194304 2.001273075
57 85 3 4194304 2.001274282
100 74 3 4194304 2.001274413
53 124 3 4194304 2.001274644
44 105 3 4194304 2.001275375
7 37 3 4194304 2.001275661
82 90 3 4194304 2.001275667
47 101 3 4194304 2.001276011
105 82 3 4194304 2.001276032
107 78 3 4194304 2.001276173
35 1 3 4194304 2.001276498
13 123 3 4194304 2.001277169
56 122 3 4194304 2.001277615
40 21 3 4194304 2.001278137
45 16 3 4194304 2.001278774
78 55 3 4194304 2.001278819
20 46 3 4194304 2.001279004
11 97 3 4194304 2.001279230
79 22 3 4194304 2.001279357
12 3 3 4194304 2.001279643
16 35 3 4194304 2.001280526
7 39 3 4194304 2.001280813
15 66 3 4194304 2.001280901
5 28 3 4194304 2.001282133
53 1 3 4194304 2.001282272
49 67 3 4194304 2.001282811
19 15 3 4194304 2.001283379
64 80 3 4194304 2.001283427
63 10 3 4194304 2.001284005
50 124 3 4194304 2.001284478
16 94 3 4194304 2.001284782
125 69 3 4194304 2.001285757
19 46 3 4194304 2.001285804
49 76 3 4194304 2.001285893
107 124 3 4194304 2.001286361
122 72 3 4194304 2.001286384
37 127 3 4194304 2.001286713
89 74 3 4194304 2.001286757
46 25 3 4194304 2.001287370
124 49 3 4194304 2.001287393
15 16 3 4194304 2.001287638
108 37 3 4194304 2.001287720
118 103 3 4194304 2.001288208
86 37 3 4194304 2.001288472
24 95 3 4194304 2.001288496
88 102 3 4194304 2.001288587
104 46 3 4194304 2.001288687
45 86 3 4194304 2.001288949
78 12 3 4194304 2.001289106
45 14 3 4194304 2.001289456
109 29 3 4194304 2.001289522
68 115 3 4194304 2.001289653
126 125 3 4194304 2.001289671
102 92 3 4194304 2.001289820
69 92 3 4194304 2.001289875
72 38 3 4194304 2.001289894
34 15 3 4194304 2.001289904
7 108 3 4194304 2.001289966
120 91 3 4194304 2.001290419
81 100 3 4194304 2.001291933
36 67 3 4194304 2.001292280
21 51 3 4194304 2.001292494
71 67 3 4194304 2.001293414
92 83 3 4194304 2.001294008
23 114 3 4194304 2.001294412
125 76 3 4194304 2.001294627
59 118 3 4194304 2.001295083
48 124 3 4194304 2.001295777
88 101 3 4194304 2.001295785
76 109 3 4194304 2.001295813
113 87 3 4194304 2.001295957
53 91 3 4194304 2.001296006
103 116 3 4194304 2.001296122
48 31 3 4194304 2.001296326
102 23 3 4194304 2.001296463
1 12 3 4194304 2.001296597
27 89 3 4194304 2.001296681
81 51 3 4194304 2.001297367
7 15 3 4194304 2.001297484
33 82 3 4194304 2.001298591
87 125 3 4194304 2.001298677
78 52 3 4194304 2.001298985
66 93 3 4194304 2.001300121
29 44 3 4194304 2.001300177
76 40 3 4194304 2.001301222
17 67 3 4194304 2.001301840
6 99 3 4194304 2.001301904
57 41 3 4194304 2.001302275
112 99 3 4194304 2.001302537
126 103 3 4194304 2.001302553
47 31 3 4194304 2.001303177
18 91 3 4194304 2.001303312
12 98 3 4194304 2.001303904
122 24 3 4194304 2.001304166
113 71 3 4194304 2.001304299
28 5 3 4194304 2.001304423
57 67 3 4194304 2.001304568
56 94 3 4194304 2.001304734
53 95 3 4194304 2.001305845
48 62 3 4194304 2.001306360
104 19 3 4194304 2.001306846
86 72 3 4194304 2.001307561
73 100 3 4194304 2.001307573
30 28 3 4194304 2.001307607
39 116 3 4194304 2.001307692
50 60 3 4194304 2.001308065
42 6 3 4194304 2.001308235
109 22 3 4194304 2.001308664
87 117 3 4194304 2.001308771
12 9 3 4194304 2.001308798
79 65 3 4194304 2.001308896
46 124 3 4194304 2.001308997
101 8 3 4194304 2.001309006
13 104 3 4194304 2.001309069
22 20 3 4194304 2.001309425
120 14 3 4194304 2.001309637
78 65 3 4194304 2.001309664
44 70 3 4194304 2.001309708
122 50 3 4194304 2.001309986
24 42 3 4194304 2.001310678
125 99 3 4194304 2.001310700
99 46 3 4194304 2.001311030
41 87 3 4194304 2.001311261
62 44 3 4194304 2.001311571
62 72 3 4194304 2.001311588
90 72 3 4194304 2.001311620
87 110 3 4194304 2.001311759
55 1 3 4194304 2.001311970
26 127 3 4194304 2.001312140
93 114 3 4194304 2.001312476
121 56 3 4194304 2.001312838
52 115 3 4194304 2.001313256
94 65 3 4194304 2.001313269
44 14 3 4194304 2.001313697
55 124 3 4194304 2.001313814
54 63 3 4194304 2.001314461
68 53 3 4194304 2.001314696
27 21 3 4194304 2.001315026
46 12 3 4194304 2.001315652
67 100 3 4194304 2.001315724
6 84 3 4194304 2.001315974
27 58 3 4194304 2.001315998
78 44 3 4194304 2.001316642
106 123 3 4194304 2.001316991
63 81 3 4194304 2.001317067
127 98 3 4194304 2.001317798
21 49 3 4194304 2.001318505
22 108 3 4194304 2.001318567
31 111 3 4194304 2.001318679
65 32 3 4194304 2.001319019
29 62 3 4194304 2.001319144
53 10 3 4194304 2.001319336
44 16 3 4194304 2.001319368
86 2 3 4194304 2.001319669
98 49 3 4194304 2.001320110
14 37 3 4194304 2.001320512
121 28 3 4194304 2.001320535
88 83 3 4194304 2.001320834
110 87 3 4194304 2.001320886
69 114 3 4194304 2.001321437
53 4 3 4194304 2.001321821
103 117 3 4194304 2.001322069
59 51 3 4194304 2.001322121
23 3 3 4194304 2.001322155
119 15 3 4194304 2.001322262
127 65 3 4194304 2.001322462
20 9 3 4194304 2.001323792
29 30 3 4194304 2.001324513
59 34 3 4194304 2.001324952
64 27 3 4194304 2.001325517
31 126 3 4194304 2.001325555
85 71 3 4194304 2.001325786
114 92 3 4194304 2.001325944
80 64 3 4194304 2.001326160
81 0 3 4194304 2.001326234
61 92 3 4194304 2.001326658
11 49 3 4194304 2.001326840
55 101 3 4194304 2.001327036
107 16 3 4194304 2.001327327
8 70 3 4194304 2.001328613
115 74 3 4194304 2.001329123
35 7 3 4194304 2.001329678
88 5 3 4194304 2.001329971
24 34 3 4194304 2.001330315
123 58 3 4194304 2.001330771
93 60 3 4194304 2.001330772
85 9 3 4194304 2.001331017
97 40 3 4194304 2.001331028
95 113 3 4194304 2.001331279
25 97 3 4194304 2.001331289
42 41 3 4194304 2.001331804
113 92 3 4194304 2.001331911
119 47 3 4194304 2.001331965
92 126 3 4194304 2.001332005
23 19 3 4194304 2.001332231
88 24 3 4194304 2.001332818
127 25 3 4194304 2.001333799
77 107 3 4194304 2.001333953
81 50 3 4194304 2.001333976
49 8 3 4194304 2.001335394
46 48 3 4194304 2.001335584
117 44 3 4194304 2.001335625
25 60 3 4194304 2.001335742
76 118 3 4194304 2.001336207
122 3 3 4194304 2.001336373
71 90 3 4194304 2.001337015
82 60 3 4194304 2.001337142
46 43 3 4194304 2.001338500
102 125 3 4194304 2.001338536
15 100 3 4194304 2.001338599
9 85 3 4194304 2.001338783
47 34 3 4194304 2.001338789
26 16 3 4194304 2.001339318
99 10 3 4194304 2.001339425
95 5 3 4194304 2.001339609
56 50 3 4194304 2.001339733
9 55 3 4194304 2.001340221
95 116 3 4194304 2.001340750
101 123 3 4194304 2.001340794
9 108 3 4194304 2.001341026
70 73 3 4194304 2.001342925
118 94 3 4194304 2.001342935
13 46 3 4194304 2.001343087
78 112 3 4194304 2.001343160
72 39 3 4194304 2.001343361
108 100 3 4194304 2.001343457
76 108 3 4194304 2.001343504
57 123 3 4194304 2.001343995
60 45 3 4194304 2.001344102
73 10 3 4194304 2.001344135
71 45 3 4194304 2.001344236
116 91 3 4194304 2.001344346
97 33 3 4194304 2.001344584
105 55 3 4194304 2.001344640
18 98 3 4194304 2.001344837
87 113 3 4194304 2.001345019
112 41 3 4194304 2.001345332
88 3 3 4194304 2.001345740
32 111 3 4194304 2.001345858
68 121 3 4194304 2.001345974
45 90 3 4194304 2.001346288
1 71 3 4194304 2.001346398
77 7 3 4194304 2.001346846
25 56 3 4194304 2.001347292
17 84 3 4194304 2.001347847
103 35 3 4194304 2.001348007
102 64 3 4194304 2.001348395
115 33 3 4194304 2.001348544
65 23 3 4194304 2.001348954
114 11 3 4194304 2.001348988
89 8 3 4194304 2.001349209
84 79 3 4194304 2.001349490
100 89 3 4194304 2.001349712
47 40 3 4194304 2.001350136
77 16 3 4194304 2.001350467
18 45 3 4194304 2.001350580
39 62 3 4194304 2.001351488
119 33 3 4194304 2.001351705
73 95 3 4194304 2.001351715
22 57 3 4194304 2.001351818
31 19 3 4194304 2.001352124
44 2 3 4194304 2.001352428
10 56 3 4194304 2.001352872
73 67 3 4194304 2.001353126
122 55 3 4194304 2.001353181
14 18 3 4194304 2.001354243
116 118 3 4194304 2.001354450
106 16 3 4194304 2.001354784
51 66 3 4194304 2.001354811
2 36 3 4194304 2.001354846
88 114 3 4194304 2.001355198
120 65 3 4194304 2.001355300
109 20 3 4194304 2.001356435
26 75 3 4194304 2.001356875
126 58 3 4194304 2.001356883
52 100 3 4194304 2.001357291
4 51 3 4194304 2.001357618
3 97 3 4194304 2.001358022
23 82 3 4194304 2.001358069
89 110 3 4194304 2.001358846
104 64 3 4194304 2.001358889
103 9 3 4194304 2.001359003
75 111 3 4194304 2.001359132
10 105 3 4194304 2.001359199
112 29 3 4194304 2.001359204
57 97 3 4194304 2.001359282
3 16 3 4194304 2.001359478
16 80 3 4194304 2.001360901
107 24 3 4194304 2.001361237
68 119 3 4194304 2.001361414
54 3 3 4194304 2.001361879
98 120 3 4194304 2.001361882
25 70 3 4194304 2.001362355
92 110 3 4194304 2.001362584
114 71 3 4194304 2.001362689
40 45 3 4194304 2.001362802
67 23 3 4194304 2.001363111
127 34 3 4194304 2.001363145
99 117 3 4194304 2.001363811
85 40 3 4194304 2.001366160
101 91 3 4194304 2.001366524
29 76 3 4194304 2.001366565
63 44 3 4194304 2.001366742
35 57 3 4194304 2.001367282
52 24 3 4194304 2.001367564
106 67 3 4194304 2.001368172
98 42 3 4194304 2.001368298
99 59 3 4194304 2.001368623
67 22 3 4194304 2.001369452
110 50 3 4194304 2.001370063
61 47 3 4194304 2.001371132
63 60 3 4194304 2.001371190
5 29 3 4194304 2.001371194
49 127 3 4194304 2.001371381
112 31 3 4194304 2.001371469
85 114 3 4194304 2.001372037
3 46 3 4194304 2.001372817
3 98 3 4194304 2.001373131
112 56 3 4194304 2.001373180
42 102 3 4194304 2.001373267
98 72 3 4194304 2.001373558
62 89 3 4194304 2.001373716
126 48 3 4194304 2.001374067
39 8 3 4194304 2.001374252
81 33 3 4194304 2.001374673
64 29 3 4194304 2.001375021
90 57 3 4194304 2.001375441
29 3 3 4194304 2.001375612
67 52 3 4194304 2.001375861
31 89 3 4194304 2.001376164
11 109 3 4194304 2.001376270
93 67 3 4194304 2.001376296
4 109 3 4194304 2.001376501
30 6 3 4194304 2.001376676
27 25 3 4194304 2.001376819
57 37 3 4194304 2.001377175
7 48 3 4194304 2.001378040
26 34 3 4194304 2.001378401
13 56 3 4194304 2.001378587
7 64 3 4194304 2.001378700
76 43 3 4194304 2.001378702
4 97 3 4194304 2.001378784
96 112 3 4194304 2.001378918
91 122 3 4194304 2.001379052
69 28 3 4194304 2.001379183
106 43 3 4194304 2.001379489
80 127 3 4194304 2.001379564
74 49 3 4194304 2.001379571
32 101 3 4194304 2.001379780
61 80 3 4194304 2.001379908
22 119 3 4194304 2.001380269
67 124 3 4194304 2.001380376
60 122 3 4194304 2.001380397
83 27 3 4194304 2.001381375
86 4 3 4194304 2.001381543
88 118 3 4194304 2.001381764
105 72 3 4194304 2.001381827
65 93 3 4194304 2.001382089
103 0 3 4194304 2.001382395
70 17 3 4194304 2.001382996
55 10 3 4194304 2.001383204
113 95 3 4194304 2.001383829
33 94 3 4194304 2.001384807
39 114 3 4194304 2.001385399
125 4 3 4194304 2.001385470
90 58 3 4194304 2.001385516
125 66 3 4194304 2.001385664
2 98 3 4194304 2.001385750
103 38 3 4194304 2.001385795
104 14 3 4194304 2.001385952
104 112 3 4194304 2.001386262
61 78 3 4194304 2.001386779
92 3 3 4194304 2.001387045
32 81 3 4194304 2.001387236
5 113 3 4194304 2.001387351
60 126 3 4194304 2.001387484
127 111 3 4194304 2.001388120
33 24 3 4194304 2.001388178
26 6 3 4194304 2.001388420
102 33 3 4194304 2.001388748
12 45 3 4194304 2.001390230
80 88 3 4194304 2.001390454
67 63 3 4194304 2.001390469
7 21 3 4194304 2.001390471
24 79 3 4194304 2.001390510
43 59 3 4194304 2.001390904
70 6 3 4194304 2.001390956
25 46 3 4194304 2.001391052
20 121 3 4194304 2.001391135
126 6 3 4194304 2.001391254
16 109 3 4194304 2.001391345
123 70 3 4194304 2.001391486
81 52 3 4194304 2.001391620
1 34 3 4194304 2.001391790
107 112 3 4194304 2.001391826
116 65 3 4194304 2.001392331
52 122 3 4194304 2.001392503
13 86 3 4194304 2.001393118
96 124 3 4194304 2.001393292
92 113 3 4194304 2.001393976
9 116 3 4194304 2.001393984
106 32 3 4194304 2.001396245
86 5 3 4194304 2.001396715
111 56 3 4194304 2.001397093
53 59 3 4194304 2.001397135
52 19 3 4194304 2.001397223
6 113 3 4194304 2.001397462
19 12 3 4194304 2.001397754
21 9 3 4194304 2.001397803
9 100 3 4194304 2.001397839
125 45 3 4194304 2.001397840
85 22 3 4194304 2.001398265
121 24 3 4194304 2.001398658
51 8 3 4194304 2.001398860
100 24 3 4194304 2.001398953
56 68 3 4194304 2.001399025
19 50 3 4194304 2.001399104
125 40 3 4194304 2.001399162
37 87 3 4194304 2.001399422
103 63 3 4194304 2.001400929
106 122 3 4194304 2.001401074
28 56 3 4194304 2.001401084
122 35 3 4194304 2.001401211
79 4 3 4194304 2.001401464
5 7 3 4194304 2.001401570
127 0 3 4194304 2.001401576
108 77 3 4194304 2.001401997
110 28 3 4194304 2.001402151
70 62 3 4194304 2.001402280
39 31 3 4194304 2.001402399
81 37 3 4194304 2.001402436
116 55 3 4194304 2.001403451
12 125 3 4194304 2.001403864
111 62 3 4194304 2.001404448
127 12 3 4194304 2.001404689
109 48 3 4194304 2.001406188
82 121 3 4194304 2.001406523
0 78 3 4194304 2.001407099
0 122 3 4194304 2.001407264
97 85 3 4194304 2.001407369
4 116 3 4194304 2.001407645
3 64 3 4194304 2.001408215
11 85 3 4194304 2.001408216
83 65 3 4194304 2.001408291
23 77 3 4194304 2.001408828
76 14 3 4194304 2.001409144
33 93 3 4194304 2.001409629
57 47 3 4194304 2.001410069
56 26 3 4194304 2.001410267
41 107 3 4194304 2.001411320
42 48 3 4194304 2.001412531
89 122 3 4194304 2.001412725
64 115 3 4194304 2.001412734
32 37 3 4194304 2.001413599
42 106 3 4194304 2.001413635
19 18 3 4194304 2.001413666
93 45 3 4194304 2.001413796
109 59 3 4194304 2.001414301
56 25 3 4194304 2.001415689
35 9 3 4194304 2.001416201
67 17 3 4194304 2.001416381
103 76 3 4194304 2.001416907
107 67 3 4194304 2.001416988
4 39 3 4194304 2.001417097
88 12 3 4194304 2.001417208
32 118 3 4194304 2.001417640
117 119 3 4194304 2.001418501
15 23 3 4194304 2.001418643
60 31 3 4194304 2.001418672
68 107 3 4194304 2.001418790
2 61 3 4194304 2.001419105
77 34 3 4194304 2.001419937
7 23 3 4194304 2.001420008
58 66 3 4194304 2.001420316
108 0 3 4194304 2.001420911
28 93 3 4194304 2.001421365
115 93 3 4194304 2.001422499
88 60 3 4194304 2.001422583
115 105 3 4194304 2.001423043
18 77 3 4194304 2.001423069
44 89 3 4194304 2.001423518
58 34 3 4194304 2.001424163
111 49 3 4194304 2.001424390
87 22 3 4194304 2.001424588
122 25 3 4194304 2.001425019
6 81 3 4194304 2.001425167
37 69 3 4194304 2.001425183
96 60 3 4194304 2.001425191
16 14 3 4194304 2.001425222
71 29 3 4194304 2.001425435
6 88 3 4194304 2.001425500
23 6 3 4194304 2.001426014
7 102 3 4194304 2.001426408
9 101 3 4194304 2.001426436
54 57 3 4194304 2.001426481
30 127 3 4194304 2.001427059
46 28 3 4194304 2.001428330
75 54 3 4194304 2.001428444
94 4 3 4194304 2.001429225
57 75 3 4194304 2.001429916
6 118 3 4194304 2.001430502
90 114 3 4194304 2.001430687
23 98 3 4194304 2.001431160
119 94 3 4194304 2.001431419
28 70 3 4194304 2.001431658
69 64 3 4194304 2.001432174
115 37 3 4194304 2.001432857
34 121 3 4194304 2.001432963
86 10 3 4194304 2.001433428
106 114 3 4194304 2.001433855
6 13 3 4194304 2.001434417
82 111 3 4194304 2.001435225
12 120 3 4194304 2.001435225
51 5 3 4194304 2.001435512
121 43 3 4194304 2.001435590
39 103 3 4194304 2.001435986
16 20 3 4194304 2.001436576
27 113 3 4194304 2.001436668
13 99 3 4194304 2.001436873
38 124 3 4194304 2.001437690
29 53 3 4194304 2.001438269
85 80 3 4194304 2.001438633
21 108 3 4194304 2.001438998
100 99 3 4194304 2.001439307
78 94 3 4194304 2.001439933
1 87 3 4194304 2.001440306
3 79 3 4194304 2.001440449
48 54 3 4194304 2.001440603
74 29 3 4194304 2.001440752
113 49 3 4194304 2.001440783
45 0 3 4194304 2.001440921
60 53 3 4194304 2.001441158
126 3 3 4194304 2.001441257
108 31 3 4194304 2.001441733
118 66 3 4194304 2.001442190
68 112 3 4194304 2.001442277
67 39 3 4194304 2.001442684
17 87 3 4194304 2.001442718
45 34 3 4194304 2.001443453
78 28 3 4194304 2.001443464
24 112 3 4194304 2.001443470
109 89 3 4194304 2.001444455
122 54 3 4194304 2.001445108
76 101 3 4194304 2.001445132
1 105 3 4194304 2.001445321
66 75 3 4194304 2.001445646
113 84 3 4194304 2.001445885
120 98 3 4194304 2.001445918
14 36 3 4194304 2.001446153
106 94 3 4194304 2.001446160
49 38 3 4194304 2.001446394
65 113 3 4194304 2.001446604
9 13 3 4194304 2.001446665
41 94 3 4194304 2.001446668
123 96 3 4194304 2.001447119
6 68 3 4194304 2.001447351
62 8 3 4194304 2.001447459
112 0 3 4194304 2.001447485
42 7 3 4194304 2.001447503
58 28 3 4194304 2.001447542
12 31 3 4194304 2.001447799
93 56 3 4194304 2.001448293
63 41 3 4194304 2.001448456
40 86 3 4194304 2.001449055
21 93 3 4194304 2.001449164
0 34 3 4194304 2.001450001
108 63 3 4194304 2.001450036
83 42 3 4194304 2.001450462
32 70 3 4194304 2.001450477
67 28 3 4194304 2.001450702
9 90 3 4194304 2.001450798
67 12 3 4194304 2.001451229
21 72 3 4194304 2.001451433
55 95 3 4194304 2.001451541
102 126 3 4194304 2.001451643
57 18 3 4194304 2.001451683
111 40 3 4194304 2.001451810
11 30 3 4194304 2.001452065
2 100 3 4194304 2.001452067
68 25 3 4194304 2.001453303
12 66 3 4194304 2.001453493
14 39 3 4194304 2.001453738
51 41 3 4194304 2.001453850
49 12 3 4194304 2.001454429
8 102 3 4194304 2.001454492
35 92 3 4194304 2.001454545
81 98 3 4194304 2.001454775
23 10 3 4194304 2.001455632
44 77 3 4194304 2.001455906
81 9 3 4194304 2.001456365
67 81 3 4194304 2.001456473
67 50 3 4194304 2.001456618
11 82 3 4194304 2.001456983
52 65 3 4194304 2.001457824
100 65 3 4194304 2.001458819
3 66 3 4194304 2.001459167
6 37 3 4194304 2.001459704
66 64 3 4194304 2.001460127
32 59 3 4194304 2.001460135
28 10 3 4194304 2.001460336
29 27 3 4194304 2.001460591
125 106 3 4194304 2.001460921
39 79 3 4194304 2.001461550
89 87 3 4194304 2.001461866
37 46 3 4194304 2.001462500
54 46 3 4194304 2.001462748
112 63 3 4194304 2.001462802
69 26 3 4194304 2.001463116
29 21 3 4194304 2.001463309
10 29 3 4194304 2.001463455
70 74 3 4194304 2.001463470
73 6 3 4194304 2.001463966
7 41 3 4194304 2.001464024
123 67 3 4194304 2.001464143
112 122 3 4194304 2.001464284
76 96 3 4194304 2.001464590
30 38 3 4194304 2.001464846
63 58 3 4194304 2.001465039
34 85 3 4194304 2.001465079
34 44 3 4194304 2.001465821
64 113 3 4194304 2.001466204
113 12 3 4194304 2.001466610
82 89 3 4194304 2.001466726
113 76 3 4194304 2.001466816
98 100 3 4194304 2.001466819
101 1 3 4194304 2.001466927
72 61 3 4194304 2.001467008
21 32 3 4194304 2.001467336
103 115 3 4194304 2.001468723
2 82 3 4194304 2.001468897
74 14 3 4194304 2.001468970
103 57 3 4194304 2.001469028
88 63 3 4194304 2.001469313
23 81 3 4194304 2.001469845
47 43 3 4194304 2.001469997
12 50 3 4194304 2.001470369
31 124 3 4194304 2.001471054
55 77 3 4194304 2.001471075
84 122 3 4194304 2.001471316
98 23 3 4194304 2.001471399
125 94 3 4194304 2.001471708
66 67 3 4194304 2.001471750
54 78 3 4194304 2.001472054
21 14 3 4194304 2.001472260
26 85 3 4194304 2.001472313
0 101 3 4194304 2.001472432
81 1 3 4194304 2.001472697
32 79 3 4194304 2.001473181
72 86 3 4194304 2.001473517
55 82 3 4194304 2.001473569
108 6 3 4194304 2.001473915
58 16 3 4194304 2.001473979
47 118 3 4194304 2.001474343
96 67 3 4194304 2.001474885
16 63 3 4194304 2.001474990
66 29 3 4194304 2.001475854
38 33 3 4194304 2.001476342
121 93 3 4194304 2.001476442
2 71 3 4194304 2.001476448
49 87 3 4194304 2.001476580
102 27 3 4194304 2.001477174
97 103 3 4194304 2.001477280
94 69 3 4194304 2.001477419
91 53 3 4194304 2.001477654
27 73 3 4194304 2.001477848
14 40 3 4194304 2.001478299
13 55 3 4194304 2.001478763
48 41 3 4194304 2.001479127
98 3 3 4194304 2.001479382
120 40 3 4194304 2.001479804
43 5 3 4194304 2.001480109
14 46 3 4194304 2.001480570
35 53 3 4194304 2.001480726
107 109 3 4194304 2.001481291
95 114 3 4194304 2.001481515
53 36 3 4194304 2.001481787
0 115 3 4194304 2.001481937
114 45 3 4194304 2.001482104
15 58 3 4194304 2.001482542
39 115 3 4194304 2.001482543
49 10 3 4194304 2.001483609
58 92 3 4194304 2.001483627
95 25 3 4194304 2.001483661
84 104 3 4194304 2.001483704
124 58 3 4194304 2.001484178
117 88 3 4194304 2.001484229
91 73 3 4194304 2.001484425
60 123 3 4194304 2.001484569
88 30 3 4194304 2.001484736
46 66 3 4194304 2.001485062
96 7 3 4194304 2.001485110
8 86 3 4194304 2.001485199
54 40 3 4194304 2.001485869
10 13 3 4194304 2.001486277
67 2 3 4194304 2.001486488
94 87 3 4194304 2.001487284
97 91 3 4194304 2.001487341
58 43 3 4194304 2.001487631
62 125 3 4194304 2.001487823
98 17 3 4194304 2.001488198
74 45 3 4194304 2.001488322
23 113 3 4194304 2.001488375
66 55 3 4194304 2.001488786
71 63 3 4194304 2.001488798
89 31 3 4194304 2.001488814
14 126 3 4194304 2.001488880
87 14 3 4194304 2.001489093
111 67 3 4194304 2.001489301
67 120 3 4194304 2.001489322
2 10 3 4194304 2.001490376
62 46 3 4194304 2.001490816
93 95 3 4194304 2.001490914
1 51 3 4194304 2.001490934
114 107 3 4194304 2.001491578
44 18 3 4194304 2.001491589
108 113 3 4194304 2.001492134
95 77 3 4194304 2.001492263
47 73 3 4194304 2.001492581
115 83 3 4194304 2.001492769
22 94 3 4194304 2.001493000
85 66 3 4194304 2.001493251
98 52 3 4194304 2.001493414
91 45 3 4194304 2.001493415
34 0 3 4194304 2.001493543
33 116 3 4194304 2.001493740
44 49 3 4194304 2.001493819
43 109 3 4194304 2.001494133
38 113 3 4194304 2.001494542
6 86 3 4194304 2.001494963
41 37 3 4194304 2.001495349
108 44 3 4194304 2.001496024
103 41 3 4194304 2.001496064
55 43 3 4194304 2.001496630
120 38 3 4194304 2.001496696
35 14 3 4194304 2.001496896
85 69 3 4194304 2.001497018
1 38 3 4194304 2.001497143
112 90 3 4194304 2.001497154
116 81 3 4194304 2.001497418
23 117 3 4194304 2.001497703
68 93 3 4194304 2.001497943
43 42 3 4194304 2.001497968
75 56 3 4194304 2.001498256
41 73 3 4194304 2.001499202
34 33 3 4194304 2.001499550
37 11 3 4194304 2.001499565
51 64 3 4194304 2.001499824
76 82 3 4194304 2.001499915
35 19 3 4194304 2.001499957
72 54 3 4194304 2.001500094
24 1 3 4194304 2.001500227
34 89 3 4194304 2.001500562
2 56 3 4194304 2.001500591
58 67 3 4194304 2.001500623
20 99 3 4194304 2.001500915
20 116 3 4194304 2.001501225
5 33 3 4194304 2.001501564
31 41 3 4194304 2.001501594
113 45 3 4194304 2.001501829
29 22 3 4194304 2.001502187
121 118 3 4194304 2.001502508
94 61 3 4194304 2.001502817
5 107 3 4194304 2.001503281
54 75 3 4194304 2.001503322
74 26 3 4194304 2.001503355
125 11 3 4194304 2.001503949
39 97 3 4194304 2.001504841
25 91 3 4194304 2.001504861
80 122 3 4194304 2.001505151
84 42 3 4194304 2.001505160
14 41 3 4194304 2.001505242
102 75 3 4194304 2.001505581
80 73 3 4194304 2.001505973
70 65 3 4194304 2.001506345
87 49 3 4194304 2.001506521
62 88 3 4194304 2.001506803
98 87 3 4194304 2.001507004
66 63 3 4194304 2.001507395
75 51 3 4194304 2.001507644
81 85 3 4194304 2.001507696
26 82 3 4194304 2.001509259
59 11 3 4194304 2.001509457
58 0 3 4194304 2.001509696
70 126 3 4194304 2.001509719
39 78 3 4194304 2.001509734
66 73 3 4194304 2.001510971
118 72 3 4194304 2.001511827
112 50 3 4194304 2.001512124
18 101 3 4194304 2.001512185
97 39 3 4194304 2.001512530
19 103 3 4194304 2.001512680
114 29 3 4194304 2.001512702
51 119 3 4194304 2.001512768
93 3 3 4194304 2.001512808
55 86 3 4194304 2.001512985
24 33 3 4194304 2.001513450
0 65 3 4194304 2.001513566
117 123 3 4194304 2.001513784
123 46 3 4194304 2.001513863
46 57 3 4194304 2.001514659
90 45 3 4194304 2.001514718
25 21 3 4194304 2.001514962
76 74 3 4194304 2.001515265
113 125 3 4194304 2.001515294
52 118 3 4194304 2.001515323
76 67 3 4194304 2.001515344
37 60 3 4194304 2.001515363
82 32 3 4194304 2.001515477
42 81 3 4194304 2.001515994
88 59 3 4194304 2.001516206
45 22 3 4194304 2.001516380
22 42 3 4194304 2.001516489
58 75 3 4194304 2.001516685
122 101 3 4194304 2.001516738
85 91 3 4194304 2.001516854
56 55 3 4194304 2.001517277
27 54 3 4194304 2.001517427
20 81 3 4194304 2.001517524
24 113 3 4194304 2.001519009
120 112 3 4194304 2.001519448
22 25 3 4194304 2.001519764
2 52 3 4194304 2.001520582
22 104 3 4194304 2.001520991
30 87 3 4194304 2.001521128
32 80 3 4194304 2.001521199
71 4 3 4194304 2.001521839
73 29 3 4194304 2.001521982
79 112 3 4194304 2.001522259
55 104 3 4194304 2.001522527
64 63 3 4194304 2.001522650
71 111 3 4194304 2.001522804
39 82 3 4194304 2.001522873
10 2 3 4194304 2.001522897
70 4 3 4194304 2.001523412
68 77 3 4194304 2.001523689
32 120 3 4194304 2.001524455
81 42 3 4194304 2.001524658
68 123 3 4194304 2.001525257
94 16 3 4194304 2.001525366
109 126 3 4194304 2.001526223
59 77 3 4194304 2.001526263
45 46 3 4194304 2.001526337
70 121 3 4194304 2.001526727
24 14 3 4194304 2.001526767
74 52 3 4194304 2.001527138
20 97 3 4194304 2.001527609
70 51 3 4194304 2.001528119
114 26 3 4194304 2.001528581
46 115 3 4194304 2.001530215
39 26 3 4194304 2.001530309
68 114 3 4194304 2.001531303
3 56 3 4194304 2.001531306
50 110 3 4194304 2.001531453
99 101 3 4194304 2.001531934
56 101 3 4194304 2.001531990
70 28 3 4194304 2.001532076
80 11 3 4194304 2.001532475
21 18 3 4194304 2.001532576
52 108 3 4194304 2.001532728
106 95 3 4194304 2.001532769
110 1 3 4194304 2.001533261
28 0 3 4194304 2.001533993
49 77 3 4194304 2.001534002
87 89 3 4194304 2.001534138
18 75 3 4194304 2.001534399
48 49 3 4194304 2.001534755
73 83 3 4194304 2.001534987
42 73 3 4194304 2.001535050
19 126 3 4194304 2.001535066
57 38 3 4194304 2.001535708
30 25 3 4194304 2.001535830
93 31 3 4194304 2.001536002
110 5 3 4194304 2.001536033
5 60 3 4194304 2.001536396
17 54 3 4194304 2.001537185
55 93 3 4194304 2.001537590
64 32 3 4194304 2.001538078
37 25 3 4194304 2.001538348
27 115 3 4194304 2.001538407
83 111 3 4194304 2.001538475
34 41 3 4194304 2.001538642
37 77 3 4194304 2.001538883
36 95 3 4194304 2.001539052
15 13 3 4194304 2.001539720
29 26 3 4194304 2.001539879
110 112 3 4194304 2.001541588
90 108 3 4194304 2.001542734
123 52 3 4194304 2.001543550
56 58 3 4194304 2.001544102
1 85 3 4194304 2.001544610
75 72 3 4194304 2.001545103
41 3 3 4194304 2.001545239
34 29 3 4194304 2.001545838
119 121 3 4194304 2.001546074
119 93 3 4194304 2.001546101
42 84 3 4194304 2.001546356
12 64 3 4194304 2.001546571
19 110 3 4194304 2.001546918
30 116 3 4194304 2.001547088
75 62 3 4194304 2.001547490
109 68 3 4194304 2.001548202
70 13 3 4194304 2.001548264
4 27 3 4194304 2.001548391
86 92 3 4194304 2.001548582
110 46 3 4194304 2.001549146
10 40 3 4194304 2.001549262
9 64 3 4194304 2.001549282
14 59 3 4194304 2.001549429
104 107 3 4194304 2.001549464
105 35 3 4194304 2.001549513
18 117 3 4194304 2.001549691
123 79 3 4194304 2.001549732
29 50 3 4194304 2.001549776
101 116 3 4194304 2.001549871
123 100 3 4194304 2.001550164
42 52 3 4194304 2.001550519
48 51 3 4194304 2.001550904
31 47 3 4194304 2.001551238
83 102 3 4194304 2.001551319
34 9 3 4194304 2.001551720
112 127 3 4194304 2.001552245
10 69 3 4194304 2.001552691
26 20 3 4194304 2.001552753
50 56 3 4194304 2.001553047
74 36 3 4194304 2.001553077
61 118 3 4194304 2.001553343
92 7 3 4194304 2.001553451
59 27 3 4194304 2.001553905
36 44 3 4194304 2.001554053
59 1 3 4194304 2.001554279
84 88 3 4194304 2.001554404
114 96 3 4194304 2.001554597
26 89 3 4194304 2.001554610
92 75 3 4194304 2.001556589
8 9 3 4194304 2.001556604
13 12 3 4194304 2.001556899
52 33 3 4194304 2.001556971
16 55 3 4194304 2.001557586
102 22 3 4194304 2.001558159
122 107 3 4194304 2.001558565
66 111 3 4194304 2.001558833
25 8 3 4194304 2.001558918
93 26 3 4194304 2.001559103
97 64 3 4194304 2.001559703
6 28 3 4194304 2.001559852
119 114 3 4194304 2.001560361
121 100 3 4194304 2.001560507
87 114 3 4194304 2.001560642
8 125 3 4194304 2.001561083
115 0 3 4194304 2.001561127
86 122 3 4194304 2.001561593
19 120 3 4194304 2.001562038
14 115 3 4194304 2.001562042
123 66 3 4194304 2.001562317
0 62 3 4194304 2.001562319
87 29 3 4194304 2.001562348
21 89 3 4194304 2.001562402
39 100 3 4194304 2.001562484
2 42 3 4194304 2.001562501
103 1 3 4194304 2.001562584
29 84 3 4194304 2.001562604
35 45 3 4194304 2.001562882
7 9 3 4194304 2.001563401
68 85 3 4194304 2.001563481
45 126 3 4194304 2.001564070
64 99 3 4194304 2.001564235
6 74 3 4194304 2.001564341
38 62 3 4194304 2.001564514
121 22 3 4194304 2.001564918
95 2 3 4194304 2.001565003
52 93 3 4194304 2.001565015
31 84 3 4194304 2.001565739
36 85 3 4194304 2.001565938
64 69 3 4194304 2.001566163
95 81 3 4194304 2.001566537
20 79 3 4194304 2.001567521
6 45 3 4194304 2.001567819
67 48 3 4194304 2.001568195
44 30 3 4194304 2.001568483
9 6 3 4194304 2.001569026
20 45 3 4194304 2.001569175
104 121 3 4194304 2.001570360
49 13 3 4194304 2.001570690
84 121 3 4194304 2.001571741
117 60 3 4194304 2.001572288
107 50 3 4194304 2.001572602
57 17 3 4194304 2.001574489
56 36 3 4194304 2.001574648
102 101 3 4194304 2.001574693
7 122 3 4194304 2.001574791
49 1 3 4194304 2.001576222
24 94 3 4194304 2.001576385
104 50 3 4194304 2.001576481
84 71 3 4194304 2.001576829
68 10 3 4194304 2.001577042
63 102 3 4194304 2.001577137
4 121 3 4194304 2.001577263
99 69 3 4194304 2.001578092
40 124 3 4194304 2.001578183
124 12 3 4194304 2.001578827
67 16 3 4194304 2.001579084
31 102 3 4194304 2.001579205
78 117 3 4194304 2.001580064
61 50 3 4194304 2.001580165
39 24 3 4194304 2.001580636
70 77 3 4194304 2.001580845
90 32 3 4194304 2.001581880
34 77 3 4194304 2.001582515
50 7 3 4194304 2.001583333
75 3 3 4194304 2.001583896
70 64 3 4194304 2.001584766
72 44 3 4194304 2.001585098
126 66 3 4194304 2.001585656
71 61 3 4194304 2.001585673
46 68 3 4194304 2.001586587
53 56 3 4194304 2.001586676
71 35 3 4194304 2.001586702
9 67 3 4194304 2.001586704
32 36 3 4194304 2.001586781
54 1 3 4194304 2.001587633
1 117 3 4194304 2.001588835
56 95 3 4194304 2.001589026
88 10 3 4194304 2.001589967
72 117 3 4194304 2.001589979
13 31 3 4194304 2.001590190
43 113 3 4194304 2.001590672
77 125 3 4194304 2.001590919
11 33 3 4194304 2.001591023
123 94 3 4194304 2.001591221
11 76 3 4194304 2.001591435
61 46 3 4194304 2.001591731
96 108 3 4194304 2.001591992
108 42 3 4194304 2.001592665
65 33 3 4194304 2.001593056
0 2 3 4194304 2.001593368
73 36 3 4194304 2.001593412
24 40 3 4194304 2.001593524
69 117 3 4194304 2.001593575
91 80 3 4194304 2.001593599
40 50 3 4194304 2.001593663
69 19 3 4194304 2.001593680
117 79 3 4194304 2.001593711
8 13 3 4194304 2.001594019
68 15 3 4194304 2.001594021
94 47 3 4194304 2.001594108
45 50 3 4194304 2.001594773
20 22 3 4194304 2.001595097
76 55 3 4194304 2.001595146
96 73 3 4194304 2.001595463
40 66 3 4194304 2.001595898
24 124 3 4194304 2.001596422
86 102 3 4194304 2.001597394
29 34 3 4194304 2.001597548
99 114 3 4194304 2.001597811
113 41 3 4194304 2.001597831
79 56 3 4194304 2.001598110
5 76 3 4194304 2.001598140
18 10 3 4194304 2.001598273
2 86 3 4194304 2.001598778
0 70 3 4194304 2.001599199
73 24 3 4194304 2.001599346
56 15 3 4194304 2.001599367
71 46 3 4194304 2.001600581
33 29 3 4194304 2.001600827
12 10 3 4194304 2.001600977
65 117 3 4194304 2.001602061
21 83 3 4194304 2.001603061
6 101 3 4194304 2.001603810
7 67 3 4194304 2.001604233
33 65 3 4194304 2.001604241
13 101 3 4194304 2.001604619
32 12 3 4194304 2.001604716
67 86 3 4194304 2.001605170
108 32 3 4194304 2.001605176
76 97 3 4194304 2.001605414
109 12 3 4194304 2.001605547
43 114 3 4194304 2.001605667
53 61 3 4194304 2.001605742
120 44 3 4194304 2.001605832
76 3 3 4194304 2.001606445
65 67 3 4194304 2.001606903
87 46 3 4194304 2.001607002
74 103 3 4194304 2.001607020
127 49 3 4194304 2.001607323
27 60 3 4194304 2.001607371
76 88 3 4194304 2.001607846
98 97 3 4194304 2.001608093
112 121 3 4194304 2.001608235
80 102 3 4194304 2.001608307
118 14 3 4194304 2.001608564
12 25 3 4194304 2.001608867
103 78 3 4194304 2.001609243
10 19 3 4194304 2.001609400
79 15 3 4194304 2.001609614
65 17 3 4194304 2.001610355
78 24 3 4194304 2.001610387
23 90 3 4194304 2.001610734
32 119 3 4194304 2.001610930
69 41 3 4194304 2.001611418
1 82 3 4194304 2.001611426
27 120 3 4194304 2.001611438
49 9 3 4194304 2.001611612
58 36 3 4194304 2.001611988
34 92 3 4194304 2.001612826
68 80 3 4194304 2.001613597
83 86 3 4194304 2.001613735
50 76 3 4194304 2.001613920
11 102 3 4194304 2.001613928
21 105 3 4194304 2.001613944
38 5 3 4194304 2.001614159
116 110 3 4194304 2.001614378
56 88 3 4194304 2.001615298
117 16 3 4194304 2.001615427
63 20 3 4194304 2.001615587
121 0 3 4194304 2.001615674
106 71 3 4194304 2.001616380
105 54 3 4194304 2.001616517
88 7 3 4194304 2.001616670
78 1 3 4194304 2.001617169
67 6 3 4194304 2.001617293
123 28 3 4194304 2.001617456
7 0 3 4194304 2.001617611
68 30 3 4194304 2.001618302
108 92 3 4194304 2.001619402
105 97 3 4194304 2.001619546
92 81 3 4194304 2.001619637
33 97 3 4194304 2.001619656
5 98 3 4194304 2.001619683
122 56 3 4194304 2.001620099
7 19 3 4194304 2.001620150
64 108 3 4194304 2.001620181
125 109 3 4194304 2.001620339
82 80 3 4194304 2.001620614
87 57 3 4194304 2.001620733
41 99 3 4194304 2.001620850
105 49 3 4194304 2.001621289
26 112 3 4194304 2.001621505
89 104 3 4194304 2.001621623
50 115 3 4194304 2.001621769
47 42 3 4194304 2.001622282
9 78 3 4194304 2.001622372
98 92 3 4194304 2.001623033
92 25 3 4194304 2.001623243
71 51 3 4194304 2.001623332
102 17 3 4194304 2.001623344
87 70 3 4194304 2.001624118
94 58 3 4194304 2.001624728
124 91 3 4194304 2.001624742
43 122 3 4194304 2.001624981
6 25 3 4194304 2.001625146
30 109 3 4194304 2.001625923
87 25 3 4194304 2.001625955
102 16 3 4194304 2.001626424
58 25 3 4194304 2.001626623
59 2 3 4194304 2.001626756
116 87 3 4194304 2.001627069
81 96 3 4194304 2.001627085
51 105 3 4194304 2.001627169
4 50 3 4194304 2.001627350
34 18 3 4194304 2.001627574
96 117 3 4194304 2.001627750
36 1 3 4194304 2.001628565
89 73 3 4194304 2.001628752
79 111 3 4194304 2.001628754
108 10 3 4194304 2.001628955
32 96 3 4194304 2.001629194
83 23 3 4194304 2.001629559
43 125 3 4194304 2.001629578
86 8 3 4194304 2.001630293
13 61 3 4194304 2.001630390
37 105 3 4194304 2.001630702
75 57 3 4194304 2.001630906
115 120 3 4194304 2.001630991
83 76 3 4194304 2.001631046
70 104 3 4194304 2.001631085
48 22 3 4194304 2.001631266
105 10 3 4194304 2.001631390
80 92 3 4194304 2.001631416
98 59 3 4194304 2.001631437
59 116 3 4194304 2.001631493
107 49 3 4194304 2.001632615
29 68 3 4194304 2.001634649
16 34 3 4194304 2.001634865
117 61 3 4194304 2.001635232
122 6 3 4194304 2.001635528
124 46 3 4194304 2.001635686
91 90 3 4194304 2.001635697
36 71 3 4194304 2.001636106
36 73 3 4194304 2.001636194
64 44 3 4194304 2.001636283
93 16 3 4194304 2.001636735
117 4 3 4194304 2.001637403
125 51 3 4194304 2.001637770
54 87 3 4194304 2.001638460
73 32 3 4194304 2.001638481
1 93 3 4194304 2.001639003
6 1 3 4194304 2.001639104
61 23 3 4194304 2.001639747
107 21 3 4194304 2.001640554
23 93 3 4194304 2.001640979
113 102 3 4194304 2.001641315
40 33 3 4194304 2.001641892
85 86 3 4194304 2.001642895
42 1 3 4194304 2.001643058
5 119 3 4194304 2.001643736
46 89 3 4194304 2.001643865
25 7 3 4194304 2.001644023
0 124 3 4194304 2.001644074
78 49 3 4194304 2.001644552
96 89 3 4194304 2.001644653
68 5 3 4194304 2.001644848
88 92 3 4194304 2.001644931
79 40 3 4194304 2.001644979
91 49 3 4194304 2.001645024
96 126 3 4194304 2.001645086
103 67 3 4194304 2.001645631
76 58 3 4194304 2.001645857
82 78 3 4194304 2.001646220
58 120 3 4194304 2.001646514
1 58 3 4194304 2.001646894
74 35 3 4194304 2.001646935
40 49 3 4194304 2.001647006
89 4 3 4194304 2.001647233
25 90 3 4194304 2.001647599
96 4 3 4194304 2.001647914
42 70 3 4194304 2.001647998
25 80 3 4194304 2.001648079
17 7 3 4194304 2.001648098
11 106 3 4194304 2.001648982
82 47 3 4194304 2.001649217
34 103 3 4194304 2.001649880
90 55 3 4194304 2.001650263
43 84 3 4194304 2.001650266
84 22 3 4194304 2.001651075
41 5 3 4194304 2.001651299
93 64 3 4194304 2.001651632
65 124 3 4194304 2.001652274
28 89 3 4194304 2.001652513
3 38 3 4194304 2.001652844
52 83 3 4194304 2.001653225
114 57 3 4194304 2.001653300
120 79 3 4194304 2.001654258
42 39 3 4194304 2.001654502
46 99 3 4194304 2.001654534
118 97 3 4194304 2.001654618
59 95 3 4194304 2.001654657
92 70 3 4194304 2.001654708
38 43 3 4194304 2.001654953
97 105 3 4194304 2.001655170
78 116 3 4194304 2.001655278
49 80 3 4194304 2.001655348
20 30 3 4194304 2.001655701
35 83 3 4194304 2.001655968
12 14 3 4194304 2.001656616
93 42 3 4194304 2.001656834
76 62 3 4194304 2.001657078
81 104 3 4194304 2.001657268
33 107 3 4194304 2.001657683
86 31 3 4194304 2.001658026
66 17 3 4194304 2.001658135
43 91 3 4194304 2.001658514
124 88 3 4194304 2.001659333
86 19 3 4194304 2.001659513
0 99 3 4194304 2.001659756
72 57 3 4194304 2.001660013
76 111 3 4194304 2.001660544
83 72 3 4194304 2.001661301
72 51 3 4194304 2.001661376
51 44 3 4194304 2.001661735
2 13 3 4194304 2.001662219
120 124 3 4194304 2.001662366
105 74 3 4194304 2.001662902
42 120 3 4194304 2.001662986
20 96 3 4194304 2.001663241
102 24 3 4194304 2.001664023
52 61 3 4194304 2.001664293
27 107 3 4194304 2.001664643
76 27 3 4194304 2.001664660
11 35 3 4194304 2.001665299
35 88 3 4194304 2.001665428
126 116 3 4194304 2.001666076
30 3 3 4194304 2.001666084
117 43 3 4194304 2.001666697
40 0 3 4194304 2.001667840
119 5 3 4194304 2.001667901
33 118 3 4194304 2.001668512
10 91 3 4194304 2.001669331
70 81 3 4194304 2.001669410
66 42 3 4194304 2.001670005
107 120 3 4194304 2.001670474
44 112 3 4194304 2.001671122
15 88 3 4194304 2.001671300
61 45 3 4194304 2.001671728
93 103 3 4194304 2.001671744
57 11 3 4194304 2.001671898
36 94 3 4194304 2.001672663
27 100 3 4194304 2.001672911
96 15 3 4194304 2.001672930
96 97 3 4194304 2.001673096
82 94 3 4194304 2.001673843
3 12 3 4194304 2.001673993
28 38 3 4194304 2.001674110
21 76 3 4194304 2.001674162
12 20 3 4194304 2.001674418
119 115 3 4194304 2.001674519
105 22 3 4194304 2.001674662
24 44 3 4194304 2.001674665
36 16 3 4194304 2.001674852
66 77 3 4194304 2.001675158
54 12 3 4194304 2.001675218
103 62 3 4194304 2.001675622
27 108 3 4194304 2.001675937
72 126 3 4194304 2.001676010
15 104 3 4194304 2.001676135
94 6 3 4194304 2.001676607
28 51 3 4194304 2.001676609
33 125 3 4194304 2.001677492
78 57 3 4194304 2.001678637
1 4 3 4194304 2.001678651
99 67 3 4194304 2.001679040
99 65 3 4194304 2.001679562
60 124 3 4194304 2.001680302
64 10 3 4194304 2.001680454
11 9 3 4194304 2.001680636
33 108 3 4194304 2.001680955
118 75 3 4194304 2.001681067
52 9 3 4194304 2.001681637
95 118 3 4194304 2.001681949
82 88 3 4194304 2.001682872
59 73 3 4194304 2.001682908
43 103 3 4194304 2.001683139
22 44 3 4194304 2.001683379
98 31 3 4194304 2.001683590
122 5 3 4194304 2.001683699
109 38 3 4194304 2.001684146
33 88 3 4194304 2.001684387
44 59 3 4194304 2.001685229
15 7 3 4194304 2.001685261
120 16 3 4194304 2.001685277
44 68 3 4194304 2.001685324
126 79 3 4194304 2.001685333
59 114 3 4194304 2.001685383
69 115 3 4194304 2.001685458
126 62 3 4194304 2.001685556
40 74 3 4194304 2.001685785
9 44 3 4194304 2.001685809
83 80 3 4194304 2.001686173
21 25 3 4194304 2.001686301
14 57 3 4194304 2.001686371
69 23 3 4194304 2.001686460
32 11 3 4194304 2.001686493
71 2 3 4194304 2.001687142
91 64 3 4194304 2.001687527
123 114 3 4194304 2.001687691
55 41 3 4194304 2.001687861
58 52 3 4194304 2.001687926
7 115 3 4194304 2.001688962
26 31 3 4194304 2.001689002
121 13 3 4194304 2.001689131
30 81 3 4194304 2.001689706
21 42 3 4194304 2.001689732
43 24 3 4194304 2.001689743
26 32 3 4194304 2.001689916
5 72 3 4194304 2.001690251
124 62 3 4194304 2.001690897
84 68 3 4194304 2.001691277
87 99 3 4194304 2.001692129
74 101 3 4194304 2.001692175
92 87 3 4194304 2.001692555
35 17 3 4194304 2.001692628
76 46 3 4194304 2.001692748
99 74 3 4194304 2.001692950
13 111 3 4194304 2.001692958
73 88 3 4194304 2.001693173
60 5 3 4194304 2.001693365
125 19 3 4194304 2.001694337
37 20 3 4194304 2.001694624
6 24 3 4194304 2.001694686
70 109 3 4194304 2.001695655
110 125 3 4194304 2.001695697
120 77 3 4194304 2.001696024
70 0 3 4194304 2.001697083
55 22 3 4194304 2.001697128
20 65 3 4194304 2.001697365
120 30 3 4194304 2.001697456
73 84 3 4194304 2.001697699
56 99 3 4194304 2.001697704
40 85 3 4194304 2.001698166
9 81 3 4194304 2.001698349
115 113 3 4194304 2.001698951
100 30 3 4194304 2.001699420
53 62 3 4194304 2.001699639
63 50 3 4194304 2.001699781
69 21 3 4194304 2.001700326
93 113 3 4194304 2.001700426
49 19 3 4194304 2.001700436
122 32 3 4194304 2.001700672
70 35 3 4194304 2.001701325
18 43 3 4194304 2.001701464
97 118 3 4194304 2.001701479
27 22 3 4194304 2.001701870
110 97 3 4194304 2.001702309
62 117 3 4194304 2.001702631
119 54 3 4194304 2.001703333
110 35 3 4194304 2.001703415
97 45 3 4194304 2.001703878
127 22 3 4194304 2.001704068
115 97 3 4194304 2.001704437
46 49 3 4194304 2.001704578
118 39 3 4194304 2.001704621
56 30 3 4194304 2.001704982
36 57 3 4194304 2.001706046
24 73 3 4194304 2.001706356
59 113 3 4194304 2.001706599
38 19 3 4194304 2.001706652
50 40 3 4194304 2.001707159
39 63 3 4194304 2.001707780
12 70 3 4194304 2.001708645
32 23 3 4194304 2.001708763
18 13 3 4194304 2.001709536
95 47 3 4194304 2.001709581
125 116 3 4194304 2.001710101
70 92 3 4194304 2.001710146
57 21 3 4194304 2.001710181
125 120 3 4194304 2.001710215
22 27 3 4194304 2.001710507
20 26 3 4194304 2.001710526
121 110 3 4194304 2.001710948
73 118 3 4194304 2.001712779
55 42 3 4194304 2.001713369
119 10 3 4194304 2.001713760
23 74 3 4194304 2.001713768
65 81 3 4194304 2.001713839
28 76 3 4194304 2.001714330
49 55 3 4194304 2.001714681
117 24 3 4194304 2.001715296
96 75 3 4194304 2.001715846
122 74 3 4194304 2.001716299
108 99 3 4194304 2.001716322
92 39 3 4194304 2.001716334
96 65 3 4194304 2.001716608
10 48 3 4194304 2.001716957
0 5 3 4194304 2.001717018
21 11 3 4194304 2.001717308
28 108 3 4194304 2.001717415
71 27 3 4194304 2.001717455
3 60 3 4194304 2.001717731
29 57 3 4194304 2.001717735
27 117 3 4194304 2.001717781
17 90 3 4194304 2.001718477
3 44 3 4194304 2.001718851
57 102 3 4194304 2.001718928
100 115 3 4194304 2.001719155
3 13 3 4194304 2.001720476
80 25 3 4194304 2.001720597
62 52 3 4194304 2.001720718
42 5 3 4194304 2.001721793
27 33 3 4194304 2.001721826
82 75 3 4194304 2.001722188
77 83 3 4194304 2.001722592
63 78 3 4194304 2.001722697
3 20 3 4194304 2.001722880
25 99 3 4194304 2.001723117
90 3 3 4194304 2.001723136
65 52 3 4194304 2.001723140
58 62 3 4194304 2.001723153
69 89 3 4194304 2.001723435
77 31 3 4194304 2.001723537
116 60 3 4194304 2.001723981
124 41 3 4194304 2.001724186
46 87 3 4194304 2.001724216
67 44 3 4194304 2.001724228
50 6 3 4194304 2.001724255
54 111 3 4194304 2.001724448
109 57 3 4194304 2.001725012
77 20 3 4194304 2.001725121
54 23 3 4194304 2.001726635
35 124 3 4194304 2.001726644
78 84 3 4194304 2.001726866
84 8 3 4194304 2.001727075
97 84 3 4194304 2.001727164
90 43 3 4194304 2.001727713
120 100 3 4194304 2.001727946
26 107 3 4194304 2.001728028
5 110 3 4194304 2.001728490
63 95 3 4194304 2.001728529
48 70 3 4194304 2.001728617
8 97 3 4194304 2.001729076
38 79 3 4194304 2.001729206
64 103 3 4194304 2.001730454
49 32 3 4194304 2.001730546
48 81 3 4194304 2.001730688
77 33 3 4194304 2.001730857
28 29 3 4194304 2.001731098
92 53 3 4194304 2.001731725
66 60 3 4194304 2.001732583
73 34 3 4194304 2.001732793
95 127 3 4194304 2.001732956
68 89 3 4194304 2.001733169
84 87 3 4194304 2.001733746
63 6 3 4194304 2.001733842
80 70 3 4194304 2.001734182
40 24 3 4194304 2.001734923
103 82 3 4194304 2.001735755
108 12 3 4194304 2.001735776
12 127 3 4194304 2.001735976
31 117 3 4194304 2.001736952
47 10 3 4194304 2.001737266
10 9 3 4194304 2.001737292
3 34 3 4194304 2.001737547
8 82 3 4194304 2.001738045
52 32 3 4194304 2.001738047
121 59 3 4194304 2.001738771
35 127 3 4194304 2.001739081
63 18 3 4194304 2.001739152
12 36 3 4194304 2.001739164
118 88 3 4194304 2.001739339
4 44 3 4194304 2.001739340
27 34 3 4194304 2.001739971
59 78 3 4194304 2.001740062
100 2 3 4194304 2.001740932
86 115 3 4194304 2.001741066
102 114 3 4194304 2.001741103
51 54 3 4194304 2.001741206
119 0 3 4194304 2.001741277
61 43 3 4194304 2.001741353
75 82 3 4194304 2.001741590
104 76 3 4194304 2.001741933
12 15 3 4194304 2.001742061
99 33 3 4194304 2.001742094
89 42 3 4194304 2.001742524
102 57 3 4194304 2.001742599
38 26 3 4194304 2.001742751
79 95 3 4194304 2.001742911
4 87 3 4194304 2.001743063
81 58 3 4194304 2.001743180
114 97 3 4194304 2.001743717
20 23 3 4194304 2.001744440
43 33 3 4194304 2.001744523
24 72 3 4194304 2.001744839
6 64 3 4194304 2.001745567
4 94 3 4194304 2.001746049
94 27 3 4194304 2.001746958
24 47 3 4194304 2.001748470
114 27 3 4194304 2.001748663
5 49 3 4194304 2.001749188
54 31 3 4194304 2.001749420
54 10 3 4194304 2.001749517
70 47 3 4194304 2.001749592
48 101 3 4194304 2.001750185
92 108 3 4194304 2.001750297
55 21 3 4194304 2.001750523
63 64 3 4194304 2.001750773
25 102 3 4194304 2.001751013
8 10 3 4194304 2.001751608
48 116 3 4194304 2.001751667
19 40 3 4194304 2.001752046
95 99 3 4194304 2.001752340
98 6 3 4194304 2.001752370
34 94 3 4194304 2.001752501
22 18 3 4194304 2.001752553
36 98 3 4194304 2.001752553
50 81 3 4194304 2.001752736
2 91 3 4194304 2.001752758
35 46 3 4194304 2.001753355
118 90 3 4194304 2.001753794
14 34 3 4194304 2.001754323
35 22 3 4194304 2.001754575
102 70 3 4194304 2.001754888
23 76 3 4194304 2.001755028
112 95 3 4194304 2.001755112
28 69 3 4194304 2.001755192
124 121 3 4194304 2.001755631
62 12 3 4194304 2.001755694
77 1 3 4194304 2.001755784
126 76 3 4194304 2.001755828
117 1 3 4194304 2.001755981
105 30 3 4194304 2.001756022
69 103 3 4194304 2.001756117
74 46 3 4194304 2.001756520
117 73 3 4194304 2.001756731
33 6 3 4194304 2.001756757
113 32 3 4194304 2.001757272
47 19 3 4194304 2.001757343
10 119 3 4194304 2.001757735
75 109 3 4194304 2.001758618
96 78 3 4194304 2.001758779
106 85 3 4194304 2.001759421
79 83 3 4194304 2.001759641
19 44 3 4194304 2.001760366
34 70 3 4194304 2.001760523
51 121 3 4194304 2.001760530
48 12 3 4194304 2.001761066
14 22 3 4194304 2.001761235
42 19 3 4194304 2.001761629
65 76 3 4194304 2.001761879
102 26 3 4194304 2.001762239
75 96 3 4194304 2.001762286
15 36 3 4194304 2.001763532
40 76 3 4194304 2.001764054
91 24 3 4194304 2.001764496
5 79 3 4194304 2.001764640
120 20 3 4194304 2.001764709
90 96 3 4194304 2.001765225
28 68 3 4194304 2.001765855
79 98 3 4194304 2.001765967
50 86 3 4194304 2.001766273
15 11 3 4194304 2.001767734
59 29 3 4194304 2.001767838
78 70 3 4194304 2.001767888
30 27 3 4194304 2.001768091
95 101 3 4194304 2.001768251
59 88 3 4194304 2.001768734
8 29 3 4194304 2.001769241
59 93 3 4194304 2.001769401
41 69 3 4194304 2.001769748
96 109 3 4194304 2.001769847
57 10 3 4194304 2.001770250
112 79 3 4194304 2.001770526
8 109 3 4194304 2.001770732
88 117 3 4194304 2.001771066
52 0 3 4194304 2.001771110
8 73 3 4194304 2.001771149
5 74 3 4194304 2.001771177
67 97 3 4194304 2.001771540
25 23 3 4194304 2.001771747
37 6 3 4194304 2.001771848
111 110 3 4194304 2.001771913
69 36 3 4194304 2.001772278
96 87 3 4194304 2.001772499
92 60 3 4194304 2.001772683
126 115 3 4194304 2.001773040
83 103 3 4194304 2.001773435
115 56 3 4194304 2.001773579
93 72 3 4194304 2.001773746
68 94 3 4194304 2.001773935
85 18 3 4194304 2.001773970
102 3 3 4194304 2.001774511
3 113 3 4194304 2.001774562
95 78 3 4194304 2.001774784
107 63 3 4194304 2.001775094
101 39 3 4194304 2.001775172
25 121 3 4194304 2.001775532
16 91 3 4194304 2.001775869
44 43 3 4194304 2.001775971
30 23 3 4194304 2.001776410
46 54 3 4194304 2.001776523
13 45 3 4194304 2.001777225
55 118 3 4194304 2.001777703
109 106 3 4194304 2.001777859
40 78 3 4194304 2.001778357
52 66 3 4194304 2.001779238
44 13 3 4194304 2.001779260
34 110 3 4194304 2.001779270
117 110 3 4194304 2.001779542
9 127 3 4194304 2.001779552
127 92 3 4194304 2.001779557
32 39 3 4194304 2.001779878
19 101 3 4194304 2.001779900
18 74 3 4194304 2.001780034
30 114 3 4194304 2.001780054
30 86 3 4194304 2.001780220
14 15 3 4194304 2.001780597
45 49 3 4194304 2.001781195
2 80 3 4194304 2.001781263
97 25 3 4194304 2.001781297
98 93 3 4194304 2.001781740
62 56 3 4194304 2.001781780
11 16 3 4194304 2.001781948
84 24 3 4194304 2.001781967
105 109 3 4194304 2.001782398
29 78 3 4194304 2.001783525
110 81 3 4194304 2.001783620
54 79 3 4194304 2.001783760
6 104 3 4194304 2.001784177
8 126 3 4194304 2.001784272
100 28 3 4194304 2.001784588
84 6 3 4194304 2.001784756
52 77 3 4194304 2.001785446
110 82 3 4194304 2.001785745
9 34 3 4194304 2.001785752
34 25 3 4194304 2.001786069
18 31 3 4194304 2.001787343
9 89 3 4194304 2.001787360
36 59 3 4194304 2.001787998
8 124 3 4194304 2.001788280
1 98 3 4194304 2.001788422
112 114 3 4194304 2.001788445
96 90 3 4194304 2.001788714
41 101 3 4194304 2.001789820
25 38 3 4194304 2.001789821
52 99 3 4194304 2.001789843
106 89 3 4194304 2.001790185
55 89 3 4194304 2.001790273
110 99 3 4194304 2.001790804
11 108 3 4194304 2.001790824
96 37 3 4194304 2.001791215
71 114 3 4194304 2.001791343
72 20 3 4194304 2.001792233
122 28 3 4194304 2.001792314
52 113 3 4194304 2.001792550
15 22 3 4194304 2.001792704
28 107 3 4194304 2.001793006
64 56 3 4194304 2.001793218
84 27 3 4194304 2.001794286
60 2 3 4194304 2.001794947
61 2 3 4194304 2.001795043
28 45 3 4194304 2.001795482
18 118 3 4194304 2.001795955
32 87 3 4194304 2.001797045
15 116 3 4194304 2.001797216
66 126 3 4194304 2.001797741
9 59 3 4194304 2.001797920
108 43 3 4194304 2.001798321
30 31 3 4194304 2.001798363
88 93 3 4194304 2.001798667
14 118 3 4194304 2.001798758
103 2 3 4194304 2.001798867
0 81 3 4194304 2.001799215
74 115 3 4194304 2.001799550
30 117 3 4194304 2.001799645
89 94 3 4194304 2.001800252
93 126 3 4194304 2.001800665
58 98 3 4194304 2.001800815
56 76 3 4194304 2.001801051
76 79 3 4194304 2.001801085
13 20 3 4194304 2.001801222
89 98 3 4194304 2.001801264
74 9 3 4194304 2.001801365
12 63 3 4194304 2.001801779
65 59 3 4194304 2.001802937
9 15 3 4194304 2.001803046
81 109 3 4194304 2.001803423
0 97 3 4194304 2.001803488
50 18 3 4194304 2.001803661
34 107 3 4194304 2.001804184
6 32 3 4194304 2.001804365
83 119 3 4194304 2.001804411
7 109 3 4194304 2.001805119
27 10 3 4194304 2.001805159
106 48 3 4194304 2.001805698
54 64 3 4194304 2.001805699
38 93 3 4194304 2.001805886
68 83 3 4194304 2.001805945
123 26 3 4194304 2.001806106
85 19 3 4194304 2.001806119
90 49 3 4194304 2.001806434
121 35 3 4194304 2.001806787
16 79 3 4194304 2.001806997
38 4 3 4194304 2.001807023
83 19 3 4194304 2.001807223
24 21 3 4194304 2.001807366
117 101 3 4194304 2.001807701
59 7 3 4194304 2.001808219
69 73 3 4194304 2.001808606
119 116 3 4194304 2.001808797
24 51 3 4194304 2.001809075
72 106 3 4194304 2.001809468
34 42 3 4194304 2.001809509
56 115 3 4194304 2.001809821
24 125 3 4194304 2.001810560
53 108 3 4194304 2.001810777
99 63 3 4194304 2.001811003
70 72 3 4194304 2.001811169
0 85 3 4194304 2.001811499
116 100 3 4194304 2.001811726
53 52 3 4194304 2.001811932
8 38 3 4194304 2.001811998
109 97 3 4194304 2.001812389
32 46 3 4194304 2.001812926
34 12 3 4194304 2.001813338
40 22 3 4194304 2.001813548
45 73 3 4194304 2.001814563
44 107 3 4194304 2.001814883
127 15 3 4194304 2.001815000
82 55 3 4194304 2.001815317
6 48 3 4194304 2.001815360
102 95 3 4194304 2.001815863
19 64 3 4194304 2.001815896
13 124 3 4194304 2.001816157
83 29 3 4194304 2.001816435
65 53 3 4194304 2.001817152
36 100 3 4194304 2.001817356
98 101 3 4194304 2.001817525
42 55 3 4194304 2.001817605
44 10 3 4194304 2.001817975
61 99 3 4194304 2.001818794
85 35 3 4194304 2.001818853
88 108 3 4194304 2.001819737
122 113 3 4194304 2.001819980
119 70 3 4194304 2.001820209
67 99 3 4194304 2.001820421
55 5 3 4194304 2.001820836
0 35 3 4194304 2.001821491
124 66 3 4194304 2.001821496
8 53 3 4194304 2.001821625
96 13 3 4194304 2.001822805
25 119 3 4194304 2.001822905
41 23 3 4194304 2.001823364
50 55 3 4194304 2.001823670
14 27 3 4194304 2.001823738
36 90 3 4194304 2.001824368
107 102 3 4194304 2.001824746
59 58 3 4194304 2.001825522
2 89 3 4194304 2.001826285
3 68 3 4194304 2.001826603
76 85 3 4194304 2.001826821
55 15 3 4194304 2.001827037
82 0 3 4194304 2.001827232
117 30 3 4194304 2.001827509
82 104 3 4194304 2.001827813
51 17 3 4194304 2.001828039
89 107 3 4194304 2.001828331
24 110 3 4194304 2.001828724
89 90 3 4194304 2.001829418
121 78 3 4194304 2.001829509
93 102 3 4194304 2.001829688
106 59 3 4194304 2.001829971
63 90 3 4194304 2.001830226
47 3 3 4194304 2.001830618
124 6 3 4194304 2.001830867
13 97 3 4194304 2.001831109
35 13 3 4194304 2.001832630
104 82 3 4194304 2.001832676
90 102 3 4194304 2.001833281
33 19 3 4194304 2.001833811
120 46 3 4194304 2.001833860
107 117 3 4194304 2.001833960
25 93 3 4194304 2.001834250
95 45 3 4194304 2.001834415
39 95 3 4194304 2.001834736
39 33 3 4194304 2.001834844
49 61 3 4194304 2.001835070
114 122 3 4194304 2.001835300
18 85 3 4194304 2.001835312
81 15 3 4194304 2.001835562
44 93 3 4194304 2.001835916
121 117 3 4194304 2.001835982
90 47 3 4194304 2.001836219
111 8 3 4194304 2.001836245
32 42 3 4194304 2.001836514
26 62 3 4194304 2.001837095
42 117 3 4194304 2.001837367
69 11 3 4194304 2.001837458
122 45 3 4194304 2.001837809
21 94 3 4194304 2.001837938
68 6 3 4194304 2.001838186
40 105 3 4194304 2.001838271
8 77 3 4194304 2.001838805
86 93 3 4194304 2.001839225
11 56 3 4194304 2.001839569
69 63 3 4194304 2.001839944
50 22 3 4194304 2.001840276
30 12 3 4194304 2.001840475
14 108 3 4194304 2.001840571
41 34 3 4194304 2.001840608
55 70 3 4194304 2.001841160
7 35 3 4194304 2.001841518
126 7 3 4194304 2.001842021
77 72 3 4194304 2.001842631
99 90 3 4194304 2.001842776
125 56 3 4194304 2.001843615
15 5 3 4194304 2.001843830
90 24 3 4194304 2.001844550
87 28 3 4194304 2.001844572
19 107 3 4194304 2.001844627
61 37 3 4194304 2.001844661
86 39 3 4194304 2.001844920
11 74 3 4194304 2.001845160
115 31 3 4194304 2.001845436
25 120 3 4194304 2.001845728
122 93 3 4194304 2.001845832
98 127 3 4194304 2.001846433
79 107 3 4194304 2.001846506
40 102 3 4194304 2.001847062
97 95 3 4194304 2.001847249
37 21 3 4194304 2.001847763
3 23 3 4194304 2.001848066
120 23 3 4194304 2.001848189
77 85 3 4194304 2.001848191
106 50 3 4194304 2.001848398
119 85 3 4194304 2.001849069
126 75 3 4194304 2.001849610
5 44 3 4194304 2.001850011
47 46 3 4194304 2.001850346
86 105 3 4194304 2.001850403
70 31 3 4194304 2.001850498
106 58 3 4194304 2.001850840
121 96 3 4194304 2.001851592
55 3 3 4194304 2.001851628
69 97 3 4194304 2.001851950
101 16 3 4194304 2.001852026
100 84 3 4194304 2.001852125
96 1 3 4194304 2.001852160
107 81 3 4194304 2.001852343
72 3 3 4194304 2.001852360
94 83 3 4194304 2.001853443
101 61 3 4194304 2.001853707
15 75 3 4194304 2.001854044
28 103 3 4194304 2.001854370
7 97 3 4194304 2.001854688
49 124 3 4194304 2.001854847
63 4 3 4194304 2.001855731
103 123 3 4194304 2.001856653
1 29 3 4194304 2.001856857
56 59 3 4194304 2.001858001
30 18 3 4194304 2.001858525
49 62 3 4194304 2.001858780
124 40 3 4194304 2.001858979
88 89 3 4194304 2.001859311
126 29 3 4194304 2.001859527
84 60 3 4194304 2.001859684
17 26 3 4194304 2.001860083
73 63 3 4194304 2.001860321
23 24 3 4194304 2.001860706
122 57 3 4194304 2.001861190
91 12 3 4194304 2.001861679
39 42 3 4194304 2.001861839
125 33 3 4194304 2.001861894
119 88 3 4194304 2.001862040
116 71 3 4194304 2.001862748
39 10 3 4194304 2.001862972
80 78 3 4194304 2.001863059
10 106 3 4194304 2.001863206
91 126 3 4194304 2.001863269
84 29 3 4194304 2.001863636
108 21 3 4194304 2.001864237
25 95 3 4194304 2.001864856
48 126 3 4194304 2.001865131
78 115 3 4194304 2.001865156
114 112 3 4194304 2.001865223
3 53 3 4194304 2.001865635
86 35 3 4194304 2.001866250
101 43 3 4194304 2.001866369
38 117 3 4194304 2.001866442
22 105 3 4194304 2.001866848
75 25 3 4194304 2.001867257
31 66 3 4194304 2.001867374
61 126 3 4194304 2.001868849
73 114 3 4194304 2.001868854
82 30 3 4194304 2.001869952
75 41 3 4194304 2.001870255
36 86 3 4194304 2.001870378
99 61 3 4194304 2.001870521
89 69 3 4194304 2.001870665
10 71 3 4194304 2.001871338
60 35 3 4194304 2.001871384
8 23 3 4194304 2.001871568
74 58 3 4194304 2.001871584
56 114 3 4194304 2.001872481
89 92 3 4194304 2.001872544
44 85 3 4194304 2.001873840
49 95 3 4194304 2.001874490
28 109 3 4194304 2.001874782
44 39 3 4194304 2.001874784
9 69 3 4194304 2.001874920
110 55 3 4194304 2.001874940
12 105 3 4194304 2.001875369
8 75 3 4194304 2.001875434
26 100 3 4194304 2.001875562
37 9 3 4194304 2.001875950
122 66 3 4194304 2.001876106
4 7 3 4194304 2.001876222
127 67 3 4194304 2.001877285
24 58 3 4194304 2.001877320
103 87 3 4194304 2.001877405
56 113 3 4194304 2.001877540
76 110 3 4194304 2.001877600
7 111 3 4194304 2.001877743
53 112 3 4194304 2.001877744
11 0 3 4194304 2.001878057
29 4 3 4194304 2.001878428
90 117 3 4194304 2.001879604
79 74 3 4194304 2.001879923
51 18 3 4194304 2.001880135
86 57 3 4194304 2.001880868
127 23 3 4194304 2.001881050
62 36 3 4194304 2.001881169
53 85 3 4194304 2.001881348
9 98 3 4194304 2.001881410
1 7 3 4194304 2.001881525
31 2 3 4194304 2.001881640
50 67 3 4194304 2.001881905
26 110 3 4194304 2.001882227
20 50 3 4194304 2.001883196
99 62 3 4194304 2.001883368
50 58 3 4194304 2.001883769
81 107 3 4194304 2.001884291
6 75 3 4194304 2.001884887
100 97 3 4194304 2.001885240
42 83 3 4194304 2.001885446
51 117 3 4194304 2.001885795
56 65 3 4194304 2.001886022
81 29 3 4194304 2.001886163
37 102 3 4194304 2.001886561
1 80 3 4194304 2.001886613
67 10 3 4194304 2.001886995
109 39 3 4194304 2.001887000
86 44 3 4194304 2.001887015
110 66 3 4194304 2.001887222
107 39 3 4194304 2.001887749
84 102 3 4194304 2.001887770
75 117 3 4194304 2.001888471
55 40 3 4194304 2.001888484
28 88 3 4194304 2.001888496
116 21 3 4194304 2.001888805
106 2 3 4194304 2.001888822
116 52 3 4194304 2.001888903
20 1 3 4194304 2.001889046
85 61 3 4194304 2.001889131
11 18 3 4194304 2.001889528
87 88 3 4194304 2.001890366
124 79 3 4194304 2.001890445
87 116 3 4194304 2.001890584
73 12 3 4194304 2.001891067
59 85 3 4194304 2.001891284
70 98 3 4194304 2.001891848
40 67 3 4194304 2.001892977
120 2 3 4194304 2.001893187
93 46 3 4194304 2.001893264
32 106 3 4194304 2.001894046
61 102 3 4194304 2.001894381
123 68 3 4194304 2.001894509
41 93 3 4194304 2.001894776
104 18 3 4194304 2.001894813
125 44 3 4194304 2.001894963
79 82 3 4194304 2.001895172
48 127 3 4194304 2.001895378
69 30 3 4194304 2.001896888
51 71 3 4194304 2.001897493
61 91 3 4194304 2.001897539
55 73 3 4194304 2.001897964
26 98 3 4194304 2.001898297
92 55 3 4194304 2.001898426
80 2 3 4194304 2.001899170
101 126 3 4194304 2.001899418
43 21 3 4194304 2.001899696
50 100 3 4194304 2.001899783
26 105 3 4194304 2.001899938
107 23 3 4194304 2.001900037
23 26 3 4194304 2.001900655
43 29 3 4194304 2.001900678
91 2 3 4194304 2.001900995
30 9 3 4194304 2.001901229
121 79 3 4194304 2.001901609
101 48 3 4194304 2.001902394
54 42 3 4194304 2.001903081
84 80 3 4194304 2.001903457
50 125 3 4194304 2.001903649
60 0 3 4194304 2.001904171
9 43 3 4194304 2.001904771
104 24 3 4194304 2.001906201
58 49 3 4194304 2.001906580
30 95 3 4194304 2.001906820
30 39 3 4194304 2.001907071
9 76 3 4194304 2.001907212
34 6 3 4194304 2.001907298
111 54 3 4194304 2.001907304
53 25 3 4194304 2.001907602
78 41 3 4194304 2.001908800
115 34 3 4194304 2.001908929
19 74 3 4194304 2.001909592
16 93 3 4194304 2.001910438
103 97 3 4194304 2.001912268
69 110 3 4194304 2.001912337
86 119 3 4194304 2.001912919
32 13 3 4194304 2.001913044
66 105 3 4194304 2.001913357
95 12 3 4194304 2.001913665
15 94 3 4194304 2.001914197
59 49 3 4194304 2.001914442
73 35 3 4194304 2.001914535
103 127 3 4194304 2.001914579
111 70 3 4194304 2.001914789
15 34 3 4194304 2.001915289
112 2 3 4194304 2.001915522
53 84 3 4194304 2.001915588
38 46 3 4194304 2.001915726
119 111 3 4194304 2.001915802
124 69 3 4194304 2.001916477
64 67 3 4194304 2.001916561
28 85 3 4194304 2.001916612
64 95 3 4194304 2.001916972
49 28 3 4194304 2.001917065
85 116 3 4194304 2.001917443
15 70 3 4194304 2.001917880
82 83 3 4194304 2.001918525
1 23 3 4194304 2.001918934
28 123 3 4194304 2.001919319
99 88 3 4194304 2.001919629
60 79 3 4194304 2.001919880
49 116 3 4194304 2.001920193
107 36 3 4194304 2.001920442
10 66 3 4194304 2.001920486
82 13 3 4194304 2.001920889
4 52 3 4194304 2.001921867
51 116 3 4194304 2.001921955
80 113 3 4194304 2.001922420
69 60 3 4194304 2.001922593
59 17 3 4194304 2.001922702
17 30 3 4194304 2.001923013
90 1 3 4194304 2.001923129
102 111 3 4194304 2.001923154
53 40 3 4194304 2.001923923
69 80 3 4194304 2.001924302
47 16 3 4194304 2.001924362
20 100 3 4194304 2.001924369
7 123 3 4194304 2.001924468
12 41 3 4194304 2.001924689
89 41 3 4194304 2.001925433
92 71 3 4194304 2.001925683
33 71 3 4194304 2.001925813
72 11 3 4194304 2.001926048
19 68 3 4194304 2.001926620
36 116 3 4194304 2.001926918
36 54 3 4194304 2.001926965
114 126 3 4194304 2.001927132
58 80 3 4194304 2.001927225
72 40 3 4194304 2.001927577
117 7 3 4194304 2.001927602
83 78 3 4194304 2.001927979
80 75 3 4194304 2.001928044
90 27 3 4194304 2.001928753
22 39 3 4194304 2.001928756
36 28 3 4194304 2.001928916
19 21 3 4194304 2.001928926
80 51 3 4194304 2.001929057
56 0 3 4194304 2.001929244
74 105 3 4194304 2.001929731
7 1 3 4194304 2.001929749
28 106 3 4194304 2.001929801
69 43 3 4194304 2.001930376
24 83 3 4194304 2.001931260
87 17 3 4194304 2.001931852
124 18 3 4194304 2.001932155
2 120 3 4194304 2.001933026
58 83 3 4194304 2.001933178
52 72 3 4194304 2.001933213
49 109 3 4194304 2.001933413
21 99 3 4194304 2.001933495
79 84 3 4194304 2.001933573
41 114 3 4194304 2.001934387
62 25 3 4194304 2.001934533
10 92 3 4194304 2.001935869
120 90 3 4194304 2.001935980
12 44 3 4194304 2.001936813
15 80 3 4194304 2.001936960
118 43 3 4194304 2.001937022
123 30 3 4194304 2.001937453
29 82 3 4194304 2.001937588
61 69 3 4194304 2.001937718
70 69 3 4194304 2.001937831
111 65 3 4194304 2.001937900
12 118 3 4194304 2.001938550
95 13 3 4194304 2.001938744
55 59 3 4194304 2.001938946
30 107 3 4194304 2.001939100
62 115 3 4194304 2.001939273
21 59 3 4194304 2.001939286
37 74 3 4194304 2.001939312
115 116 3 4194304 2.001940585
11 47 3 4194304 2.001942144
110 2 3 4194304 2.001942849
7 86 3 4194304 2.001943415
36 110 3 4194304 2.001943493
69 127 3 4194304 2.001944257
111 115 3 4194304 2.001944802
106 22 3 4194304 2.001944866
48 87 3 4194304 2.001945280
113 23 3 4194304 2.001945293
111 114 3 4194304 2.001945358
121 76 3 4194304 2.001946025
127 122 3 4194304 2.001946078
35 60 3 4194304 2.001946272
113 2 3 4194304 2.001946940
6 116 3 4194304 2.001946957
4 40 3 4194304 2.001947060
17 78 3 4194304 2.001947315
91 6 3 4194304 2.001947364
126 19 3 4194304 2.001947585
8 16 3 4194304 2.001947770
8 105 3 4194304 2.001948014
120 58 3 4194304 2.001948441
8 60 3 4194304 2.001949255
103 109 3 4194304 2.001949423
82 59 3 4194304 2.001949466
32 123 3 4194304 2.001949576
72 101 3 4194304 2.001949920
103 51 3 4194304 2.001951908
93 12 3 4194304 2.001953337
122 22 3 4194304 2.001954526
86 51 3 4194304 2.001954539
92 86 3 4194304 2.001954844
93 38 3 4194304 2.001955077
92 43 3 4194304 2.001955276
13 112 3 4194304 2.001955622
33 26 3 4194304 2.001955681
87 38 3 4194304 2.001955935
115 96 3 4194304 2.001956128
75 32 3 4194304 2.001956173
78 73 3 4194304 2.001956458
91 84 3 4194304 2.001956584
13 41 3 4194304 2.001956667
34 90 3 4194304 2.001957159
62 70 3 4194304 2.001957708
102 36 3 4194304 2.001958130
43 61 3 4194304 2.001958181
87 21 3 4194304 2.001958301
23 124 3 4194304 2.001958645
46 22 3 4194304 2.001958657
1 107 3 4194304 2.001958848
87 37 3 4194304 2.001959240
97 104 3 4194304 2.001959631
87 68 3 4194304 2.001960454
52 114 3 4194304 2.001960550
58 88 3 4194304 2.001960820
53 114 3 4194304 2.001961406
60 114 3 4194304 2.001961823
61 49 3 4194304 2.001962132
0 67 3 4194304 2.001962579
45 101 3 4194304 2.001963223
1 123 3 4194304 2.001963245
18 29 3 4194304 2.001963869
95 115 3 4194304 2.001964054
40 109 3 4194304 2.001964063
121 47 3 4194304 2.001964193
123 104 3 4194304 2.001964338
76 35 3 4194304 2.001964396
29 125 3 4194304 2.001965373
63 84 3 4194304 2.001965552
2 28 3 4194304 2.001965557
72 73 3 4194304 2.001965621
99 7 3 4194304 2.001965692
46 32 3 4194304 2.001966814
12 8 3 4194304 2.001967171
95 19 3 4194304 2.001967461
58 109 3 4194304 2.001968220
62 64 3 4194304 2.001968276
45 33 3 4194304 2.001968503
57 120 3 4194304 2.001968769
92 123 3 4194304 2.001968798
56 118 3 4194304 2.001968815
63 106 3 4194304 2.001969112
67 32 3 4194304 2.001969291
15 107 3 4194304 2.001969395
120 5 3 4194304 2.001970567
65 57 3 4194304 2.001971277
94 15 3 4194304 2.001971808
86 46 3 4194304 2.001971856
76 0 3 4194304 2.001972255
73 4 3 4194304 2.001972527
11 45 3 4194304 2.001972595
55 4 3 4194304 2.001972724
89 54 3 4194304 2.001972905
69 119 3 4194304 2.001973241
22 59 3 4194304 2.001973956
45 21 3 4194304 2.001973995
36 125 3 4194304 2.001974294
37 110 3 4194304 2.001974493
31 24 3 4194304 2.001974803
29 124 3 4194304 2.001974810
124 21 3 4194304 2.001974978
39 56 3 4194304 2.001975524
90 26 3 4194304 2.001975716
102 25 3 4194304 2.001975972
114 19 3 4194304 2.001976148
13 1 3 4194304 2.001976277
2 84 3 4194304 2.001976365
116 88 3 4194304 2.001976433
69 34 3 4194304 2.001976503
117 11 3 4194304 2.001976739
99 83 3 4194304 2.001976866
81 66 3 4194304 2.001976873
124 120 3 4194304 2.001977025
100 19 3 4194304 2.001977414
53 24 3 4194304 2.001977703
123 13 3 4194304 2.001978055
88 122 3 4194304 2.001978074
40 125 3 4194304 2.001978482
115 58 3 4194304 2.001978587
104 124 3 4194304 2.001978627
43 69 3 4194304 2.001978838
84 11 3 4194304 2.001979397
23 119 3 4194304 2.001979420
41 72 3 4194304 2.001979548
124 97 3 4194304 2.001979703
18 55 3 4194304 2.001979807
88 96 3 4194304 2.001981235
28 31 3 4194304 2.001981252
59 4 3 4194304 2.001982013
113 7 3 4194304 2.001982207
55 119 3 4194304 2.001982888
50 35 3 4194304 2.001982997
28 94 3 4194304 2.001983199
34 16 3 4194304 2.001983345
26 14 3 4194304 2.001983481
15 37 3 4194304 2.001984225
86 7 3 4194304 2.001984596
67 55 3 4194304 2.001984761
99 35 3 4194304 2.001984791
57 71 3 4194304 2.001985156
36 105 3 4194304 2.001985711
119 99 3 4194304 2.001986284
40 114 3 4194304 2.001986301
77 23 3 4194304 2.001986438
103 45 3 4194304 2.001986564
99 9 3 4194304 2.001986700
123 24 3 4194304 2.001986731
58 37 3 4194304 2.001987615
3 59 3 4194304 2.001988473
127 53 3 4194304 2.001988508
126 2 3 4194304 2.001988692
20 35 3 4194304 2.001988958
55 80 3 4194304 2.001989194
44 3 3 4194304 2.001989653
61 19 3 4194304 2.001989815
10 54 3 4194304 2.001990116
63 101 3 4194304 2.001990364
107 108 3 4194304 2.001990563
82 93 3 4194304 2.001990689
16 10 3 4194304 2.001991012
15 29 3 4194304 2.001991160
45 40 3 4194304 2.001991209
122 108 3 4194304 2.001991851
112 13 3 4194304 2.001992083
50 30 3 4194304 2.001992932
118 57 3 4194304 2.001993010
18 95 3 4194304 2.001993325
2 59 3 4194304 2.001993377
21 102 3 4194304 2.001993501
0 84 3 4194304 2.001993823
64 123 3 4194304 2.001994635
86 85 3 4194304 2.001994865
101 22 3 4194304 2.001995240
26 122 3 4194304 2.001995554
65 61 3 4194304 2.001995813
72 19 3 4194304 2.001996031
51 109 3 4194304 2.001996303
37 98 3 4194304 2.001997081
112 80 3 4194304 2.001997152
48 86 3 4194304 2.001997166
23 96 3 4194304 2.001997412
94 102 3 4194304 2.001997847
99 15 3 4194304 2.001998439
110 96 3 4194304 2.001998587
4 69 3 4194304 2.001998701
50 32 3 4194304 2.001998763
97 22 3 4194304 2.001999263
80 100 3 4194304 2.001999415
69 113 3 4194304 2.002000258
21 107 3 4194304 2.002000539
115 22 3 4194304 2.002000639
104 58 3 4194304 2.002000717
45 70 3 4194304 2.002000950
118 96 3 4194304 2.002001504
17 65 3 4194304 2.002001947
41 91 3 4194304 2.002003651
65 29 3 4194304 2.002003875
118 21 3 4194304 2.002004384
21 79 3 4194304 2.002004425
126 95 3 4194304 2.002004670
26 39 3 4194304 2.002005360
44 109 3 4194304 2.002005403
77 65 3 4194304 2.002005896
38 114 3 4194304 2.002005900
85 119 3 4194304 2.002006220
113 15 3 4194304 2.002006648
100 72 3 4194304 2.002007636
75 4 3 4194304 2.002008328
66 94 3 4194304 2.002008630
8 56 3 4194304 2.002009019
2 40 3 4194304 2.002009059
121 104 3 4194304 2.002009094
109 52 3 4194304 2.002009145
47 71 3 4194304 2.002009459
40 39 3 4194304 2.002009538
59 26 3 4194304 2.002009696
14 101 3 4194304 2.002009708
44 53 3 4194304 2.002009976
102 119 3 4194304 2.002010391
79 115 3 4194304 2.002010855
31 49 3 4194304 2.002010984
121 16 3 4194304 2.002011580
93 22 3 4194304 2.002011611
3 126 3 4194304 2.002011722
117 28 3 4194304 2.002011952
119 34 3 4194304 2.002012138
75 24 3 4194304 2.002012179
118 24 3 4194304 2.002012402
116 70 3 4194304 2.002012601
125 118 3 4194304 2.002012719
16 1 3 4194304 2.002012947
98 62 3 4194304 2.002014074
88 81 3 4194304 2.002014373
55 117 3 4194304 2.002014651
85 65 3 4194304 2.002014960
63 124 3 4194304 2.002015041
96 40 3 4194304 2.002015142
76 114 3 4194304 2.002015226
36 58 3 4194304 2.002015239
23 16 3 4194304 2.002015251
57 96 3 4194304 2.002015353
80 34 3 4194304 2.002015655
36 113 3 4194304 2.002016072
111 15 3 4194304 2.002016214
83 70 3 4194304 2.002016294
49 82 3 4194304 2.002016750
87 50 3 4194304 2.002016772
0 126 3 4194304 2.002016867
112 40 3 4194304 2.002016912
98 114 3 4194304 2.002017012
121 73 3 4194304 2.002017119
43 104 3 4194304 2.002017369
11 52 3 4194304 2.002018372
70 27 3 4194304 2.002018541
104 17 3 4194304 2.002018917
112 58 3 4194304 2.002019029
7 56 3 4194304 2.002019250
93 13 3 4194304 2.002019526
46 109 3 4194304 2.002019707
76 47 3 4194304 2.002019924
110 104 3 4194304 2.002020645
105 126 3 4194304 2.002020924
47 108 3 4194304 2.002021130
112 28 3 4194304 2.002021357
68 98 3 4194304 2.002021494
126 59 3 4194304 2.002021607
116 126 3 4194304 2.002021608
12 38 3 4194304 2.002021959
0 10 3 4194304 2.002022484
49 23 3 4194304 2.002023628
43 126 3 4194304 2.002023734
56 46 3 4194304 2.002024072
17 44 3 4194304 2.002024247
101 85 3 4194304 2.002025242
81 122 3 4194304 2.002025254
95 82 3 4194304 2.002025439
31 112 3 4194304 2.002025842
80 42 3 4194304 2.002026739
99 37 3 4194304 2.002026842
122 27 3 4194304 2.002027462
92 34 3 4194304 2.002028500
74 0 3 4194304 2.002028860
76 90 3 4194304 2.002029054
106 60 3 4194304 2.002029290
49 111 3 4194304 2.002029313
108 78 3 4194304 2.002029431
73 33 3 4194304 2.002029437
30 15 3 4194304 2.002029976
113 31 3 4194304 2.002030007
59 37 3 4194304 2.002030130
89 37 3 4194304 2.002030162
55 20 3 4194304 2.002030202
17 101 3 4194304 2.002030289
85 12 3 4194304 2.002031377
37 112 3 4194304 2.002031459
14 35 3 4194304 2.002031610
39 54 3 4194304 2.002031714
99 31 3 4194304 2.002032090
21 120 3 4194304 2.002032442
101 77 3 4194304 2.002032593
122 12 3 4194304 2.002033679
127 86 3 4194304 2.002033763
35 16 3 4194304 2.002033784
60 98 3 4194304 2.002033962
21 58 3 4194304 2.002034362
116 42 3 4194304 2.002034676
51 92 3 4194304 2.002035521
43 62 3 4194304 2.002036080
46 125 3 4194304 2.002036259
52 44 3 4194304 2.002037148
53 35 3 4194304 2.002037925
4 89 3 4194304 2.002037990
99 121 3 4194304 2.002038872
50 96 3 4194304 2.002039015
114 18 3 4194304 2.002039579
93 5 3 4194304 2.002039631
37 49 3 4194304 2.002039742
68 91 3 4194304 2.002039773
33 15 3 4194304 2.002039832
30 59 3 4194304 2.002039905
43 111 3 4194304 2.002039959
55 45 3 4194304 2.002040002
94 104 3 4194304 2.002040112
97 53 3 4194304 2.002041211
96 104 3 4194304 2.002041401
51 62 3 4194304 2.002041586
30 101 3 4194304 2.002041599
32 98 3 4194304 2.002041833
21 4 3 4194304 2.002042126
18 119 3 4194304 2.002042434
5 126 3 4194304 2.002042775
87 97 3 4194304 2.002043163
29 100 3 4194304 2.002043479
59 106 3 4194304 2.002043892
67 1 3 4194304 2.002044352
97 77 3 4194304 2.002044685
99 4 3 4194304 2.002044960
39 57 3 4194304 2.002045107
52 42 3 4194304 2.002045202
50 126 3 4194304 2.002045318
9 125 3 4194304 2.002045454
122 7 3 4194304 2.002045740
43 56 3 4194304 2.002045848
62 5 3 4194304 2.002045849
18 62 3 4194304 2.002046378
59 126 3 4194304 2.002046971
122 92 3 4194304 2.002046995
116 3 3 4194304 2.002047061
92 104 3 4194304 2.002047258
115 112 3 4194304 2.002047300
20 18 3 4194304 2.002047393
93 107 3 4194304 2.002047420
1 44 3 4194304 2.002047784
107 75 3 4194304 2.002048613
20 17 3 4194304 2.002048899
78 122 3 4194304 2.002048962
42 125 3 4194304 2.002049012
22 109 3 4194304 2.002049712
95 28 3 4194304 2.002049826
114 105 3 4194304 2.002050029
66 44 3 4194304 2.002050563
54 59 3 4194304 2.002050672
9 28 3 4194304 2.002050811
42 72 3 4194304 2.002050815
28 99 3 4194304 2.002050952
71 83 3 4194304 2.002051399
59 92 3 4194304 2.002051590
123 22 3 4194304 2.002052697
33 43 3 4194304 2.002052766
27 111 3 4194304 2.002052884
109 43 3 4194304 2.002052939
32 103 3 4194304 2.002052962
41 32 3 4194304 2.002053006
99 87 3 4194304 2.002053133
58 94 3 4194304 2.002053545
22 113 3 4194304 2.002053845
31 68 3 4194304 2.002054225
11 13 3 4194304 2.002054318
50 79 3 4194304 2.002054486
11 120 3 4194304 2.002054847
114 63 3 4194304 2.002054899
63 92 3 4194304 2.002055018
122 38 3 4194304 2.002055569
24 82 3 4194304 2.002055707
79 93 3 4194304 2.002055985
112 12 3 4194304 2.002056003
94 120 3 4194304 2.002056818
104 102 3 4194304 2.002057049
82 125 3 4194304 2.002057322
117 111 3 4194304 2.002057323
22 34 3 4194304 2.002058041
110 36 3 4194304 2.002058125
119 112 3 4194304 2.002058216
46 24 3 4194304 2.002058404
71 36 3 4194304 2.002058748
65 8 3 4194304 2.002059458
45 71 3 4194304 2.002059540
96 5 3 4194304 2.002059709
94 123 3 4194304 2.002059907
9 23 3 4194304 2.002060019
14 87 3 4194304 2.002060150
10 18 3 4194304 2.002060366
21 10 3 4194304 2.002060728
95 123 3 4194304 2.002060778
3 75 3 4194304 2.002060798
52 43 3 4194304 2.002060943
19 59 3 4194304 2.002061029
36 123 3 4194304 2.002061033
14 92 3 4194304 2.002061034
119 39 3 4194304 2.002061994
87 80 3 4194304 2.002062021
56 10 3 4194304 2.002062691
80 117 3 4194304 2.002062719
16 47 3 4194304 2.002062807
8 30 3 4194304 2.002063070
88 62 3 4194304 2.002063076
123 127 3 4194304 2.002063084
97 57 3 4194304 2.002063147
110 6 3 4194304 2.002063222
80 38 3 4194304 2.002063479
78 88 3 4194304 2.002063555
63 98 3 4194304 2.002063644
122 82 3 4194304 2.002064612
22 10 3 4194304 2.002064783
110 22 3 4194304 2.002065180
87 121 3 4194304 2.002065736
44 95 3 4194304 2.002065852
43 11 3 4194304 2.002066012
70 7 3 4194304 2.002066189
39 76 3 4194304 2.002067036
61 74 3 4194304 2.002067293
115 88 3 4194304 2.002067362
107 127 3 4194304 2.002067589
113 57 3 4194304 2.002067623
47 74 3 4194304 2.002067773
17 50 3 4194304 2.002067952
41 98 3 4194304 2.002068174
114 5 3 4194304 2.002068201
81 40 3 4194304 2.002069014
77 32 3 4194304 2.002069041
115 42 3 4194304 2.002069278
72 104 3 4194304 2.002069321
98 124 3 4194304 2.002069764
67 101 3 4194304 2.002070080
81 36 3 4194304 2.002070143
115 107 3 4194304 2.002070571
69 77 3 4194304 2.002070750
72 9 3 4194304 2.002071414
105 23 3 4194304 2.002071719
89 63 3 4194304 2.002071994
73 85 3 4194304 2.002072286
74 122 3 4194304 2.002072318
124 109 3 4194304 2.002072466
93 86 3 4194304 2.002072934
124 99 3 4194304 2.002073404
17 64 3 4194304 2.002073577
96 84 3 4194304 2.002074343
126 94 3 4194304 2.002074485
4 67 3 4194304 2.002074872
95 121 3 4194304 2.002075886
107 48 3 4194304 2.002076347
71 57 3 4194304 2.002077149
61 63 3 4194304 2.002077221
20 71 3 4194304 2.002077241
123 121 3 4194304 2.002077483
124 47 3 4194304 2.002077824
32 68 3 4194304 2.002078024
99 26 3 4194304 2.002078204
34 19 3 4194304 2.002078303
96 115 3 4194304 2.002078523
108 109 3 4194304 2.002078776
93 49 3 4194304 2.002078837
4 99 3 4194304 2.002079782
100 73 3 4194304 2.002080635
126 13 3 4194304 2.002081016
125 81 3 4194304 2.002081282
109 90 3 4194304 2.002081378
29 113 3 4194304 2.002081825
120 96 3 4194304 2.002081850
114 102 3 4194304 2.002082262
21 81 3 4194304 2.002082314
16 96 3 4194304 2.002082575
101 55 3 4194304 2.002082739
93 125 3 4194304 2.002082869
118 0 3 4194304 2.002082948
95 4 3 4194304 2.002083638
126 45 3 4194304 2.002083876
10 80 3 4194304 2.002083885
46 69 3 4194304 2.002084220
28 102 3 4194304 2.002084968
81 101 3 4194304 2.002085617
94 112 3 4194304 2.002085790
127 118 3 4194304 2.002085904
42 26 3 4194304 2.002085909
3 32 3 4194304 2.002086020
96 29 3 4194304 2.002086210
68 3 3 4194304 2.002086592
113 63 3 4194304 2.002086799
63 35 3 4194304 2.002086995
35 126 3 4194304 2.002087465
107 105 3 4194304 2.002087931
36 109 3 4194304 2.002087974
78 11 3 4194304 2.002088706
70 78 3 4194304 2.002088961
82 26 3 4194304 2.002089890
37 116 3 4194304 2.002090076
65 119 3 4194304 2.002090787
73 125 3 4194304 2.002091071
23 33 3 4194304 2.002091389
52 54 3 4194304 2.002091599
51 14 3 4194304 2.002091855
103 64 3 4194304 2.002092196
66 53 3 4194304 2.002092474
10 61 3 4194304 2.002092551
27 103 3 4194304 2.002092642
46 105 3 4194304 2.002092688
9 41 3 4194304 2.002092868
66 32 3 4194304 2.002092911
53 87 3 4194304 2.002093406
117 40 3 4194304 2.002093534
7 81 3 4194304 2.002093563
78 90 3 4194304 2.002094367
41 76 3 4194304 2.002094427
8 68 3 4194304 2.002094562
52 17 3 4194304 2.002095421
112 72 3 4194304 2.002095720
117 13 3 4194304 2.002095810
34 105 3 4194304 2.002095835
107 93 3 4194304 2.002096032
79 96 3 4194304 2.002096555
108 62 3 4194304 2.002096602
14 105 3 4194304 2.002096998
125 28 3 4194304 2.002097011
117 94 3 4194304 2.002097059
78 61 3 4194304 2.002097061
26 79 3 4194304 2.002097375
58 104 3 4194304 2.002097488
45 123 3 4194304 2.002097820
1 81 3 4194304 2.002098048
29 51 3 4194304 2.002098623
78 22 3 4194304 2.002099175
14 93 3 4194304 2.002099241
90 92 3 4194304 2.002099269
91 105 3 4194304 2.002099521
3 31 3 4194304 2.002099781
45 96 3 4194304 2.002099864
110 83 3 4194304 2.002100773
104 4 3 4194304 2.002101445
74 63 3 4194304 2.002101534
68 127 3 4194304 2.002101572
123 115 3 4194304 2.002102059
14 80 3 4194304 2.002102416
72 23 3 4194304 2.002102949
12 79 3 4194304 2.002104569
6 14 3 4194304 2.002104584
115 64 3 4194304 2.002104729
105 121 3 4194304 2.002105199
2 39 3 4194304 2.002105605
107 80 3 4194304 2.002105999
26 116 3 4194304 2.002106443
77 84 3 4194304 2.002106513
28 73 3 4194304 2.002106521
94 66 3 4194304 2.002106644
20 25 3 4194304 2.002106713
61 88 3 4194304 2.002107424
97 114 3 4194304 2.002107479
25 5 3 4194304 2.002107595
84 50 3 4194304 2.002107705
117 107 3 4194304 2.002107811
86 59 3 4194304 2.002107994
84 57 3 4194304 2.002108978
29 94 3 4194304 2.002109011
8 50 3 4194304 2.002109189
107 45 3 4194304 2.002109861
42 11 3 4194304 2.002109939
4 93 3 4194304 2.002110363
123 84 3 4194304 2.002110613
61 33 3 4194304 2.002110809
87 118 3 4194304 2.002111022
115 63 3 4194304 2.002111091
9 104 3 4194304 2.002111157
127 61 3 4194304 2.002111747
9 52 3 4194304 2.002112157
75 78 3 4194304 2.002112302
47 76 3 4194304 2.002112797
79 58 3 4194304 2.002112927
33 56 3 4194304 2.002113076
17 18 3 4194304 2.002113149
101 92 3 4194304 2.002113411
66 1 3 4194304 2.002113418
85 45 3 4194304 2.002113662
104 25 3 4194304 2.002114399
33 120 3 4194304 2.002114449
42 59 3 4194304 2.002114702
16 62 3 4194304 2.002114998
112 125 3 4194304 2.002115301
94 29 3 4194304 2.002115447
3 67 3 4194304 2.002115698
114 47 3 4194304 2.002115877
125 9 3 4194304 2.002116702
99 113 3 4194304 2.002116848
36 79 3 4194304 2.002117029
88 53 3 4194304 2.002117247
97 119 3 4194304 2.002117287
125 126 3 4194304 2.002117786
108 20 3 4194304 2.002117905
69 85 3 4194304 2.002117930
4 3 3 4194304 2.002117945
50 80 3 4194304 2.002118879
54 9 3 4194304 2.002119336
46 58 3 4194304 2.002119906
121 26 3 4194304 2.002120071
87 4 3 4194304 2.002120171
78 109 3 4194304 2.002120594
32 99 3 4194304 2.002121342
112 45 3 4194304 2.002121563
112 19 3 4194304 2.002122331
18 113 3 4194304 2.002122487
38 9 3 4194304 2.002122541
22 126 3 4194304 2.002123681
13 49 3 4194304 2.002124151
4 36 3 4194304 2.002124231
1 113 3 4194304 2.002125441
124 72 3 4194304 2.002125966
102 61 3 4194304 2.002126180
26 95 3 4194304 2.002126360
93 29 3 4194304 2.002126458
25 73 3 4194304 2.002127042
39 106 3 4194304 2.002127309
78 47 3 4194304 2.002127402
19 81 3 4194304 2.002127890
52 102 3 4194304 2.002127971
118 62 3 4194304 2.002128019
29 83 3 4194304 2.002128456
21 43 3 4194304 2.002128544
29 109 3 4194304 2.002128605
40 121 3 4194304 2.002128672
36 64 3 4194304 2.002128725
48 16 3 4194304 2.002128760
92 100 3 4194304 2.002128932
60 90 3 4194304 2.002129609
104 22 3 4194304 2.002130221
109 5 3 4194304 2.002130398
122 71 3 4194304 2.002130437
40 51 3 4194304 2.002130658
107 26 3 4194304 2.002130891
3 33 3 4194304 2.002131052
61 53 3 4194304 2.002131324
121 38 3 4194304 2.002131473
42 94 3 4194304 2.002131806
68 43 3 4194304 2.002131827
113 81 3 4194304 2.002132756
41 40 3 4194304 2.002132785
18 127 3 4194304 2.002133977
103 7 3 4194304 2.002134065
41 118 3 4194304 2.002134116
34 24 3 4194304 2.002134264
33 113 3 4194304 2.002134678
49 34 3 4194304 2.002134880
100 10 3 4194304 2.002134884
10 108 3 4194304 2.002135021
36 5 3 4194304 2.002135699
27 31 3 4194304 2.002136413
116 20 3 4194304 2.002136770
119 109 3 4194304 2.002136952
112 27 3 4194304 2.002137023
84 97 3 4194304 2.002137225
126 83 3 4194304 2.002137372
59 71 3 4194304 2.002138031
104 92 3 4194304 2.002138033
79 11 3 4194304 2.002138324
102 86 3 4194304 2.002138489
122 79 3 4194304 2.002138506
12 67 3 4194304 2.002138529
17 15 3 4194304 2.002138700
65 42 3 4194304 2.002138925
59 46 3 4194304 2.002138960
54 98 3 4194304 2.002139005
94 72 3 4194304 2.002139382
58 87 3 4194304 2.002139924
20 87 3 4194304 2.002140599
64 100 3 4194304 2.002140639
69 101 3 4194304 2.002140643
115 36 3 4194304 2.002140969
55 54 3 4194304 2.002141137
95 30 3 4194304 2.002141138
9 82 3 4194304 2.002141221
94 110 3 4194304 2.002141297
31 29 3 4194304 2.002141595
102 30 3 4194304 2.002141635
38 71 3 4194304 2.002141819
44 55 3 4194304 2.002142235
99 122 3 4194304 2.002143104
44 104 3 4194304 2.002143529
100 14 3 4194304 2.002143607
57 112 3 4194304 2.002143936
64 38 3 4194304 2.002144036
74 118 3 4194304 2.002144129
99 79 3 4194304 2.002144322
2 3 3 4194304 2.002144411
74 98 3 4194304 2.002145129
9 39 3 4194304 2.002145223
108 57 3 4194304 2.002145547
14 90 3 4194304 2.002145757
78 59 3 4194304 2.002146814
96 100 3 4194304 2.002147051
110 78 3 4194304 2.002148113
127 74 3 4194304 2.002148275
2 107 3 4194304 2.002148387
70 43 3 4194304 2.002148966
48 29 3 4194304 2.002149170
104 72 3 4194304 2.002149776
46 127 3 4194304 2.002150064
70 84 3 4194304 2.002150183
109 87 3 4194304 2.002150183
83 10 3 4194304 2.002150245
12 107 3 4194304 2.002150360
75 123 3 4194304 2.002150580
34 49 3 4194304 2.002150837
106 124 3 4194304 2.002151158
30 7 3 4194304 2.002151463
9 21 3 4194304 2.002151676
118 76 3 4194304 2.002152385
46 80 3 4194304 2.002153060
103 65 3 4194304 2.002153591
29 47 3 4194304 2.002153987
85 64 3 4194304 2.002154672
9 16 3 4194304 2.002154824
14 47 3 4194304 2.002155173
13 25 3 4194304 2.002156675
20 13 3 4194304 2.002156798
66 23 3 4194304 2.002157146
81 48 3 4194304 2.002157558
66 97 3 4194304 2.002157690
70 90 3 4194304 2.002157821
18 21 3 4194304 2.002158999
54 115 3 4194304 2.002159055
120 12 3 4194304 2.002159155
43 48 3 4194304 2.002159257
126 87 3 4194304 2.002159297
88 32 3 4194304 2.002159344
95 126 3 4194304 2.002159358
71 99 3 4194304 2.002159523
115 86 3 4194304 2.002160179
73 87 3 4194304 2.002160611
97 107 3 4194304 2.002160670
109 46 3 4194304 2.002161147
14 49 3 4194304 2.002161162
36 8 3 4194304 2.002161705
23 84 3 4194304 2.002162024
78 87 3 4194304 2.002162087
82 33 3 4194304 2.002162269
114 52 3 4194304 2.002162713
105 73 3 4194304 2.002163342
119 68 3 4194304 2.002163562
59 3 3 4194304 2.002163905
52 2 3 4194304 2.002164204
105 1 3 4194304 2.002164940
78 54 3 4194304 2.002165097
57 13 3 4194304 2.002165135
95 60 3 4194304 2.002165257
44 34 3 4194304 2.002165556
126 10 3 4194304 2.002165567
88 17 3 4194304 2.002165750
105 102 3 4194304 2.002166345
82 54 3 4194304 2.002166440
73 80 3 4194304 2.002167220
25 17 3 4194304 2.002167268
118 25 3 4194304 2.002169079
58 33 3 4194304 2.002169248
54 35 3 4194304 2.002169374
60 37 3 4194304 2.002169520
125 14 3 4194304 2.002169740
30 103 3 4194304 2.002169765
65 99 3 4194304 2.002169913
48 103 3 4194304 2.002170366
45 65 3 4194304 2.002170447
78 67 3 4194304 2.002170453
79 105 3 4194304 2.002170618
22 73 3 4194304 2.002171450
32 48 3 4194304 2.002171506
16 118 3 4194304 2.002171838
19 62 3 4194304 2.002172033
72 121 3 4194304 2.002172266
53 21 3 4194304 2.002172316
36 41 3 4194304 2.002172392
84 17 3 4194304 2.002172508
34 117 3 4194304 2.002172946
70 60 3 4194304 2.002173064
88 34 3 4194304 2.002173120
77 99 3 4194304 2.002173194
6 30 3 4194304 2.002173260
100 23 3 4194304 2.002173954
15 78 3 4194304 2.002174324
48 117 3 4194304 2.002175456
12 72 3 4194304 2.002175674
89 82 3 4194304 2.002175703
65 25 3 4194304 2.002176341
47 60 3 4194304 2.002176501
121 8 3 4194304 2.002176991
106 81 3 4194304 2.002177009
8 92 3 4194304 2.002177047
51 58 3 4194304 2.002177092
35 59 3 4194304 2.002178057
29 38 3 4194304 2.002178099
16 121 3 4194304 2.002178717
115 16 3 4194304 2.002178845
58 38 3 4194304 2.002179403
0 114 3 4194304 2.002179497
47 41 3 4194304 2.002179715
47 122 3 4194304 2.002180156
118 13 3 4194304 2.002180259
25 103 3 4194304 2.002180435
30 47 3 4194304 2.002180655
102 98 3 4194304 2.002180775
67 42 3 4194304 2.002180883
75 120 3 4194304 2.002181443
104 26 3 4194304 2.002181570
25 105 3 4194304 2.002181750
125 25 3 4194304 2.002181886
3 11 3 4194304 2.002182596
20 6 3 4194304 2.002183674
39 110 3 4194304 2.002183679
75 124 3 4194304 2.002184158
99 53 3 4194304 2.002184784
58 57 3 4194304 2.002184813
100 87 3 4194304 2.002184862
23 28 3 4194304 2.002185110
80 12 3 4194304 2.002185331
113 52 3 4194304 2.002186125
99 54 3 4194304 2.002186616
39 86 3 4194304 2.002187983
89 47 3 4194304 2.002188153
85 6 3 4194304 2.002188294
32 30 3 4194304 2.002188306
42 79 3 4194304 2.002188952
31 109 3 4194304 2.002189024
100 79 3 4194304 2.002189776
71 65 3 4194304 2.002189813
65 73 3 4194304 2.002189989
76 123 3 4194304 2.002190279
112 87 3 4194304 2.002190339
27 123 3 4194304 2.002190772
121 45 3 4194304 2.002190856
53 30 3 4194304 2.002190898
70 11 3 4194304 2.002191601
40 8 3 4194304 2.002191683
26 11 3 4194304 2.002192208
7 107 3 4194304 2.002193307
26 28 3 4194304 2.002193923
102 84 3 4194304 2.002194242
120 73 3 4194304 2.002194251
96 42 3 4194304 2.002194399
36 126 3 4194304 2.002194536
45 88 3 4194304 2.002194995
31 85 3 4194304 2.002195860
66 9 3 4194304 2.002195862
51 40 3 4194304 2.002195923
85 43 3 4194304 2.002195970
78 27 3 4194304 2.002196456
63 26 3 4194304 2.002196472
28 43 3 4194304 2.002196865
106 46 3 4194304 2.002197155
99 2 3 4194304 2.002197231
100 26 3 4194304 2.002197834
122 90 3 4194304 2.002198176
84 5 3 4194304 2.002198477
104 77 3 4194304 2.002198632
61 124 3 4194304 2.002198964
27 51 3 4194304 2.002199030
65 104 3 4194304 2.002199109
94 56 3 4194304 2.002200073
121 14 3 4194304 2.002200368
58 21 3 4194304 2.002200393
4 5 3 4194304 2.002200591
3 112 3 4194304 2.002201198
93 100 3 4194304 2.002201923
91 104 3 4194304 2.002202551
52 36 3 4194304 2.002202778
17 10 3 4194304 2.002202833
40 108 3 4194304 2.002203216
57 50 3 4194304 2.002203313
124 11 3 4194304 2.002203673
1 21 3 4194304 2.002203789
54 7 3 4194304 2.002204411
10 50 3 4194304 2.002204634
34 93 3 4194304 2.002204955
92 105 3 4194304 2.002205082
19 96 3 4194304 2.002205244
116 90 3 4194304 2.002205504
82 48 3 4194304 2.002206106
54 67 3 4194304 2.002206155
1 46 3 4194304 2.002206630
21 60 3 4194304 2.002206707
17 103 3 4194304 2.002207011
90 14 3 4194304 2.002207076
57 88 3 4194304 2.002207278
66 95 3 4194304 2.002207462
45 63 3 4194304 2.002208059
71 13 3 4194304 2.002208097
127 116 3 4194304 2.002208370
78 17 3 4194304 2.002208693
34 69 3 4194304 2.002208830
16 36 3 4194304 2.002209191
110 42 3 4194304 2.002210006
24 8 3 4194304 2.002210296
100 66 3 4194304 2.002210337
31 101 3 4194304 2.002210530
5 105 3 4194304 2.002210764
88 97 3 4194304 2.002210995
36 61 3 4194304 2.002211167
116 27 3 4194304 2.002211717
3 35 3 4194304 2.002211946
42 30 3 4194304 2.002211988
20 42 3 4194304 2.002212151
5 9 3 4194304 2.002212305
35 123 3 4194304 2.002212558
122 61 3 4194304 2.002212941
125 127 3 4194304 2.002213147
45 119 3 4194304 2.002213575
79 5 3 4194304 2.002213871
28 92 3 4194304 2.002214344
107 11 3 4194304 2.002214899
34 118 3 4194304 2.002215336
98 104 3 4194304 2.002215477
37 97 3 4194304 2.002215569
71 40 3 4194304 2.002215916
41 82 3 4194304 2.002216386
90 89 3 4194304 2.002216552
35 107 3 4194304 2.002217021
57 45 3 4194304 2.002217027
119 82 3 4194304 2.002217138
22 124 3 4194304 2.002217182
47 99 3 4194304 2.002217536
9 24 3 4194304 2.002217715
120 35 3 4194304 2.002218638
94 80 3 4194304 2.002219039
15 32 3 4194304 2.002219438
20 40 3 4194304 2.002219705
8 55 3 4194304 2.002220262
8 47 3 4194304 2.002220289
48 99 3 4194304 2.002220340
125 8 3 4194304 2.002221281
39 58 3 4194304 2.002221340
19 45 3 4194304 2.002221548
22 83 3 4194304 2.002221736
50 23 3 4194304 2.002221749
92 48 3 4194304 2.002221822
36 68 3 4194304 2.002222430
72 27 3 4194304 2.002223209
5 87 3 4194304 2.002223309
8 25 3 4194304 2.002223701
66 120 3 4194304 2.002223733
77 59 3 4194304 2.002223917
29 122 3 4194304 2.002223995
72 37 3 4194304 2.002224546
49 83 3 4194304 2.002225771
32 90 3 4194304 2.002226119
55 83 3 4194304 2.002226500
51 48 3 4194304 2.002226693
45 62 3 4194304 2.002226913
127 45 3 4194304 2.002226938
91 125 3 4194304 2.002227539
126 77 3 4194304 2.002227671
111 64 3 4194304 2.002227808
73 16 3 4194304 2.002228001
11 5 3 4194304 2.002228767
82 28 3 4194304 2.002228903
27 57 3 4194304 2.002229170
67 14 3 4194304 2.002229294
116 123 3 4194304 2.002229725
79 70 3 4194304 2.002230045
91 118 3 4194304 2.002230090
25 71 3 4194304 2.002230112
119 106 3 4194304 2.002230165
100 77 3 4194304 2.002230671
72 2 3 4194304 2.002230676
28 116 3 4194304 2.002230976
42 87 3 4194304 2.002231626
38 11 3 4194304 2.002231895
60 36 3 4194304 2.002232186
24 85 3 4194304 2.002233104
19 111 3 4194304 2.002233872
29 119 3 4194304 2.002233890
76 94 3 4194304 2.002234411
116 24 3 4194304 2.002234824
55 102 3 4194304 2.002234824
113 54 3 4194304 2.002235357
70 94 3 4194304 2.002235370
120 81 3 4194304 2.002235790
17 53 3 4194304 2.002236090
103 70 3 4194304 2.002236243
62 68 3 4194304 2.002236438
90 78 3 4194304 2.002236624
77 97 3 4194304 2.002236823
9 26 3 4194304 2.002237062
95 70 3 4194304 2.002237064
78 35 3 4194304 2.002237595
79 108 3 4194304 2.002238250
86 49 3 4194304 2.002238344
54 100 3 4194304 2.002238866
57 115 3 4194304 2.002238900
63 85 3 4194304 2.002238979
87 44 3 4194304 2.002239113
42 36 3 4194304 2.002239429
19 84 3 4194304 2.002239580
0 28 3 4194304 2.002240235
7 40 3 4194304 2.002240305
123 29 3 4194304 2.002240382
73 116 3 4194304 2.002240411
31 23 3 4194304 2.002240683
1 6 3 4194304 2.002240706
90 59 3 4194304 2.002240763
61 30 3 4194304 2.002240824
120 0 3 4194304 2.002241023
112 98 3 4194304 2.002241512
57 58 3 4194304 2.002241628
72 76 3 4194304 2.002241698
105 76 3 4194304 2.002241922
8 32 3 4194304 2.002242436
7 126 3 4194304 2.002242956
18 71 3 4194304 2.002243230
1 120 3 4194304 2.002243565
54 15 3 4194304 2.002243798
34 64 3 4194304 2.002244805
32 26 3 4194304 2.002245111
69 1 3 4194304 2.002245220
124 126 3 4194304 2.002246178
72 30 3 4194304 2.002246181
62 21 3 4194304 2.002246562
19 61 3 4194304 2.002246698
86 17 3 4194304 2.002246818
36 107 3 4194304 2.002247062
21 6 3 4194304 2.002247186
34 84 3 4194304 2.002247328
55 108 3 4194304 2.002247346
46 3 3 4194304 2.002247376
83 117 3 4194304 2.002247855
52 116 3 4194304 2.002248027
22 54 3 4194304 2.002248142
20 75 3 4194304 2.002248700
1 104 3 4194304 2.002249023
105 59 3 4194304 2.002250176
113 37 3 4194304 2.002250714
94 114 3 4194304 2.002250759
62 24 3 4194304 2.002251210
113 29 3 4194304 2.002251595
102 0 3 4194304 2.002251882
5 43 3 4194304 2.002252022
13 87 3 4194304 2.002252481
28 104 3 4194304 2.002252490
14 29 3 4194304 2.002252641
19 6 3 4194304 2.002252778
85 109 3 4194304 2.002252810
98 11 3 4194304 2.002252869
10 31 3 4194304 2.002253502
40 48 3 4194304 2.002253647
34 104 3 4194304 2.002253720
73 102 3 4194304 2.002253735
46 86 3 4194304 2.002254030
97 111 3 4194304 2.002254307
83 84 3 4194304 2.002254494
24 92 3 4194304 2.002254680
23 100 3 4194304 2.002255030
18 89 3 4194304 2.002255358
59 120 3 4194304 2.002255422
19 0 3 4194304 2.002255445
114 42 3 4194304 2.002255463
16 5 3 4194304 2.002256100
15 38 3 4194304 2.002256153
49 93 3 4194304 2.002256373
48 106 3 4194304 2.002256420
65 56 3 4194304 2.002256534
77 100 3 4194304 2.002256643
118 115 3 4194304 2.002256789
112 30 3 4194304 2.002256808
0 88 3 4194304 2.002257270
9 18 3 4194304 2.002258275
121 69 3 4194304 2.002258680
117 58 3 4194304 2.002259052
92 27 3 4194304 2.002259498
112 9 3 4194304 2.002260493
9 4 3 4194304 2.002260685
84 116 3 4194304 2.002260706
104 16 3 4194304 2.002260755
103 113 3 4194304 2.002260884
23 122 3 4194304 2.002261314
104 118 3 4194304 2.002262676
47 23 3 4194304 2.002262933
1 47 3 4194304 2.002263136
61 29 3 4194304 2.002263656
126 12 3 4194304 2.002263778
24 28 3 4194304 2.002263870
31 25 3 4194304 2.002264498
75 103 3 4194304 2.002264798
34 91 3 4194304 2.002264835
107 29 3 4194304 2.002265578
47 56 3 4194304 2.002265671
102 7 3 4194304 2.002266186
83 36 3 4194304 2.002266354
66 70 3 4194304 2.002266668
31 78 3 4194304 2.002267483
53 115 3 4194304 2.002268479
124 13 3 4194304 2.002268836
26 104 3 4194304 2.002269354
110 91 3 4194304 2.002269518
5 67 3 4194304 2.002269833
106 99 3 4194304 2.002270016
85 58 3 4194304 2.002270027
119 62 3 4194304 2.002270272
27 5 3 4194304 2.002270939
87 42 3 4194304 2.002271406
104 41 3 4194304 2.002272156
127 37 3 4194304 2.002272231
107 68 3 4194304 2.002272577
112 124 3 4194304 2.002272696
69 55 3 4194304 2.002272749
1 54 3 4194304 2.002272761
33 86 3 4194304 2.002272860
3 101 3 4194304 2.002273473
46 104 3 4194304 2.002273722
21 113 3 4194304 2.002273995
99 32 3 4194304 2.002275100
41 106 3 4194304 2.002275208
48 4 3 4194304 2.002275232
55 114 3 4194304 2.002275259
26 67 3 4194304 2.002275399
82 95 3 4194304 2.002275478
75 114 3 4194304 2.002275895
97 108 3 4194304 2.002275921
30 69 3 4194304 2.002276140
28 13 3 4194304 2.002276522
112 8 3 4194304 2.002276760
80 98 3 4194304 2.002277013
113 103 3 4194304 2.002277334
34 57 3 4194304 2.002277866
58 39 3 4194304 2.002277873
21 47 3 4194304 2.002278024
1 9 3 4194304 2.002278026
94 51 3 4194304 2.002278689
31 59 3 4194304 2.002279111
21 15 3 4194304 2.002279440
60 42 3 4194304 2.002279653
104 43 3 4194304 2.002279760
95 6 3 4194304 2.002280208
101 115 3 4194304 2.002280988
111 61 3 4194304 2.002281023
26 84 3 4194304 2.002281609
0 43 3 4194304 2.002282324
74 54 3 4194304 2.002282423
64 74 3 4194304 2.002283113
30 52 3 4194304 2.002283170
81 13 3 4194304 2.002284125
103 93 3 4194304 2.002284523
6 114 3 4194304 2.002284841
80 0 3 4194304 2.002284908
47 88 3 4194304 2.002285025
114 44 3 4194304 2.002285509
35 78 3 4194304 2.002285826
40 113 3 4194304 2.002285875
105 89 3 4194304 2.002285901
39 111 3 4194304 2.002285966
33 119 3 4194304 2.002286072
98 19 3 4194304 2.002286856
56 72 3 4194304 2.002286871
50 59 3 4194304 2.002287222
117 59 3 4194304 2.002288206
96 121 3 4194304 2.002288385
34 45 3 4194304 2.002288466
96 6 3 4194304 2.002288652
65 80 3 4194304 2.002289321
125 100 3 4194304 2.002289777
72 83 3 4194304 2.002290026
53 105 3 4194304 2.002290027
93 96 3 4194304 2.002290770
10 12 3 4194304 2.002291079
111 10 3 4194304 2.002291470
111 59 3 4194304 2.002291730
98 122 3 4194304 2.002291853
5 92 3 4194304 2.002291996
13 120 3 4194304 2.002292228
91 92 3 4194304 2.002292923
127 20 3 4194304 2.002293885
74 19 3 4194304 2.002294122
29 90 3 4194304 2.002294230
75 52 3 4194304 2.002294363
28 62 3 4194304 2.002294688
123 86 3 4194304 2.002295765
1 89 3 4194304 2.002295928
89 24 3 4194304 2.002296004
4 18 3 4194304 2.002296235
40 123 3 4194304 2.002296348
39 6 3 4194304 2.002296798
112 118 3 4194304 2.002296860
1 37 3 4194304 2.002296963
83 13 3 4194304 2.002297459
74 1 3 4194304 2.002297566
82 69 3 4194304 2.002297951
104 34 3 4194304 2.002298078
2 94 3 4194304 2.002298204
55 52 3 4194304 2.002298432
27 118 3 4194304 2.002298482
43 64 3 4194304 2.002298630
39 75 3 4194304 2.002298649
127 126 3 4194304 2.002299077
89 62 3 4194304 2.002299316
44 23 3 4194304 2.002299762
56 41 3 4194304 2.002299825
122 70 3 4194304 2.002300286
90 31 3 4194304 2.002300296
23 92 3 4194304 2.002300615
35 89 3 4194304 2.002300762
123 1 3 4194304 2.002301232
21 84 3 4194304 2.002301247
99 17 3 4194304 2.002301316
58 59 3 4194304 2.002301455
72 55 3 4194304 2.002301503
78 124 3 4194304 2.002301803
108 35 3 4194304 2.002302367
85 50 3 4194304 2.002302488
22 117 3 4194304 2.002302504
46 26 3 4194304 2.002302704
77 47 3 4194304 2.002302832
29 107 3 4194304 2.002303386
64 68 3 4194304 2.002303572
51 99 3 4194304 2.002303673
83 25 3 4194304 2.002303735
0 52 3 4194304 2.002303795
90 19 3 4194304 2.002304131
62 97 3 4194304 2.002304380
35 81 3 4194304 2.002304433
51 86 3 4194304 2.002304556
40 4 3 4194304 2.002305536
122 106 3 4194304 2.002306312
15 82 3 4194304 2.002306692
42 67 3 4194304 2.002306954
42 82 3 4194304 2.002307336
110 77 3 4194304 2.002307479
44 29 3 4194304 2.002308015
8 112 3 4194304 2.002308209
2 119 3 4194304 2.002308307
108 49 3 4194304 2.002308464
3 70 3 4194304 2.002308500
66 51 3 4194304 2.002308555
20 43 3 4194304 2.002309538
27 15 3 4194304 2.002309847
114 32 3 4194304 2.002310408
82 18 3 4194304 2.002310433
13 106 3 4194304 2.002310446
79 33 3 4194304 2.002310807
107 17 3 4194304 2.002310853
72 120 3 4194304 2.002310868
100 54 3 4194304 2.002311033
39 25 3 4194304 2.002311765
56 32 3 4194304 2.002312168
23 27 3 4194304 2.002312972
79 43 3 4194304 2.002313044
25 75 3 4194304 2.002313736
38 94 3 4194304 2.002313973
78 69 3 4194304 2.002314402
83 48 3 4194304 2.002314752
7 69 3 4194304 2.002314833
45 115 3 4194304 2.002315044
94 54 3 4194304 2.002315908
98 29 3 4194304 2.002316284
25 65 3 4194304 2.002316923
73 127 3 4194304 2.002317416
29 75 3 4194304 2.002318172
72 93 3 4194304 2.002318227
23 25 3 4194304 2.002318466
85 108 3 4194304 2.002318706
63 71 3 4194304 2.002318723
77 48 3 4194304 2.002318854
52 90 3 4194304 2.002318897
116 36 3 4194304 2.002319230
58 127 3 4194304 2.002319645
125 83 3 4194304 2.002319682
13 38 3 4194304 2.002319908
11 96 3 4194304 2.002320717
118 93 3 4194304 2.002320826
17 2 3 4194304 2.002320893
63 110 3 4194304 2.002321182
8 78 3 4194304 2.002322511
81 73 3 4194304 2.002322797
21 69 3 4194304 2.002322930
52 26 3 4194304 2.002323078
22 110 3 4194304 2.002323326
53 82 3 4194304 2.002323350
102 10 3 4194304 2.002323621
27 53 3 4194304 2.002323847
93 89 3 4194304 2.002324109
12 106 3 4194304 2.002324147
22 88 3 4194304 2.002324313
71 79 3 4194304 2.002324877
85 37 3 4194304 2.002324934
36 76 3 4194304 2.002325237
41 9 3 4194304 2.002325280
77 8 3 4194304 2.002325334
56 57 3 4194304 2.002325426
63 12 3 4194304 2.002325681
46 120 3 4194304 2.002325981
7 6 3 4194304 2.002326129
114 48 3 4194304 2.002326264
63 109 3 4194304 2.002326278
22 107 3 4194304 2.002326940
89 21 3 4194304 2.002327074
67 64 3 4194304 2.002327406
0 12 3 4194304 2.002327491
104 85 3 4194304 2.002327878
28 44 3 4194304 2.002328218
44 45 3 4194304 2.002328459
98 112 3 4194304 2.002328897
40 59 3 4194304 2.002328948
0 33 3 4194304 2.002329014
56 119 3 4194304 2.002329228
3 17 3 4194304 2.002329782
55 60 3 4194304 2.002329846
109 19 3 4194304 2.002329923
22 72 3 4194304 2.002329940
31 82 3 4194304 2.002330311
108 5 3 4194304 2.002330337
108 111 3 4194304 2.002330502
7 66 3 4194304 2.002330882
114 53 3 4194304 2.002330990
2 15 3 4194304 2.002331477
13 102 3 4194304 2.002331586
42 18 3 4194304 2.002332342
22 90 3 4194304 2.002332434
124 78 3 4194304 2.002333549
2 54 3 4194304 2.002333621
102 117 3 4194304 2.002334127
73 62 3 4194304 2.002334172
24 78 3 4194304 2.002334338
20 29 3 4194304 2.002335175
60 20 3 4194304 2.002335257
127 78 3 4194304 2.002335859
95 75 3 4194304 2.002335910
47 35 3 4194304 2.002336127
96 64 3 4194304 2.002336301
97 94 3 4194304 2.002336515
76 92 3 4194304 2.002336795
113 114 3 4194304 2.002337579
5 46 3 4194304 2.002337591
56 81 3 4194304 2.002337624
50 65 3 4194304 2.002337841
98 37 3 4194304 2.002337972
28 37 3 4194304 2.002338245
117 63 3 4194304 2.002338266
15 102 3 4194304 2.002338420
11 4 3 4194304 2.002338706
6 80 3 4194304 2.002339784
28 80 3 4194304 2.002340415
104 61 3 4194304 2.002340516
116 37 3 4194304 2.002340690
78 93 3 4194304 2.002340780
104 126 3 4194304 2.002340908
117 98 3 4194304 2.002341275
118 124 3 4194304 2.002341291
56 1 3 4194304 2.002341729
63 125 3 4194304 2.002343009
15 27 3 4194304 2.002343167
68 61 3 4194304 2.002343247
50 31 3 4194304 2.002343575
23 80 3 4194304 2.002344950
105 64 3 4194304 2.002344987
14 124 3 4194304 2.002346174
127 113 3 4194304 2.002346374
91 111 3 4194304 2.002346465
93 36 3 4194304 2.002346616
113 14 3 4194304 2.002346743
71 30 3 4194304 2.002346788
5 10 3 4194304 2.002346921
73 72 3 4194304 2.002346944
35 97 3 4194304 2.002347127
38 82 3 4194304 2.002347161
127 94 3 4194304 2.002347920
104 59 3 4194304 2.002348265
97 79 3 4194304 2.002348342
119 117 3 4194304 2.002348446
109 76 3 4194304 2.002349391
61 77 3 4194304 2.002349985
5 27 3 4194304 2.002350026
83 100 3 4194304 2.002350084
119 56 3 4194304 2.002350092
96 18 3 4194304 2.002350716
118 86 3 4194304 2.002351123
33 92 3 4194304 2.002351241
19 75 3 4194304 2.002351327
115 6 3 4194304 2.002351963
39 123 3 4194304 2.002352110
119 75 3 4194304 2.002352230
106 36 3 4194304 2.002353226
108 25 3 4194304 2.002353338
114 87 3 4194304 2.002353396
109 71 3 4194304 2.002353575
53 117 3 4194304 2.002353590
94 34 3 4194304 2.002353637
20 49 3 4194304 2.002353757
83 30 3 4194304 2.002353960
87 11 3 4194304 2.002354046
101 14 3 4194304 2.002354112
115 126 3 4194304 2.002354504
72 111 3 4194304 2.002354601
97 14 3 4194304 2.002354987
111 93 3 4194304 2.002355082
13 92 3 4194304 2.002355195
9 32 3 4194304 2.002355273
103 81 3 4194304 2.002355557
29 67 3 4194304 2.002355796
124 94 3 4194304 2.002355915
75 70 3 4194304 2.002356469
50 44 3 4194304 2.002357100
80 81 3 4194304 2.002357105
75 59 3 4194304 2.002357153
37 115 3 4194304 2.002357589
26 73 3 4194304 2.002357763
125 57 3 4194304 2.002357863
4 58 3 4194304 2.002357875
69 51 3 4194304 2.002357979
72 71 3 4194304 2.002358824
102 69 3 4194304 2.002359170
59 98 3 4194304 2.002359212
109 66 3 4194304 2.002359313
119 122 3 4194304 2.002359383
31 76 3 4194304 2.002360302
65 31 3 4194304 2.002360374
13 105 3 4194304 2.002360665
28 120 3 4194304 2.002360868
66 123 3 4194304 2.002361205
56 66 3 4194304 2.002361216
115 40 3 4194304 2.002361242
41 60 3 4194304 2.002362130
16 39 3 4194304 2.002362169
119 26 3 4194304 2.002362591
81 112 3 4194304 2.002362961
12 103 3 4194304 2.002362997
119 16 3 4194304 2.002363323
115 55 3 4194304 2.002363590
99 72 3 4194304 2.002363671
90 42 3 4194304 2.002364125
74 97 3 4194304 2.002364602
110 115 3 4194304 2.002364854
13 50 3 4194304 2.002365083
115 80 3 4194304 2.002365100
106 26 3 4194304 2.002365122
77 6 3 4194304 2.002365161
58 106 3 4194304 2.002365179
95 97 3 4194304 2.002365410
18 40 3 4194304 2.002365965
83 93 3 4194304 2.002366059
93 1 3 4194304 2.002366474
54 17 3 4194304 2.002366533
120 60 3 4194304 2.002366868
22 0 3 4194304 2.002367258
10 0 3 4194304 2.002367425
105 14 3 4194304 2.002367750
87 102 3 4194304 2.002367803
43 127 3 4194304 2.002367933
29 32 3 4194304 2.002368279
49 106 3 4194304 2.002368434
126 69 3 4194304 2.002368636
123 33 3 4194304 2.002368755
125 110 3 4194304 2.002368815
45 67 3 4194304 2.002369069
45 114 3 4194304 2.002370986
7 51 3 4194304 2.002371429
80 46 3 4194304 2.002371569
63 108 3 4194304 2.002372124
103 72 3 4194304 2.002372289
39 73 3 4194304 2.002372990
124 50 3 4194304 2.002373918
58 112 3 4194304 2.002374091
36 63 3 4194304 2.002374450
117 17 3 4194304 2.002374520
51 118 3 4194304 2.002374775
122 16 3 4194304 2.002374915
8 119 3 4194304 2.002375090
5 93 3 4194304 2.002375219
66 21 3 4194304 2.002375391
7 79 3 4194304 2.002375710
0 56 3 4194304 2.002376383
15 33 3 4194304 2.002376669
7 118 3 4194304 2.002376803
21 71 3 4194304 2.002377222
66 61 3 4194304 2.002377349
10 124 3 4194304 2.002379110
113 90 3 4194304 2.002379296
76 28 3 4194304 2.002380265
1 69 3 4194304 2.002380561
2 44 3 4194304 2.002380920
121 30 3 4194304 2.002380956
22 1 3 4194304 2.002381047
87 56 3 4194304 2.002381095
3 87 3 4194304 2.002381238
91 67 3 4194304 2.002381403
96 95 3 4194304 2.002381722
55 72 3 4194304 2.002382173
35 47 3 4194304 2.002382584
40 10 3 4194304 2.002382881
19 95 3 4194304 2.002383250
83 107 3 4194304 2.002383292
61 67 3 4194304 2.002383401
31 99 3 4194304 2.002383478
14 86 3 4194304 2.002383527
99 111 3 4194304 2.002384009
50 74 3 4194304 2.002384573
126 42 3 4194304 2.002384919
115 110 3 4194304 2.002385274
103 68 3 4194304 2.002385555
49 30 3 4194304 2.002385929
87 73 3 4194304 2.002386420
67 70 3 4194304 2.002386732
64 58 3 4194304 2.002386819
90 67 3 4194304 2.002387831
91 61 3 4194304 2.002388856
46 64 3 4194304 2.002388995
29 12 3 4194304 2.002389381
24 84 3 4194304 2.002390326
107 9 3 4194304 2.002390329
3 0 3 4194304 2.002390624
1 122 3 4194304 2.002390836
71 9 3 4194304 2.002390954
63 14 3 4194304 2.002391011
121 113 3 4194304 2.002391312
75 77 3 4194304 2.002391995
2 8 3 4194304 2.002392226
121 7 3 4194304 2.002393167
81 115 3 4194304 2.002393789
93 83 3 4194304 2.002393804
36 120 3 4194304 2.002393814
58 29 3 4194304 2.002393891
3 49 3 4194304 2.002394025
114 3 3 4194304 2.002394475
63 7 3 4194304 2.002395226
77 92 3 4194304 2.002395390
37 76 3 4194304 2.002395446
106 110 3 4194304 2.002395830
103 126 3 4194304 2.002395944
74 62 3 4194304 2.002396481
118 55 3 4194304 2.002396722
122 2 3 4194304 2.002396796
125 123 3 4194304 2.002396904
66 34 3 4194304 2.002397215
18 17 3 4194304 2.002397366
9 102 3 4194304 2.002397610
51 111 3 4194304 2.002397621
94 55 3 4194304 2.002397956
72 105 3 4194304 2.002398205
25 72 3 4194304 2.002398557
14 110 3 4194304 2.002398966
120 69 3 4194304 2.002399242
83 16 3 4194304 2.002399301
24 86 3 4194304 2.002399754
65 100 3 4194304 2.002399806
38 67 3 4194304 2.002399876
9 56 3 4194304 2.002399983
79 8 3 4194304 2.002400553
102 105 3 4194304 2.002401280
42 58 3 4194304 2.002401613
110 64 3 4194304 2.002401614
35 33 3 4194304 2.002401752
117 12 3 4194304 2.002401793
23 18 3 4194304 2.002402536
69 6 3 4194304 2.002402679
98 75 3 4194304 2.002402769
36 96 3 4194304 2.002402918
29 45 3 4194304 2.002402932
123 109 3 4194304 2.002403230
74 23 3 4194304 2.002403328
125 68 3 4194304 2.002403387
22 118 3 4194304 2.002403886
4 75 3 4194304 2.002404625
7 24 3 4194304 2.002405338
88 16 3 4194304 2.002406105
63 27 3 4194304 2.002406175
35 121 3 4194304 2.002406472
12 43 3 4194304 2.002406890
6 65 3 4194304 2.002407161
44 91 3 4194304 2.002407539
92 26 3 4194304 2.002407807
121 20 3 4194304 2.002408296
118 95 3 4194304 2.002408866
20 82 3 4194304 2.002408978
0 86 3 4194304 2.002409200
83 11 3 4194304 2.002409671
57 107 3 4194304 2.002410046
5 21 3 4194304 2.002411132
107 100 3 4194304 2.002411617
32 92 3 4194304 2.002411824
14 30 3 4194304 2.002411980
22 77 3 4194304 2.002412558
99 51 3 4194304 2.002413479
121 67 3 4194304 2.002413772
65 55 3 4194304 2.002413994
126 24 3 4194304 2.002414131
17 109 3 4194304 2.002414275
85 112 3 4194304 2.002414624
38 23 3 4194304 2.002415250
30 104 3 4194304 2.002415318
101 17 3 4194304 2.002415380
59 42 3 4194304 2.002415471
76 23 3 4194304 2.002415918
20 112 3 4194304 2.002415925
3 99 3 4194304 2.002416875
103 110 3 4194304 2.002416952
69 68 3 4194304 2.002417028
89 77 3 4194304 2.002417199
29 36 3 4194304 2.002417294
64 52 3 4194304 2.002417404
22 122 3 4194304 2.002417973
103 50 3 4194304 2.002418156
124 103 3 4194304 2.002418854
126 122 3 4194304 2.002419670
11 28 3 4194304 2.002419758
5 4 3 4194304 2.002419984
17 31 3 4194304 2.002420107
90 123 3 4194304 2.002420292
61 32 3 4194304 2.002420320
77 120 3 4194304 2.002420367
86 113 3 4194304 2.002420400
9 1 3 4194304 2.002420947
41 50 3 4194304 2.002421140
82 85 3 4194304 2.002421181
60 28 3 4194304 2.002422079
56 2 3 4194304 2.002422367
70 2 3 4194304 2.002422476
3 108 3 4194304 2.002422564
118 106 3 4194304 2.002422687
59 60 3 4194304 2.002422789
3 123 3 4194304 2.002423034
40 106 3 4194304 2.002423502
88 29 3 4194304 2.002423575
105 124 3 4194304 2.002423632
55 105 3 4194304 2.002423846
42 89 3 4194304 2.002424437
80 47 3 4194304 2.002424682
61 11 3 4194304 2.002424845
80 105 3 4194304 2.002424848
58 101 3 4194304 2.002425668
36 88 3 4194304 2.002425812
11 3 3 4194304 2.002426825
98 99 3 4194304 2.002426908
3 43 3 4194304 2.002428068
103 111 3 4194304 2.002428460
92 9 3 4194304 2.002430338
79 125 3 4194304 2.002430381
73 121 3 4194304 2.002430796
69 87 3 4194304 2.002431620
34 86 3 4194304 2.002431796
33 37 3 4194304 2.002432497
119 27 3 4194304 2.002432618
53 76 3 4194304 2.002433371
54 82 3 4194304 2.002433477
16 75 3 4194304 2.002434618
26 61 3 4194304 2.002434859
102 20 3 4194304 2.002435237
55 48 3 4194304 2.002435238
78 40 3 4194304 2.002435853
79 20 3 4194304 2.002436056
53 78 3 4194304 2.002436490
86 104 3 4194304 2.002436712
83 54 3 4194304 2.002436765
74 33 3 4194304 2.002437366
35 58 3 4194304 2.002438076
26 48 3 4194304 2.002438312
99 112 3 4194304 2.002438472
32 43 3 4194304 2.002438900
94 77 3 4194304 2.002439576
9 86 3 4194304 2.002439577
85 72 3 4194304 2.002439669
85 8 3 4194304 2.002439814
108 4 3 4194304 2.002440029
64 91 3 4194304 2.002440048
35 85 3 4194304 2.002440477
76 107 3 4194304 2.002440477
46 81 3 4194304 2.002440560
16 23 3 4194304 2.002440619
22 32 3 4194304 2.002440633
57 78 3 4194304 2.002440703
90 52 3 4194304 2.002440811
96 16 3 4194304 2.002441120
27 56 3 4194304 2.002441513
108 11 3 4194304 2.002441783
90 11 3 4194304 2.002442095
85 92 3 4194304 2.002442638
30 65 3 4194304 2.002442878
74 100 3 4194304 2.002443418
101 80 3 4194304 2.002443431
17 27 3 4194304 2.002443618
106 45 3 4194304 2.002443948
126 11 3 4194304 2.002444238
124 71 3 4194304 2.002444511
20 62 3 4194304 2.002444714
60 30 3 4194304 2.002444859
125 60 3 4194304 2.002445126
119 41 3 4194304 2.002445384
53 66 3 4194304 2.002445590
55 14 3 4194304 2.002445660
92 80 3 4194304 2.002445743
81 21 3 4194304 2.002445974
115 14 3 4194304 2.002446069
12 85 3 4194304 2.002446344
83 21 3 4194304 2.002446409
57 54 3 4194304 2.002447745
96 71 3 4194304 2.002448072
118 51 3 4194304 2.002448285
95 14 3 4194304 2.002448534
33 112 3 4194304 2.002448768
79 100 3 4194304 2.002448830
123 7 3 4194304 2.002448899
16 33 3 4194304 2.002449147
60 25 3 4194304 2.002449436
57 69 3 4194304 2.002449823
125 20 3 4194304 2.002450024
94 101 3 4194304 2.002450314
32 85 3 4194304 2.002450401
43 39 3 4194304 2.002451089
1 77 3 4194304 2.002451230
65 69 3 4194304 2.002451587
19 117 3 4194304 2.002452088
93 9 3 4194304 2.002452454
68 55 3 4194304 2.002452707
76 65 3 4194304 2.002453796
45 75 3 4194304 2.002454385
65 92 3 4194304 2.002454835
86 29 3 4194304 2.002454906
70 57 3 4194304 2.002455174
106 25 3 4194304 2.002455633
56 124 3 4194304 2.002455716
71 72 3 4194304 2.002455719
83 74 3 4194304 2.002455872
80 106 3 4194304 2.002456072
14 25 3 4194304 2.002456464
74 37 3 4194304 2.002456862
25 76 3 4194304 2.002457074
58 76 3 4194304 2.002457105
60 75 3 4194304 2.002457210
87 65 3 4194304 2.002457309
28 53 3 4194304 2.002457602
71 110 3 4194304 2.002458219
95 55 3 4194304 2.002458278
112 10 3 4194304 2.002458886
62 101 3 4194304 2.002459432
51 103 3 4194304 2.002459914
119 71 3 4194304 2.002460872
60 121 3 4194304 2.002460981
103 49 3 4194304 2.002461412
73 90 3 4194304 2.002461449
12 87 3 4194304 2.002461522
116 85 3 4194304 2.002461732
45 107 3 4194304 2.002462080
113 121 3 4194304 2.002462365
70 95 3 4194304 2.002462747
102 73 3 4194304 2.002462889
99 11 3 4194304 2.002462894
16 43 3 4194304 2.002463233
106 4 3 4194304 2.002463541
42 78 3 4194304 2.002463667
127 89 3 4194304 2.002463695
122 124 3 4194304 2.002463973
58 45 3 4194304 2.002464059
80 119 3 4194304 2.002464245
79 68 3 4194304 2.002464581
12 84 3 4194304 2.002464889
7 52 3 4194304 2.002465332
68 88 3 4194304 2.002465621
121 71 3 4194304 2.002465874
93 48 3 4194304 2.002466544
61 62 3 4194304 2.002466794
30 98 3 4194304 2.002466990
42 99 3 4194304 2.002467017
15 123 3 4194304 2.002467141
52 109 3 4194304 2.002467641
99 97 3 4194304 2.002468327
37 45 3 4194304 2.002468536
34 55 3 4194304 2.002468667
27 121 3 4194304 2.002468763
90 124 3 4194304 2.002468964
86 81 3 4194304 2.002468999
25 51 3 4194304 2.002469649
66 108 3 4194304 2.002469729
101 127 3 4194304 2.002470180
109 83 3 4194304 2.002470194
7 59 3 4194304 2.002470756
110 114 3 4194304 2.002470955
33 122 3 4194304 2.002471029
54 113 3 4194304 2.002471243
104 68 3 4194304 2.002471842
112 64 3 4194304 2.002472276
116 106 3 4194304 2.002472397
88 79 3 4194304 2.002472625
73 2 3 4194304 2.002473842
76 120 3 4194304 2.002474197
72 43 3 4194304 2.002474813
87 105 3 4194304 2.002474817
37 67 3 4194304 2.002474864
108 68 3 4194304 2.002474979
25 28 3 4194304 2.002475039
33 69 3 4194304 2.002475079
38 22 3 4194304 2.002475225
118 67 3 4194304 2.002475331
2 110 3 4194304 2.002475764
6 111 3 4194304 2.002475859
48 37 3 4194304 2.002475873
85 49 3 4194304 2.002476792
6 79 3 4194304 2.002476951
6 36 3 4194304 2.002476990
15 110 3 4194304 2.002477417
27 17 3 4194304 2.002478637
91 44 3 4194304 2.002478855
59 14 3 4194304 2.002478898
84 14 3 4194304 2.002479751
21 16 3 4194304 2.002480024
79 103 3 4194304 2.002480787
18 105 3 4194304 2.002480825
118 120 3 4194304 2.002481181
103 11 3 4194304 2.002481310
0 16 3 4194304 2.002481751
8 84 3 4194304 2.002481872
29 101 3 4194304 2.002482041
61 79 3 4194304 2.002482267
80 118 3 4194304 2.002483145
96 56 3 4194304 2.002483278
23 111 3 4194304 2.002483755
61 82 3 4194304 2.002483760
12 71 3 4194304 2.002483922
84 30 3 4194304 2.002484273
83 99 3 4194304 2.002484544
95 66 3 4194304 2.002484597
86 74 3 4194304 2.002485035
51 100 3 4194304 2.002485279
44 110 3 4194304 2.002485491
98 61 3 4194304 2.002485932
107 47 3 4194304 2.002486567
74 13 3 4194304 2.002486820
59 13 3 4194304 2.002486915
87 12 3 4194304 2.002487049
75 22 3 4194304 2.002487263
97 93 3 4194304 2.002487541
116 104 3 4194304 2.002487620
124 111 3 4194304 2.002489509
68 66 3 4194304 2.002490332
20 110 3 4194304 2.002490420
59 21 3 4194304 2.002490474
78 32 3 4194304 2.002490602
29 17 3 4194304 2.002490625
55 49 3 4194304 2.002490887
11 60 3 4194304 2.002491193
21 8 3 4194304 2.002491403
67 61 3 4194304 2.002491421
25 16 3 4194304 2.002491434
62 102 3 4194304 2.002492887
35 25 3 4194304 2.002493168
74 22 3 4194304 2.002493175
91 102 3 4194304 2.002493183
114 58 3 4194304 2.002494128
48 118 3 4194304 2.002496564
77 27 3 4194304 2.002496900
22 19 3 4194304 2.002497517
27 37 3 4194304 2.002497572
51 26 3 4194304 2.002497916
11 62 3 4194304 2.002498220
10 16 3 4194304 2.002498876
20 24 3 4194304 2.002499373
106 90 3 4194304 2.002499527
84 66 3 4194304 2.002500141
58 70 3 4194304 2.002500382
61 85 3 4194304 2.002500530
87 86 3 4194304 2.002500719
58 3 3 4194304 2.002500794
92 67 3 4194304 2.002500913
36 42 3 4194304 2.002501128
45 57 3 4194304 2.002501375
80 29 3 4194304 2.002501511
106 74 3 4194304 2.002501903
87 100 3 4194304 2.002501920
52 69 3 4194304 2.002502448
29 59 3 4194304 2.002502543
2 77 3 4194304 2.002502926
38 29 3 4194304 2.002502952
65 51 3 4194304 2.002503072
62 41 3 4194304 2.002503376
30 111 3 4194304 2.002503608
109 127 3 4194304 2.002503621
74 18 3 4194304 2.002504527
76 19 3 4194304 2.002504616
50 53 3 4194304 2.002504880
83 115 3 4194304 2.002504989
36 92 3 4194304 2.002505586
97 73 3 4194304 2.002506031
5 83 3 4194304 2.002506283
78 63 3 4194304 2.002506353
118 7 3 4194304 2.002506638
91 3 3 4194304 2.002506923
77 25 3 4194304 2.002507031
1 63 3 4194304 2.002507146
77 54 3 4194304 2.002508430
84 76 3 4194304 2.002508596
90 116 3 4194304 2.002508696
119 53 3 4194304 2.002509021
40 5 3 4194304 2.002509023
114 111 3 4194304 2.002509067
103 23 3 4194304 2.002509288
92 90 3 4194304 2.002509357
106 97 3 4194304 2.002509394
115 10 3 4194304 2.002509632
122 18 3 4194304 2.002510108
115 47 3 4194304 2.002510521
114 30 3 4194304 2.002510761
25 126 3 4194304 2.002511634
75 61 3 4194304 2.002512753
73 106 3 4194304 2.002513159
27 92 3 4194304 2.002513414
17 113 3 4194304 2.002513880
30 17 3 4194304 2.002514054
42 80 3 4194304 2.002514523
71 81 3 4194304 2.002514686
25 47 3 4194304 2.002514862
2 65 3 4194304 2.002515051
45 95 3 4194304 2.002515291
58 89 3 4194304 2.002516138
118 121 3 4194304 2.002516887
76 37 3 4194304 2.002517125
120 119 3 4194304 2.002517255
42 109 3 4194304 2.002517291
91 27 3 4194304 2.002517293
37 104 3 4194304 2.002517738
62 43 3 4194304 2.002518366
58 9 3 4194304 2.002518654
45 92 3 4194304 2.002518825
22 121 3 4194304 2.002519555
102 106 3 4194304 2.002519735
32 91 3 4194304 2.002519758
22 66 3 4194304 2.002520633
116 45 3 4194304 2.002520753
12 99 3 4194304 2.002521232
84 64 3 4194304 2.002521691
64 45 3 4194304 2.002522904
110 62 3 4194304 2.002523128
21 114 3 4194304 2.002523570
5 117 3 4194304 2.002523963
92 84 3 4194304 2.002524005
26 22 3 4194304 2.002524045
85 56 3 4194304 2.002524334
61 17 3 4194304 2.002524347
84 39 3 4194304 2.002524459
58 27 3 4194304 2.002525045
18 123 3 4194304 2.002525157
114 70 3 4194304 2.002525529
14 23 3 4194304 2.002525675
20 101 3 4194304 2.002526122
57 56 3 4194304 2.002526465
126 0 3 4194304 2.002526648
100 52 3 4194304 2.002526793
17 73 3 4194304 2.002526822
60 73 3 4194304 2.002527055
26 29 3 4194304 2.002527384
124 104 3 4194304 2.002527897
106 5 3 4194304 2.002528482
46 45 3 4194304 2.002528589
33 80 3 4194304 2.002529613
24 101 3 4194304 2.002529678
9 22 3 4194304 2.002529764
19 53 3 4194304 2.002529810
27 26 3 4194304 2.002529961
110 70 3 4194304 2.002530095
64 106 3 4194304 2.002530134
89 71 3 4194304 2.002530148
0 25 3 4194304 2.002530860
113 111 3 4194304 2.002532160
65 11 3 4194304 2.002532230
32 56 3 4194304 2.002532655
72 28 3 4194304 2.002533161
103 33 3 4194304 2.002533360
71 76 3 4194304 2.002533583
33 64 3 4194304 2.002533613
78 76 3 4194304 2.002534068
92 106 3 4194304 2.002534155
55 44 3 4194304 2.002534385
119 60 3 4194304 2.002534409
44 115 3 4194304 2.002534584
54 36 3 4194304 2.002535284
62 19 3 4194304 2.002535469
58 10 3 4194304 2.002535819
23 45 3 4194304 2.002535983
107 65 3 4194304 2.002536276
95 105 3 4194304 2.002538007
116 79 3 4194304 2.002538722
21 125 3 4194304 2.002538868
100 91 3 4194304 2.002539438
43 112 3 4194304 2.002540094
111 66 3 4194304 2.002540162
91 103 3 4194304 2.002540448
28 57 3 4194304 2.002540823
76 80 3 4194304 2.002541030
17 3 3 4194304 2.002541367
77 117 3 4194304 2.002541957
105 71 3 4194304 2.002542183
39 108 3 4194304 2.002542555
54 92 3 4194304 2.002543201
101 113 3 4194304 2.002543282
106 73 3 4194304 2.002543284
101 21 3 4194304 2.002543792
121 34 3 4194304 2.002544591
91 107 3 4194304 2.002544634
54 24 3 4194304 2.002544662
44 108 3 4194304 2.002545453
119 89 3 4194304 2.002545517
66 114 3 4194304 2.002545783
68 73 3 4194304 2.002546273
108 56 3 4194304 2.002546800
107 83 3 4194304 2.002547102
66 46 3 4194304 2.002547271
12 37 3 4194304 2.002547518
29 24 3 4194304 2.002547663
54 81 3 4194304 2.002548248
110 16 3 4194304 2.002548344
39 18 3 4194304 2.002548900
29 72 3 4194304 2.002549049
49 39 3 4194304 2.002549289
125 95 3 4194304 2.002549816
99 71 3 4194304 2.002550067
125 115 3 4194304 2.002550088
5 77 3 4194304 2.002550410
37 4 3 4194304 2.002550446
24 117 3 4194304 2.002550558
31 4 3 4194304 2.002550838
1 92 3 4194304 2.002551176
6 107 3 4194304 2.002551440
41 54 3 4194304 2.002551500
78 98 3 4194304 2.002551527
111 55 3 4194304 2.002552190
119 23 3 4194304 2.002552218
78 14 3 4194304 2.002552270
107 54 3 4194304 2.002552548
48 20 3 4194304 2.002552593
62 18 3 4194304 2.002552949
13 3 3 4194304 2.002553222
3 9 3 4194304 2.002553427
125 37 3 4194304 2.002553644
41 10 3 4194304 2.002554648
117 116 3 4194304 2.002555088
114 72 3 4194304 2.002555219
17 127 3 4194304 2.002555274
49 11 3 4194304 2.002555654
82 98 3 4194304 2.002555748
58 14 3 4194304 2.002555773
9 96 3 4194304 2.002556484
90 119 3 4194304 2.002556579
50 120 3 4194304 2.002556952
1 73 3 4194304 2.002557247
32 29 3 4194304 2.002557619
34 126 3 4194304 2.002558619
65 97 3 4194304 2.002558846
72 24 3 4194304 2.002559076
97 102 3 4194304 2.002559127
98 79 3 4194304 2.002559398
11 101 3 4194304 2.002559433
44 54 3 4194304 2.002559436
20 106 3 4194304 2.002559680
54 2 3 4194304 2.002559754
102 88 3 4194304 2.002559760
103 112 3 4194304 2.002559780
98 107 3 4194304 2.002559848
109 0 3 4194304 2.002559972
21 12 3 4194304 2.002560461
124 110 3 4194304 2.002560786
122 127 3 4194304 2.002560858
100 108 3 4194304 2.002561746
38 37 3 4194304 2.002561983
62 105 3 4194304 2.002562134
83 57 3 4194304 2.002562232
71 16 3 4194304 2.002562283
55 50 3 4194304 2.002562467
127 60 3 4194304 2.002562511
46 35 3 4194304 2.002563502
6 8 3 4194304 2.002563803
106 24 3 4194304 2.002564596
31 46 3 4194304 2.002564671
67 37 3 4194304 2.002564777
9 14 3 4194304 2.002565524
22 103 3 4194304 2.002566512
73 48 3 4194304 2.002566572
10 7 3 4194304 2.002566673
116 68 3 4194304 2.002566707
38 112 3 4194304 2.002566819
50 87 3 4194304 2.002567217
57 24 3 4194304 2.002568219
74 79 3 4194304 2.002568705
64 60 3 4194304 2.002568760
35 5 3 4194304 2.002568770
40 79 3 4194304 2.002568771
21 97 3 4194304 2.002569064
91 51 3 4194304 2.002569297
54 0 3 4194304 2.002569418
126 123 3 4194304 2.002569437
70 87 3 4194304 2.002569527
72 21 3 4194304 2.002569561
11 26 3 4194304 2.002569715
75 40 3 4194304 2.002569839
125 65 3 4194304 2.002570433
0 36 3 4194304 2.002570437
27 83 3 4194304 2.002572599
33 14 3 4194304 2.002572924
73 96 3 4194304 2.002573010
2 25 3 4194304 2.002573842
64 84 3 4194304 2.002574033
46 40 3 4194304 2.002574470
100 39 3 4194304 2.002575912
3 8 3 4194304 2.002576153
63 122 3 4194304 2.002576176
59 67 3 4194304 2.002576300
81 111 3 4194304 2.002576428
89 30 3 4194304 2.002576801
73 99 3 4194304 2.002576846
108 71 3 4194304 2.002576891
78 5 3 4194304 2.002577037
126 74 3 4194304 2.002578174
82 122 3 4194304 2.002578308
88 54 3 4194304 2.002578320
61 7 3 4194304 2.002578779
101 124 3 4194304 2.002579534
123 112 3 4194304 2.002580112
7 72 3 4194304 2.002580169
11 124 3 4194304 2.002580279
23 121 3 4194304 2.002581664
104 2 3 4194304 2.002581935
85 48 3 4194304 2.002582021
69 53 3 4194304 2.002582044
105 81 3 4194304 2.002582509
59 54 3 4194304 2.002582517
77 11 3 4194304 2.002583220
55 87 3 4194304 2.002583341
38 120 3 4194304 2.002583962
17 8 3 4194304 2.002584058
81 86 3 4194304 2.002584070
79 21 3 4194304 2.002584208
76 5 3 4194304 2.002584665
17 94 3 4194304 2.002584786
49 14 3 4194304 2.002584807
33 4 3 4194304 2.002585322
80 82 3 4194304 2.002585734
73 79 3 4194304 2.002586168
44 58 3 4194304 2.002586356
95 65 3 4194304 2.002586624
57 36 3 4194304 2.002587764
84 89 3 4194304 2.002587880
109 47 3 4194304 2.002587887
75 115 3 4194304 2.002588641
117 42 3 4194304 2.002589237
65 1 3 4194304 2.002589339
26 56 3 4194304 2.002589360
76 7 3 4194304 2.002590067
103 86 3 4194304 2.002590285
39 99 3 4194304 2.002590306
16 72 3 4194304 2.002590374
2 14 3 4194304 2.002590804
76 117 3 4194304 2.002590864
29 37 3 4194304 2.002591605
85 76 3 4194304 2.002591857
127 95 3 4194304 2.002592189
69 9 3 4194304 2.002592283
74 89 3 4194304 2.002592376
77 91 3 4194304 2.002592495
112 24 3 4194304 2.002592799
42 127 3 4194304 2.002592821
86 108 3 4194304 2.002593098
47 84 3 4194304 2.002593570
23 32 3 4194304 2.002594094
116 11 3 4194304 2.002594684
18 66 3 4194304 2.002594686
35 2 3 4194304 2.002594837
40 69 3 4194304 2.002595649
111 2 3 4194304 2.002595898
124 15 3 4194304 2.002596094
48 27 3 4194304 2.002596131
58 63 3 4194304 2.002596291
99 81 3 4194304 2.002596523
60 67 3 4194304 2.002596609
57 94 3 4194304 2.002597340
20 93 3 4194304 2.002597356
123 50 3 4194304 2.002597415
106 126 3 4194304 2.002597707
37 19 3 4194304 2.002597955
101 68 3 4194304 2.002598105
116 5 3 4194304 2.002598138
117 96 3 4194304 2.002598320
53 5 3 4194304 2.002598952
59 36 3 4194304 2.002599116
108 88 3 4194304 2.002599271
92 1 3 4194304 2.002599769
115 100 3 4194304 2.002600054
21 57 3 4194304 2.002600153
17 111 3 4194304 2.002600157
97 66 3 4194304 2.002600613
36 115 3 4194304 2.002601479
4 74 3 4194304 2.002601587
43 44 3 4194304 2.002601926
48 55 3 4194304 2.002602084
52 56 3 4194304 2.002602204
55 90 3 4194304 2.002602209
41 120 3 4194304 2.002602543
70 68 3 4194304 2.002603163
62 42 3 4194304 2.002603206
101 59 3 4194304 2.002603976
74 8 3 4194304 2.002604352
94 124 3 4194304 2.002604716
124 60 3 4194304 2.002605410
3 81 3 4194304 2.002605823
19 9 3 4194304 2.002605877
66 35 3 4194304 2.002606555
16 27 3 4194304 2.002606934
3 29 3 4194304 2.002607012
68 102 3 4194304 2.002607033
6 91 3 4194304 2.002607170
114 12 3 4194304 2.002608562
114 77 3 4194304 2.002608701
56 92 3 4194304 2.002608841
90 88 3 4194304 2.002609014
62 96 3 4194304 2.002609108
126 71 3 4194304 2.002609365
96 55 3 4194304 2.002609627
48 32 3 4194304 2.002610426
47 30 3 4194304 2.002611144
29 31 3 4194304 2.002611217
27 94 3 4194304 2.002611467
26 50 3 4194304 2.002612122
75 43 3 4194304 2.002612416
56 35 3 4194304 2.002612628
41 30 3 4194304 2.002613076
119 20 3 4194304 2.002613739
93 80 3 4194304 2.002614393
35 70 3 4194304 2.002614723
50 99 3 4194304 2.002614787
98 58 3 4194304 2.002614791
63 69 3 4194304 2.002614975
41 79 3 4194304 2.002615025
52 7 3 4194304 2.002615089
75 73 3 4194304 2.002615389
13 42 3 4194304 2.002615741
109 78 3 4194304 2.002615764
30 105 3 4194304 2.002615959
89 23 3 4194304 2.002615994
102 49 3 4194304 2.002616171
6 43 3 4194304 2.002616502
104 69 3 4194304 2.002616643
101 7 3 4194304 2.002616877
67 18 3 4194304 2.002617636
25 1 3 4194304 2.002618124
106 82 3 4194304 2.002618320
81 5 3 4194304 2.002618906
75 45 3 4194304 2.002619079
37 62 3 4194304 2.002619293
60 32 3 4194304 2.002619318
69 7 3 4194304 2.002619386
125 79 3 4194304 2.002620033
105 56 3 4194304 2.002620609
125 16 3 4194304 2.002620644
65 94 3 4194304 2.002621039
104 20 3 4194304 2.002621656
122 19 3 4194304 2.002621908
81 43 3 4194304 2.002622326
127 64 3 4194304 2.002622508
127 83 3 4194304 2.002622700
33 72 3 4194304 2.002623258
47 69 3 4194304 2.002623419
114 4 3 4194304 2.002623604
67 91 3 4194304 2.002624437
40 115 3 4194304 2.002624525
67 89 3 4194304 2.002624624
76 125 3 4194304 2.002625203
104 21 3 4194304 2.002625394
97 36 3 4194304 2.002625406
99 115 3 4194304 2.002625449
62 3 3 4194304 2.002626015
21 70 3 4194304 2.002626251
31 33 3 4194304 2.002626600
115 25 3 4194304 2.002627089
57 29 3 4194304 2.002627115
6 70 3 4194304 2.002627367
84 106 3 4194304 2.002627692
42 53 3 4194304 2.002628012
50 46 3 4194304 2.002628031
14 51 3 4194304 2.002628163
8 49 3 4194304 2.002628257
12 28 3 4194304 2.002628629
25 14 3 4194304 2.002629199
32 6 3 4194304 2.002629251
97 110 3 4194304 2.002629329
64 82 3 4194304 2.002629426
119 19 3 4194304 2.002629696
77 93 3 4194304 2.002630283
4 8 3 4194304 2.002630506
124 8 3 4194304 2.002630596
23 97 3 4194304 2.002631156
30 61 3 4194304 2.002631892
49 25 3 4194304 2.002632250
115 50 3 4194304 2.002632496
36 108 3 4194304 2.002632496
34 52 3 4194304 2.002632925
64 33 3 4194304 2.002633410
112 35 3 4194304 2.002634107
91 127 3 4194304 2.002634218
15 50 3 4194304 2.002634523
28 72 3 4194304 2.002634556
95 69 3 4194304 2.002634577
23 57 3 4194304 2.002634775
55 2 3 4194304 2.002634803
20 91 3 4194304 2.002634890
95 88 3 4194304 2.002635132
28 59 3 4194304 2.002635225
95 42 3 4194304 2.002635790
1 43 3 4194304 2.002636038
52 121 3 4194304 2.002637117
4 24 3 4194304 2.002637404
108 115 3 4194304 2.002637548
21 119 3 4194304 2.002638051
36 84 3 4194304 2.002638152
30 99 3 4194304 2.002638348
71 69 3 4194304 2.002638644
91 30 3 4194304 2.002638811
104 63 3 4194304 2.002638927
96 68 3 4194304 2.002639677
78 25 3 4194304 2.002639783
122 34 3 4194304 2.002639842
19 8 3 4194304 2.002640095
101 62 3 4194304 2.002640611
110 120 3 4194304 2.002640846
85 73 3 4194304 2.002640949
53 45 3 4194304 2.002641316
41 63 3 4194304 2.002641704
69 109 3 4194304 2.002642078
121 94 3 4194304 2.002642229
35 105 3 4194304 2.002642520
0 58 3 4194304 2.002643631
35 26 3 4194304 2.002643925
53 77 3 4194304 2.002644102
35 115 3 4194304 2.002644283
110 109 3 4194304 2.002644719
112 7 3 4194304 2.002645002
43 88 3 4194304 2.002645343
18 114 3 4194304 2.002645681
6 23 3 4194304 2.002646187
22 74 3 4194304 2.002646249
47 112 3 4194304 2.002646366
48 66 3 4194304 2.002646381
105 78 3 4194304 2.002647097
3 111 3 4194304 2.002647579
120 49 3 4194304 2.002648134
69 118 3 4194304 2.002648221
76 72 3 4194304 2.002648329
112 47 3 4194304 2.002648694
35 61 3 4194304 2.002648712
125 78 3 4194304 2.002648782
124 61 3 4194304 2.002648939
32 20 3 4194304 2.002649229
0 103 3 4194304 2.002650342
14 82 3 4194304 2.002650461
118 87 3 4194304 2.002650715
3 72 3 4194304 2.002650802
93 28 3 4194304 2.002651803
116 43 3 4194304 2.002651827
53 111 3 4194304 2.002651952
64 122 3 4194304 2.002652077
79 64 3 4194304 2.002652146
13 0 3 4194304 2.002652206
50 117 3 4194304 2.002652227
79 110 3 4194304 2.002652803
119 127 3 4194304 2.002653005
10 78 3 4194304 2.002654491
5 106 3 4194304 2.002654710
114 8 3 4194304 2.002655115
75 94 3 4194304 2.002655266
39 98 3 4194304 2.002656206
24 127 3 4194304 2.002656276
13 79 3 4194304 2.002656573
114 119 3 4194304 2.002656742
50 13 3 4194304 2.002656766
25 20 3 4194304 2.002657021
33 54 3 4194304 2.002657309
81 6 3 4194304 2.002657418
30 82 3 4194304 2.002657640
101 86 3 4194304 2.002658192
52 97 3 4194304 2.002658516
119 32 3 4194304 2.002659072
82 25 3 4194304 2.002659501
10 76 3 4194304 2.002659748
82 67 3 4194304 2.002660041
100 42 3 4194304 2.002660129
80 87 3 4194304 2.002660150
4 10 3 4194304 2.002660623
34 116 3 4194304 2.002660792
39 45 3 4194304 2.002660810
115 104 3 4194304 2.002661291
26 35 3 4194304 2.002661385
84 65 3 4194304 2.002661519
37 50 3 4194304 2.002661810
21 111 3 4194304 2.002662671
101 3 3 4194304 2.002663057
1 28 3 4194304 2.002663209
32 62 3 4194304 2.002663374
44 111 3 4194304 2.002663645
31 5 3 4194304 2.002664008
83 125 3 4194304 2.002664336
44 8 3 4194304 2.002664447
44 38 3 4194304 2.002665322
43 71 3 4194304 2.002665519
30 42 3 4194304 2.002665714
101 53 3 4194304 2.002665937
20 64 3 4194304 2.002665970
115 53 3 4194304 2.002666187
87 51 3 4194304 2.002666576
114 118 3 4194304 2.002667157
90 76 3 4194304 2.002667211
84 2 3 4194304 2.002667213
22 115 3 4194304 2.002667260
2 101 3 4194304 2.002667422
88 85 3 4194304 2.002667774
4 32 3 4194304 2.002668403
48 43 3 4194304 2.002668405
93 58 3 4194304 2.002668510
10 20 3 4194304 2.002668586
76 12 3 4194304 2.002668973
87 103 3 4194304 2.002669702
83 69 3 4194304 2.002669821
121 107 3 4194304 2.002669900
73 70 3 4194304 2.002669971
24 29 3 4194304 2.002671102
78 72 3 4194304 2.002671229
117 104 3 4194304 2.002671824
63 1 3 4194304 2.002672080
127 109 3 4194304 2.002672105
83 33 3 4194304 2.002672118
25 26 3 4194304 2.002672361
32 116 3 4194304 2.002672511
16 99 3 4194304 2.002673293
67 121 3 4194304 2.002673484
116 109 3 4194304 2.002673612
62 7 3 4194304 2.002673786
61 65 3 4194304 2.002674009
24 63 3 4194304 2.002674155
93 91 3 4194304 2.002675160
11 6 3 4194304 2.002675422
93 123 3 4194304 2.002675895
99 105 3 4194304 2.002676147
97 60 3 4194304 2.002676308
30 16 3 4194304 2.002676449
89 7 3 4194304 2.002676543
124 0 3 4194304 2.002676741
124 25 3 4194304 2.002676834
119 50 3 4194304 2.002676840
40 119 3 4194304 2.002679083
107 0 3 4194304 2.002679469
15 81 3 4194304 2.002679516
118 31 3 4194304 2.002680241
71 112 3 4194304 2.002680872
26 124 3 4194304 2.002681561
62 108 3 4194304 2.002681841
75 2 3 4194304 2.002682783
35 87 3 4194304 2.002682803
31 88 3 4194304 2.002683062
88 9 3 4194304 2.002683292
33 51 3 4194304 2.002683314
117 25 3 4194304 2.002683415
33 70 3 4194304 2.002683499
64 20 3 4194304 2.002683862
6 85 3 4194304 2.002683988
59 44 3 4194304 2.002684006
101 93 3 4194304 2.002684095
92 2 3 4194304 2.002684263
108 26 3 4194304 2.002684370
104 51 3 4194304 2.002684675
120 28 3 4194304 2.002684788
106 34 3 4194304 2.002685929
58 117 3 4194304 2.002686211
27 4 3 4194304 2.002686237
16 46 3 4194304 2.002686243
82 53 3 4194304 2.002686271
99 56 3 4194304 2.002686382
107 32 3 4194304 2.002686621
58 26 3 4194304 2.002686957
50 103 3 4194304 2.002687753
124 70 3 4194304 2.002688154
0 50 3 4194304 2.002688461
125 27 3 4194304 2.002688535
47 62 3 4194304 2.002688657
32 8 3 4194304 2.002688795
85 57 3 4194304 2.002689013
45 105 3 4194304 2.002689313
92 68 3 4194304 2.002689443
107 87 3 4194304 2.002689484
82 19 3 4194304 2.002689808
42 28 3 4194304 2.002689843
53 43 3 4194304 2.002690319
86 40 3 4194304 2.002690791
21 44 3 4194304 2.002690980
67 62 3 4194304 2.002691009
75 26 3 4194304 2.002691533
68 109 3 4194304 2.002692282
37 36 3 4194304 2.002692730
2 69 3 4194304 2.002692804
12 81 3 4194304 2.002692859
72 107 3 4194304 2.002692893
64 62 3 4194304 2.002692927
50 111 3 4194304 2.002693558
49 21 3 4194304 2.002693656
107 95 3 4194304 2.002693682
98 5 3 4194304 2.002694074
77 123 3 4194304 2.002694585
54 44 3 4194304 2.002694693
17 89 3 4194304 2.002694838
74 90 3 4194304 2.002695017
112 36 3 4194304 2.002695093
85 54 3 4194304 2.002695169
122 102 3 4194304 2.002695252
90 94 3 4194304 2.002695308
20 123 3 4194304 2.002695489
45 80 3 4194304 2.002695867
35 32 3 4194304 2.002695932
124 85 3 4194304 2.002696189
1 67 3 4194304 2.002696237
2 123 3 4194304 2.002696397
14 9 3 4194304 2.002696539
100 6 3 4194304 2.002696730
5 40 3 4194304 2.002696846
5 122 3 4194304 2.002697249
100 16 3 4194304 2.002697911
55 97 3 4194304 2.002698175
3 2 3 4194304 2.002698181
34 32 3 4194304 2.002698686
11 58 3 4194304 2.002698739
33 9 3 4194304 2.002698767
31 83 3 4194304 2.002699832
127 36 3 4194304 2.002700167
55 31 3 4194304 2.002700319
74 34 3 4194304 2.002700479
60 92 3 4194304 2.002700659
89 115 3 4194304 2.002700823
9 11 3 4194304 2.002700898
73 14 3 4194304 2.002701051
81 17 3 4194304 2.002701113
91 41 3 4194304 2.002701230
21 52 3 4194304 2.002701478
26 21 3 4194304 2.002701726
44 27 3 4194304 2.002701746
25 44 3 4194304 2.002702137
4 13 3 4194304 2.002702579
20 11 3 4194304 2.002702595
11 79 3 4194304 2.002702674
104 29 3 4194304 2.002702706
101 121 3 4194304 2.002702838
125 61 3 4194304 2.002703220
35 10 3 4194304 2.002703604
109 88 3 4194304 2.002704320
120 64 3 4194304 2.002704324
113 19 3 4194304 2.002704378
96 88 3 4194304 2.002704750
119 69 3 4194304 2.002705281
4 33 3 4194304 2.002705450
119 31 3 4194304 2.002705939
50 42 3 4194304 2.002706200
49 73 3 4194304 2.002706244
54 71 3 4194304 2.002706327
97 87 3 4194304 2.002706667
108 64 3 4194304 2.002706742
3 41 3 4194304 2.002706966
88 115 3 4194304 2.002707489
88 14 3 4194304 2.002707552
40 104 3 4194304 2.002707688
70 23 3 4194304 2.002707854
62 79 3 4194304 2.002708261
122 81 3 4194304 2.002708416
111 12 3 4194304 2.002708760
39 69 3 4194304 2.002708887
80 58 3 4194304 2.002709082
85 123 3 4194304 2.002709224
49 44 3 4194304 2.002709411
47 61 3 4194304 2.002709413
101 52 3 4194304 2.002709646
119 98 3 4194304 2.002709841
33 95 3 4194304 2.002709996
5 56 3 4194304 2.002711062
61 76 3 4194304 2.002711337
77 114 3 4194304 2.002711514
5 65 3 4194304 2.002711689
116 30 3 4194304 2.002712129
77 124 3 4194304 2.002713079
127 124 3 4194304 2.002713432
20 103 3 4194304 2.002713690
40 81 3 4194304 2.002713747
9 40 3 4194304 2.002713911
124 123 3 4194304 2.002713947
10 115 3 4194304 2.002714052
22 58 3 4194304 2.002714364
49 78 3 4194304 2.002714549
108 116 3 4194304 2.002714678
87 108 3 4194304 2.002714794
54 102 3 4194304 2.002714995
54 47 3 4194304 2.002715082
57 80 3 4194304 2.002715117
73 13 3 4194304 2.002715443
100 18 3 4194304 2.002715515
33 90 3 4194304 2.002715516
70 44 3 4194304 2.002716154
85 93 3 4194304 2.002716706
94 5 3 4194304 2.002716757
65 87 3 4194304 2.002717093
79 116 3 4194304 2.002717441
18 26 3 4194304 2.002717622
37 3 3 4194304 2.002717632
43 85 3 4194304 2.002718072
54 108 3 4194304 2.002719281
32 74 3 4194304 2.002719287
1 40 3 4194304 2.002719796
5 91 3 4194304 2.002719808
54 123 3 4194304 2.002720211
15 124 3 4194304 2.002720730
53 106 3 4194304 2.002720749
88 74 3 4194304 2.002721383
101 42 3 4194304 2.002722098
25 27 3 4194304 2.002722274
123 76 3 4194304 2.002722360
84 94 3 4194304 2.002722516
18 108 3 4194304 2.002723082
68 26 3 4194304 2.002723202
52 31 3 4194304 2.002723360
40 30 3 4194304 2.002723814
53 74 3 4194304 2.002723934
110 74 3 4194304 2.002724020
103 122 3 4194304 2.002724119
13 27 3 4194304 2.002724707
56 18 3 4194304 2.002725187
114 15 3 4194304 2.002725783
105 84 3 4194304 2.002726115
63 82 3 4194304 2.002726198
10 97 3 4194304 2.002726366
16 59 3 4194304 2.002727064
70 22 3 4194304 2.002727104
8 64 3 4194304 2.002727177
104 93 3 4194304 2.002727573
93 23 3 4194304 2.002727724
21 50 3 4194304 2.002727836
105 77 3 4194304 2.002728151
64 19 3 4194304 2.002728691
22 29 3 4194304 2.002728810
87 59 3 4194304 2.002728855
67 102 3 4194304 2.002728932
21 13 3 4194304 2.002729255
107 10 3 4194304 2.002729408
98 36 3 4194304 2.002729416
66 109 3 4194304 2.002730099
113 1 3 4194304 2.002730226
63 112 3 4194304 2.002730330
72 97 3 4194304 2.002730919
49 120 3 4194304 2.002731379
68 116 3 4194304 2.002731777
59 8 3 4194304 2.002731931
16 73 3 4194304 2.002731947
43 89 3 4194304 2.002732170
0 53 3 4194304 2.002732639
45 93 3 4194304 2.002732860
123 4 3 4194304 2.002732985
92 6 3 4194304 2.002733454
64 3 3 4194304 2.002733954
40 83 3 4194304 2.002734810
2 85 3 4194304 2.002735417
120 97 3 4194304 2.002735693
115 98 3 4194304 2.002736101
11 103 3 4194304 2.002736411
101 74 3 4194304 2.002737172
116 49 3 4194304 2.002737602
98 56 3 4194304 2.002738133
53 97 3 4194304 2.002738176
81 120 3 4194304 2.002738393
113 117 3 4194304 2.002738848
0 39 3 4194304 2.002739722
8 58 3 4194304 2.002742572
118 80 3 4194304 2.002742612
73 76 3 4194304 2.002742833
120 80 3 4194304 2.002742958
36 112 3 4194304 2.002743055
6 55 3 4194304 2.002743061
12 109 3 4194304 2.002743141
37 10 3 4194304 2.002743431
69 102 3 4194304 2.002743954
91 25 3 4194304 2.002744014
37 79 3 4194304 2.002744262
115 127 3 4194304 2.002744872
14 24 3 4194304 2.002744886
58 32 3 4194304 2.002744993
90 74 3 4194304 2.002745044
37 34 3 4194304 2.002746006
122 62 3 4194304 2.002746042
123 98 3 4194304 2.002746131
64 127 3 4194304 2.002746365
14 38 3 4194304 2.002746534
46 60 3 4194304 2.002746574
77 63 3 4194304 2.002746783
16 2 3 4194304 2.002746872
75 88 3 4194304 2.002746972
63 74 3 4194304 2.002747378
89 97 3 4194304 2.002747545
65 112 3 4194304 2.002748005
19 56 3 4194304 2.002748032
107 97 3 4194304 2.002748253
85 120 3 4194304 2.002748309
48 13 3 4194304 2.002749116
19 119 3 4194304 2.002750153
25 19 3 4194304 2.002750750
27 38 3 4194304 2.002750891
44 87 3 4194304 2.002752299
107 66 3 4194304 2.002752324
26 70 3 4194304 2.002752513
88 58 3 4194304 2.002753142
91 85 3 4194304 2.002753234
120 21 3 4194304 2.002753536
94 50 3 4194304 2.002753585
103 66 3 4194304 2.002753600
27 12 3 4194304 2.002754917
88 124 3 4194304 2.002755395
1 35 3 4194304 2.002755567
120 47 3 4194304 2.002756417
120 22 3 4194304 2.002756664
109 118 3 4194304 2.002757192
121 86 3 4194304 2.002757253
17 25 3 4194304 2.002757655
127 71 3 4194304 2.002758179
123 77 3 4194304 2.002758804
60 113 3 4194304 2.002759173
80 24 3 4194304 2.002759451
83 92 3 4194304 2.002759680
75 79 3 4194304 2.002759853
53 26 3 4194304 2.002759974
73 40 3 4194304 2.002760147
78 34 3 4194304 2.002760172
47 55 3 4194304 2.002760432
111 78 3 4194304 2.002760437
39 9 3 4194304 2.002760863
28 14 3 4194304 2.002761840
24 96 3 4194304 2.002762803
62 20 3 4194304 2.002763229
86 124 3 4194304 2.002763406
71 107 3 4194304 2.002763468
124 116 3 4194304 2.002763577
15 57 3 4194304 2.002764093
113 9 3 4194304 2.002764128
63 114 3 4194304 2.002764226
82 113 3 4194304 2.002764352
30 2 3 4194304 2.002764375
17 91 3 4194304 2.002764882
52 29 3 4194304 2.002766205
114 22 3 4194304 2.002766311
89 39 3 4194304 2.002766349
27 90 3 4194304 2.002766446
119 118 3 4194304 2.002766756
39 11 3 4194304 2.002768289
123 113 3 4194304 2.002768398
103 71 3 4194304 2.002768543
121 18 3 4194304 2.002768630
54 97 3 4194304 2.002769062
39 2 3 4194304 2.002769204
65 85 3 4194304 2.002769304
67 109 3 4194304 2.002769435
79 54 3 4194304 2.002769510
93 20 3 4194304 2.002769716
106 80 3 4194304 2.002769800
25 53 3 4194304 2.002769880
101 106 3 4194304 2.002769986
66 110 3 4194304 2.002770447
117 54 3 4194304 2.002770935
50 54 3 4194304 2.002771289
37 55 3 4194304 2.002771345
14 127 3 4194304 2.002771573
117 122 3 4194304 2.002771901
15 127 3 4194304 2.002772064
92 0 3 4194304 2.002772591
36 9 3 4194304 2.002772813
48 93 3 4194304 2.002773504
34 61 3 4194304 2.002773788
75 55 3 4194304 2.002773802
56 85 3 4194304 2.002774014
64 48 3 4194304 2.002774814
56 20 3 4194304 2.002775673
34 23 3 4194304 2.002775972
47 20 3 4194304 2.002776520
104 125 3 4194304 2.002777831
119 90 3 4194304 2.002778132
34 26 3 4194304 2.002778687
83 0 3 4194304 2.002778698
67 93 3 4194304 2.002778807
92 62 3 4194304 2.002778812
65 36 3 4194304 2.002778945
25 101 3 4194304 2.002779180
118 28 3 4194304 2.002779196
83 9 3 4194304 2.002779259
104 119 3 4194304 2.002779944
66 27 3 4194304 2.002780741
4 43 3 4194304 2.002781293
38 116 3 4194304 2.002781792
81 34 3 4194304 2.002781944
74 117 3 4194304 2.002782276
101 81 3 4194304 2.002782622
118 82 3 4194304 2.002782630
58 78 3 4194304 2.002783380
38 127 3 4194304 2.002783626
17 123 3 4194304 2.002783895
65 64 3 4194304 2.002783972
79 87 3 4194304 2.002784590
62 123 3 4194304 2.002784659
18 35 3 4194304 2.002785067
14 53 3 4194304 2.002785124
106 57 3 4194304 2.002785641
82 41 3 4194304 2.002785887
41 92 3 4194304 2.002785911
67 65 3 4194304 2.002786110
62 121 3 4194304 2.002786693
38 63 3 4194304 2.002786705
44 46 3 4194304 2.002787065
49 56 3 4194304 2.002788409
26 126 3 4194304 2.002788521
73 50 3 4194304 2.002788882
88 39 3 4194304 2.002789961
18 44 3 4194304 2.002790246
100 61 3 4194304 2.002790292
11 55 3 4194304 2.002790675
102 82 3 4194304 2.002790838
1 39 3 4194304 2.002790902
61 4 3 4194304 2.002790938
75 80 3 4194304 2.002791980
98 2 3 4194304 2.002794021
21 92 3 4194304 2.002794298
47 113 3 4194304 2.002794353
52 91 3 4194304 2.002794936
79 57 3 4194304 2.002795134
12 34 3 4194304 2.002795462
46 39 3 4194304 2.002795766
120 108 3 4194304 2.002795940
42 86 3 4194304 2.002795949
101 98 3 4194304 2.002796357
118 48 3 4194304 2.002796453
64 124 3 4194304 2.002796531
97 112 3 4194304 2.002797144
2 111 3 4194304 2.002797426
74 120 3 4194304 2.002798059
63 42 3 4194304 2.002798748
5 22 3 4194304 2.002799527
28 17 3 4194304 2.002799756
96 103 3 4194304 2.002799818
105 29 3 4194304 2.002799924
22 40 3 4194304 2.002800263
11 100 3 4194304 2.002800713
37 117 3 4194304 2.002800984
80 43 3 4194304 2.002801483
16 56 3 4194304 2.002801577
40 15 3 4194304 2.002802871
106 47 3 4194304 2.002803441
58 95 3 4194304 2.002803623
13 29 3 4194304 2.002803756
111 30 3 4194304 2.002804146
20 78 3 4194304 2.002804449
26 66 3 4194304 2.002804881
87 3 3 4194304 2.002804970
84 55 3 4194304 2.002805666
2 16 3 4194304 2.002806030
119 103 3 4194304 2.002806086
61 16 3 4194304 2.002806104
74 91 3 4194304 2.002806132
77 118 3 4194304 2.002806393
10 90 3 4194304 2.002806498
15 121 3 4194304 2.002806710
15 51 3 4194304 2.002806926
17 11 3 4194304 2.002807215
33 23 3 4194304 2.002807264
16 51 3 4194304 2.002807337
100 94 3 4194304 2.002807513
45 15 3 4194304 2.002807990
79 25 3 4194304 2.002808757
39 7 3 4194304 2.002809347
38 87 3 4194304 2.002809607
7 105 3 4194304 2.002809702
17 41 3 4194304 2.002809966
40 118 3 4194304 2.002810141
6 21 3 4194304 2.002810445
14 78 3 4194304 2.002810779
79 92 3 4194304 2.002811416
78 51 3 4194304 2.002811448
30 97 3 4194304 2.002811460
9 50 3 4194304 2.002811952
0 29 3 4194304 2.002812125
119 25 3 4194304 2.002812214
64 15 3 4194304 2.002812234
62 15 3 4194304 2.002812500
44 118 3 4194304 2.002812996
106 103 3 4194304 2.002813440
58 125 3 4194304 2.002813534
93 65 3 4194304 2.002813684
31 44 3 4194304 2.002813899
86 34 3 4194304 2.002814600
51 57 3 4194304 2.002815085
4 85 3 4194304 2.002815303
72 113 3 4194304 2.002815672
93 51 3 4194304 2.002816337
78 23 3 4194304 2.002816578
75 58 3 4194304 2.002817144
22 123 3 4194304 2.002817393
62 111 3 4194304 2.002817433
24 17 3 4194304 2.002817455
120 26 3 4194304 2.002818465
54 122 3 4194304 2.002819489
4 56 3 4194304 2.002819521
49 5 3 4194304 2.002819812
36 97 3 4194304 2.002820429
72 0 3 4194304 2.002820872
125 71 3 4194304 2.002820903
62 59 3 4194304 2.002821314
49 114 3 4194304 2.002822399
83 113 3 4194304 2.002822593
117 49 3 4194304 2.002823151
110 90 3 4194304 2.002823381
113 33 3 4194304 2.002823654
71 25 3 4194304 2.002823754
52 1 3 4194304 2.002823873
113 69 3 4194304 2.002824134
45 5 3 4194304 2.002824140
67 105 3 4194304 2.002824157
70 34 3 4194304 2.002824196
81 30 3 4194304 2.002824386
67 116 3 4194304 2.002824523
53 51 3 4194304 2.002825729
38 36 3 4194304 2.002826111
112 119 3 4194304 2.002826611
33 81 3 4194304 2.002826636
6 109 3 4194304 2.002826990
25 4 3 4194304 2.002827588
12 80 3 4194304 2.002828053
101 102 3 4194304 2.002829037
90 85 3 4194304 2.002829592
109 7 3 4194304 2.002830247
66 83 3 4194304 2.002830282
114 1 3 4194304 2.002831020
55 107 3 4194304 2.002831466
115 3 3 4194304 2.002832104
123 106 3 4194304 2.002832200
50 68 3 4194304 2.002832743
105 42 3 4194304 2.002832807
64 98 3 4194304 2.002833156
70 116 3 4194304 2.002833345
120 6 3 4194304 2.002834083
105 51 3 4194304 2.002834201
49 51 3 4194304 2.002834442
46 72 3 4194304 2.002834605
127 2 3 4194304 2.002834645
42 118 3 4194304 2.002834647
89 120 3 4194304 2.002834850
89 106 3 4194304 2.002834959
121 75 3 4194304 2.002835599
64 120 3 4194304 2.002835735
10 103 3 4194304 2.002835965
11 107 3 4194304 2.002836143
63 48 3 4194304 2.002836410
72 84 3 4194304 2.002837208
69 86 3 4194304 2.002837322
16 21 3 4194304 2.002838319
6 60 3 4194304 2.002838857
102 74 3 4194304 2.002839112
86 91 3 4194304 2.002839880
102 93 3 4194304 2.002840042
122 104 3 4194304 2.002840328
12 21 3 4194304 2.002840431
39 74 3 4194304 2.002841352
69 62 3 4194304 2.002841470
95 86 3 4194304 2.002841522
58 100 3 4194304 2.002842325
76 124 3 4194304 2.002843155
36 52 3 4194304 2.002843430
114 76 3 4194304 2.002843857
20 57 3 4194304 2.002843943
96 44 3 4194304 2.002844356
74 71 3 4194304 2.002844367
109 115 3 4194304 2.002844827
66 80 3 4194304 2.002845056
47 27 3 4194304 2.002845639
66 59 3 4194304 2.002845649
70 9 3 4194304 2.002845777
94 53 3 4194304 2.002846389
61 34 3 4194304 2.002846824
61 112 3 4194304 2.002847182
105 8 3 4194304 2.002847294
111 119 3 4194304 2.002847541
41 18 3 4194304 2.002847739
40 63 3 4194304 2.002848032
34 96 3 4194304 2.002848326
114 106 3 4194304 2.002848343
8 34 3 4194304 2.002848405
4 82 3 4194304 2.002848567
100 62 3 4194304 2.002848867
103 118 3 4194304 2.002850164
10 98 3 4194304 2.002850588
10 24 3 4194304 2.002851065
106 65 3 4194304 2.002851114
91 108 3 4194304 2.002851200
61 72 3 4194304 2.002851207
12 86 3 4194304 2.002851710
108 83 3 4194304 2.002851910
80 126 3 4194304 2.002852279
91 106 3 4194304 2.002852571
27 59 3 4194304 2.002852591
77 69 3 4194304 2.002852908
77 41 3 4194304 2.002853197
8 0 3 4194304 2.002853356
25 58 3 4194304 2.002854596
20 39 3 4194304 2.002855178
104 90 3 4194304 2.002855263
92 89 3 4194304 2.002855776
104 67 3 4194304 2.002856050
40 117 3 4194304 2.002856236
3 121 3 4194304 2.002856315
77 102 3 4194304 2.002856455
119 120 3 4194304 2.002856457
58 20 3 4194304 2.002857094
32 127 3 4194304 2.002857099
53 33 3 4194304 2.002857138
83 24 3 4194304 2.002857414
103 89 3 4194304 2.002857454
117 64 3 4194304 2.002857463
12 88 3 4194304 2.002857522
123 81 3 4194304 2.002857890
6 19 3 4194304 2.002858018
107 3 3 4194304 2.002858655
26 76 3 4194304 2.002858738
80 16 3 4194304 2.002858839
80 35 3 4194304 2.002859013
13 109 3 4194304 2.002859444
112 37 3 4194304 2.002859787
50 29 3 4194304 2.002860029
43 94 3 4194304 2.002860056
76 44 3 4194304 2.002860284
35 98 3 4194304 2.002860304
48 56 3 4194304 2.002860395
33 12 3 4194304 2.002860443
83 56 3 4194304 2.002860535
57 83 3 4194304 2.002861527
63 103 3 4194304 2.002862065
92 13 3 4194304 2.002862207
27 13 3 4194304 2.002862316
54 66 3 4194304 2.002863714
71 96 3 4194304 2.002863896
113 97 3 4194304 2.002864721
45 56 3 4194304 2.002865070
93 15 3 4194304 2.002865495
5 71 3 4194304 2.002865728
15 61 3 4194304 2.002866696
39 117 3 4194304 2.002866796
65 123 3 4194304 2.002866893
106 113 3 4194304 2.002867062
25 117 3 4194304 2.002867085
80 6 3 4194304 2.002867342
68 42 3 4194304 2.002868016
50 52 3 4194304 2.002868123
84 96 3 4194304 2.002868495
42 103 3 4194304 2.002869065
35 112 3 4194304 2.002869392
102 107 3 4194304 2.002870013
57 43 3 4194304 2.002870496
105 2 3 4194304 2.002870503
48 11 3 4194304 2.002870594
100 120 3 4194304 2.002871129
71 59 3 4194304 2.002871489
89 113 3 4194304 2.002871496
1 95 3 4194304 2.002871687
77 24 3 4194304 2.002871793
92 19 3 4194304 2.002872059
71 3 3 4194304 2.002872153
114 123 3 4194304 2.002872748
38 53 3 4194304 2.002872871
69 111 3 4194304 2.002873276
61 100 3 4194304 2.002874193
81 68 3 4194304 2.002874313
80 95 3 4194304 2.002874425
65 126 3 4194304 2.002874791
76 51 3 4194304 2.002874958
51 112 3 4194304 2.002875031
16 61 3 4194304 2.002876397
4 80 3 4194304 2.002876890
31 45 3 4194304 2.002876892
69 42 3 4194304 2.002877126
52 84 3 4194304 2.002877903
17 23 3 4194304 2.002877923
33 41 3 4194304 2.002877980
127 54 3 4194304 2.002877988
127 31 3 4194304 2.002878322
82 57 3 4194304 2.002878491
64 116 3 4194304 2.002879941
20 27 3 4194304 2.002880315
97 50 3 4194304 2.002880708
117 57 3 4194304 2.002880708
126 109 3 4194304 2.002881352
122 42 3 4194304 2.002881397
33 22 3 4194304 2.002881585
25 89 3 4194304 2.002881642
113 10 3 4194304 2.002882202
126 56 3 4194304 2.002883449
83 18 3 4194304 2.002885266
64 40 3 4194304 2.002885559
77 103 3 4194304 2.002885809
42 90 3 4194304 2.002885993
1 3 3 4194304 2.002886076
117 76 3 4194304 2.002886885
78 103 3 4194304 2.002886905
57 76 3 4194304 2.002887044
99 57 3 4194304 2.002887216
51 49 3 4194304 2.002887414
112 42 3 4194304 2.002887724
90 103 3 4194304 2.002888141
85 10 3 4194304 2.002888174
21 90 3 4194304 2.002888996
9 29 3 4194304 2.002889057
59 124 3 4194304 2.002889334
123 39 3 4194304 2.002890173
118 85 3 4194304 2.002890834
0 73 3 4194304 2.002890856
92 78 3 4194304 2.002891039
104 9 3 4194304 2.002892673
64 43 3 4194304 2.002892678
38 66 3 4194304 2.002892887
38 121 3 4194304 2.002893371
20 74 3 4194304 2.002894185
96 57 3 4194304 2.002895061
59 47 3 4194304 2.002895438
13 125 3 4194304 2.002896089
98 69 3 4194304 2.002896298
69 57 3 4194304 2.002896927
34 59 3 4194304 2.002897053
116 83 3 4194304 2.002897135
2 48 3 4194304 2.002897412
102 28 3 4194304 2.002898286
86 97 3 4194304 2.002898368
3 7 3 4194304 2.002898493
98 116 3 4194304 2.002898840
22 11 3 4194304 2.002899266
37 5 3 4194304 2.002899273
118 9 3 4194304 2.002899520
67 74 3 4194304 2.002899703
17 55 3 4194304 2.002899767
50 8 3 4194304 2.002900151
123 117 3 4194304 2.002900227
64 83 3 4194304 2.002900388
38 76 3 4194304 2.002901462
3 85 3 4194304 2.002901575
42 10 3 4194304 2.002901808
63 94 3 4194304 2.002902099
119 67 3 4194304 2.002902484
97 101 3 4194304 2.002902663
54 49 3 4194304 2.002903553
111 90 3 4194304 2.002903736
31 91 3 4194304 2.002904187
16 4 3 4194304 2.002904244
51 70 3 4194304 2.002904335
30 120 3 4194304 2.002904721
28 49 3 4194304 2.002904768
13 68 3 4194304 2.002905220
89 51 3 4194304 2.002905358
72 90 3 4194304 2.002905374
6 83 3 4194304 2.002905465
33 62 3 4194304 2.002905486
35 99 3 4194304 2.002905733
83 124 3 4194304 2.002905779
41 115 3 4194304 2.002905905
22 35 3 4194304 2.002906273
70 120 3 4194304 2.002906546
101 70 3 4194304 2.002906682
78 121 3 4194304 2.002907289
109 8 3 4194304 2.002907812
38 8 3 4194304 2.002907823
45 38 3 4194304 2.002908758
45 64 3 4194304 2.002908885
20 104 3 4194304 2.002909089
118 30 3 4194304 2.002909845
97 51 3 4194304 2.002910253
49 65 3 4194304 2.002910667
108 53 3 4194304 2.002911082
79 97 3 4194304 2.002911125
56 93 3 4194304 2.002911487
85 3 3 4194304 2.002911506
9 122 3 4194304 2.002911959
97 8 3 4194304 2.002913275
79 26 3 4194304 2.002914011
97 16 3 4194304 2.002914031
89 18 3 4194304 2.002914220
85 113 3 4194304 2.002914819
73 68 3 4194304 2.002914910
106 40 3 4194304 2.002915263
80 52 3 4194304 2.002915455
32 95 3 4194304 2.002915621
79 122 3 4194304 2.002916051
39 66 3 4194304 2.002916204
4 11 3 4194304 2.002916480
70 49 3 4194304 2.002916574
25 2 3 4194304 2.002917299
21 106 3 4194304 2.002918772
39 16 3 4194304 2.002919076
9 99 3 4194304 2.002920007
102 46 3 4194304 2.002920208
18 73 3 4194304 2.002920216
3 104 3 4194304 2.002920305
10 59 3 4194304 2.002920863
17 45 3 4194304 2.002920901
99 43 3 4194304 2.002920971
21 53 3 4194304 2.002920978
62 110 3 4194304 2.002921065
123 20 3 4194304 2.002921130
13 76 3 4194304 2.002921794
87 16 3 4194304 2.002921880
80 110 3 4194304 2.002922041
45 102 3 4194304 2.002922156
85 75 3 4194304 2.002924533
15 48 3 4194304 2.002924536
89 16 3 4194304 2.002924897
40 95 3 4194304 2.002925067
28 30 3 4194304 2.002925181
110 8 3 4194304 2.002925735
7 103 3 4194304 2.002926427
115 90 3 4194304 2.002926744
75 15 3 4194304 2.002926936
55 92 3 4194304 2.002927200
3 30 3 4194304 2.002927582
47 51 3 4194304 2.002928705
60 34 3 4194304 2.002928966
43 123 3 4194304 2.002929081
46 34 3 4194304 2.002929512
63 39 3 4194304 2.002930456
87 6 3 4194304 2.002931079
108 127 3 4194304 2.002932241
22 116 3 4194304 2.002932875
110 67 3 4194304 2.002932986
93 19 3 4194304 2.002933399
42 51 3 4194304 2.002933422
22 62 3 4194304 2.002934320
24 23 3 4194304 2.002934853
40 19 3 4194304 2.002934913
86 121 3 4194304 2.002935072
68 1 3 4194304 2.002935122
74 77 3 4194304 2.002935293
10 62 3 4194304 2.002935612
37 32 3 4194304 2.002936144
2 55 3 4194304 2.002936426
37 8 3 4194304 2.002936559
5 84 3 4194304 2.002937459
106 62 3 4194304 2.002937600
124 24 3 4194304 2.002937633
8 80 3 4194304 2.002937700
44 79 3 4194304 2.002937842
57 70 3 4194304 2.002938447
54 126 3 4194304 2.002938849
87 81 3 4194304 2.002940971
9 19 3 4194304 2.002941150
40 57 3 4194304 2.002941684
72 7 3 4194304 2.002941698
65 82 3 4194304 2.002941887
93 33 3 4194304 2.002942394
113 89 3 4194304 2.002942989
117 15 3 4194304 2.002943237
79 63 3 4194304 2.002943296
4 123 3 4194304 2.002943543
109 107 3 4194304 2.002943692
97 35 3 4194304 2.002943825
62 9 3 4194304 2.002943840
63 36 3 4194304 2.002944917
74 5 3 4194304 2.002945130
26 111 3 4194304 2.002945441
40 13 3 4194304 2.002945655
38 18 3 4194304 2.002945759
98 105 3 4194304 2.002946059
72 59 3 4194304 2.002946582
20 114 3 4194304 2.002946770
103 102 3 4194304 2.002946790
68 11 3 4194304 2.002947468
54 27 3 4194304 2.002947564
90 5 3 4194304 2.002947620
101 63 3 4194304 2.002948969
113 62 3 4194304 2.002949023
86 36 3 4194304 2.002949307
31 51 3 4194304 2.002949370
37 38 3 4194304 2.002949428
72 52 3 4194304 2.002949806
21 85 3 4194304 2.002950075
62 57 3 4194304 2.002950092
1 18 3 4194304 2.002950258
115 32 3 4194304 2.002950415
63 111 3 4194304 2.002950503
90 100 3 4194304 2.002951170
69 88 3 4194304 2.002951487
75 21 3 4194304 2.002951773
1 72 3 4194304 2.002952025
42 93 3 4194304 2.002952026
59 100 3 4194304 2.002952029
49 63 3 4194304 2.002952467
41 0 3 4194304 2.002952540
35 80 3 4194304 2.002952561
34 72 3 4194304 2.002952679
125 6 3 4194304 2.002952978
91 57 3 4194304 2.002953106
65 98 3 4194304 2.002953222
125 108 3 4194304 2.002953591
6 2 3 4194304 2.002953716
37 118 3 4194304 2.002954059
98 33 3 4194304 2.002954367
7 88 3 4194304 2.002954484
117 51 3 4194304 2.002955095
75 116 3 4194304 2.002955118
35 64 3 4194304 2.002955326
73 82 3 4194304 2.002955441
73 45 3 4194304 2.002955652
109 51 3 4194304 2.002955966
114 36 3 4194304 2.002956303
8 63 3 4194304 2.002956648
41 57 3 4194304 2.002956784
48 119 3 4194304 2.002956885
4 26 3 4194304 2.002956989
95 62 3 4194304 2.002957020
98 21 3 4194304 2.002957126
24 91 3 4194304 2.002957205
45 68 3 4194304 2.002958158
125 107 3 4194304 2.002958278
118 117 3 4194304 2.002958546
110 4 3 4194304 2.002958950
101 54 3 4194304 2.002959054
38 68 3 4194304 2.002959331
91 63 3 4194304 2.002959668
113 39 3 4194304 2.002959957
84 82 3 4194304 2.002960320
38 47 3 4194304 2.002960533
43 86 3 4194304 2.002960736
127 1 3 4194304 2.002961022
94 11 3 4194304 2.002962102
116 4 3 4194304 2.002962570
26 1 3 4194304 2.002963117
102 42 3 4194304 2.002964039
120 17 3 4194304 2.002964099
104 23 3 4194304 2.002964374
87 93 3 4194304 2.002964918
78 2 3 4194304 2.002966388
30 50 3 4194304 2.002966968
33 84 3 4194304 2.002967106
11 93 3 4194304 2.002967325
29 120 3 4194304 2.002967860
10 58 3 4194304 2.002968611
41 49 3 4194304 2.002969359
6 76 3 4194304 2.002969493
97 74 3 4194304 2.002970227
11 32 3 4194304 2.002970753
63 116 3 4194304 2.002970836
115 2 3 4194304 2.002971169
104 117 3 4194304 2.002971251
74 82 3 4194304 2.002971857
113 42 3 4194304 2.002972475
41 117 3 4194304 2.002972561
120 31 3 4194304 2.002972737
115 8 3 4194304 2.002973134
127 73 3 4194304 2.002973779
127 82 3 4194304 2.002974110
31 38 3 4194304 2.002974285
111 98 3 4194304 2.002974321
11 92 3 4194304 2.002974518
12 94 3 4194304 2.002974880
103 42 3 4194304 2.002974952
16 31 3 4194304 2.002975627
18 53 3 4194304 2.002975895
42 107 3 4194304 2.002976117
50 84 3 4194304 2.002977287
109 31 3 4194304 2.002978106
13 28 3 4194304 2.002978289
85 11 3 4194304 2.002979120
36 7 3 4194304 2.002979547
72 127 3 4194304 2.002979643
72 100 3 4194304 2.002979677
60 19 3 4194304 2.002979789
87 39 3 4194304 2.002980350
6 95 3 4194304 2.002980652
97 24 3 4194304 2.002980869
24 105 3 4194304 2.002981572
35 66 3 4194304 2.002981624
23 110 3 4194304 2.002982371
76 39 3 4194304 2.002982380
47 105 3 4194304 2.002982805
15 19 3 4194304 2.002984045
66 7 3 4194304 2.002984132
38 35 3 4194304 2.002984378
44 101 3 4194304 2.002984789
22 82 3 4194304 2.002984954
25 94 3 4194304 2.002984981
42 63 3 4194304 2.002985115
21 31 3 4194304 2.002985689
113 98 3 4194304 2.002985720
42 0 3 4194304 2.002986148
25 6 3 4194304 2.002986190
66 48 3 4194304 2.002986414
27 24 3 4194304 2.002987637
123 34 3 4194304 2.002987848
75 119 3 4194304 2.002988123
90 50 3 4194304 2.002989144
23 37 3 4194304 2.002989222
67 34 3 4194304 2.002989395
37 123 3 4194304 2.002989487
103 46 3 4194304 2.002989511
31 56 3 4194304 2.002989602
26 41 3 4194304 2.002990373
28 46 3 4194304 2.002990461
99 77 3 4194304 2.002991412
69 58 3 4194304 2.002991785
27 85 3 4194304 2.002991968
113 75 3 4194304 2.002992275
19 83 3 4194304 2.002992283
45 18 3 4194304 2.002992620
113 60 3 4194304 2.002992893
27 39 3 4194304 2.002993043
34 53 3 4194304 2.002993267
122 36 3 4194304 2.002993676
5 63 3 4194304 2.002993978
14 79 3 4194304 2.002994649
54 104 3 4194304 2.002995213
122 52 3 4194304 2.002996083
80 50 3 4194304 2.002996110
40 42 3 4194304 2.002996202
83 4 3 4194304 2.002996290
85 84 3 4194304 2.002996417
13 91 3 4194304 2.002996449
96 70 3 4194304 2.002996474
108 69 3 4194304 2.002996567
96 120 3 4194304 2.002996618
38 44 3 4194304 2.002997063
3 25 3 4194304 2.002997157
46 78 3 4194304 2.002997179
24 65 3 4194304 2.002997353
36 87 3 4194304 2.002997760
114 73 3 4194304 2.002998170
112 68 3 4194304 2.002998203
72 88 3 4194304 2.002998306
91 72 3 4194304 2.002998408
47 33 3 4194304 2.002998531
1 106 3 4194304 2.002998621
87 120 3 4194304 2.002999176
125 49 3 4194304 2.003000323
109 86 3 4194304 2.003000365
59 83 3 4194304 2.003000777
51 45 3 4194304 2.003001674
60 68 3 4194304 2.003001846
20 15 3 4194304 2.003002000
91 33 3 4194304 2.003002736
56 33 3 4194304 2.003002955
13 66 3 4194304 2.003003211
94 37 3 4194304 2.003004233
50 11 3 4194304 2.003004734
30 4 3 4194304 2.003004808
85 55 3 4194304 2.003005132
59 104 3 4194304 2.003005264
2 121 3 4194304 2.003005300
32 93 3 4194304 2.003005978
95 8 3 4194304 2.003006090
17 108 3 4194304 2.003006107
88 1 3 4194304 2.003006409
14 99 3 4194304 2.003006593
35 120 3 4194304 2.003007028
89 60 3 4194304 2.003007497
111 116 3 4194304 2.003007672
114 95 3 4194304 2.003007838
58 79 3 4194304 2.003007881
64 92 3 4194304 2.003008067
44 9 3 4194304 2.003008174
91 7 3 4194304 2.003008217
28 119 3 4194304 2.003009209
18 67 3 4194304 2.003010251
80 74 3 4194304 2.003010486
114 0 3 4194304 2.003011012
111 107 3 4194304 2.003011425
119 3 3 4194304 2.003011576
63 121 3 4194304 2.003011983
127 107 3 4194304 2.003012381
59 86 3 4194304 2.003012514
7 85 3 4194304 2.003013454
109 33 3 4194304 2.003013725
5 80 3 4194304 2.003013944
118 113 3 4194304 2.003013986
61 127 3 4194304 2.003014229
41 124 3 4194304 2.003015094
114 59 3 4194304 2.003015656
51 127 3 4194304 2.003015717
112 107 3 4194304 2.003015981
32 47 3 4194304 2.003016724
17 34 3 4194304 2.003016789
78 123 3 4194304 2.003016860
109 4 3 4194304 2.003017521
50 20 3 4194304 2.003017699
27 93 3 4194304 2.003017913
11 29 3 4194304 2.003018208
38 101 3 4194304 2.003019429
79 86 3 4194304 2.003019694
30 13 3 4194304 2.003019720
109 21 3 4194304 2.003019911
103 37 3 4194304 2.003019969
122 112 3 4194304 2.003020310
38 51 3 4194304 2.003020535
84 109 3 4194304 2.003020552
60 48 3 4194304 2.003020623
73 86 3 4194304 2.003021031
58 113 3 4194304 2.003021178
14 68 3 4194304 2.003021202
122 78 3 4194304 2.003021237
120 122 3 4194304 2.003021895
65 114 3 4194304 2.003022080
4 119 3 4194304 2.003022137
22 65 3 4194304 2.003022180
92 58 3 4194304 2.003022678
43 115 3 4194304 2.003022881
18 60 3 4194304 2.003023001
88 11 3 4194304 2.003023031
79 55 3 4194304 2.003023336
67 15 3 4194304 2.003023421
11 121 3 4194304 2.003024436
111 35 3 4194304 2.003024439
80 115 3 4194304 2.003024633
66 3 3 4194304 2.003024932
52 87 3 4194304 2.003025925
47 90 3 4194304 2.003026780
67 122 3 4194304 2.003027678
82 49 3 4194304 2.003027957
119 87 3 4194304 2.003028613
111 57 3 4194304 2.003028654
44 40 3 4194304 2.003028782
9 58 3 4194304 2.003028926
43 22 3 4194304 2.003029128
29 0 3 4194304 2.003029204
109 117 3 4194304 2.003029212
124 16 3 4194304 2.003029464
30 11 3 4194304 2.003029682
1 109 3 4194304 2.003029769
32 34 3 4194304 2.003030029
105 101 3 4194304 2.003030326
30 89 3 4194304 2.003030370
74 87 3 4194304 2.003030629
74 80 3 4194304 2.003031887
16 122 3 4194304 2.003032333
4 118 3 4194304 2.003032687
13 100 3 4194304 2.003032977
101 20 3 4194304 2.003034057
68 7 3 4194304 2.003034764
72 60 3 4194304 2.003034899
127 104 3 4194304 2.003034906
106 104 3 4194304 2.003035180
124 127 3 4194304 2.003035711
85 27 3 4194304 2.003036094
6 61 3 4194304 2.003036708
80 39 3 4194304 2.003037214
73 3 3 4194304 2.003037257
4 86 3 4194304 2.003037622
113 119 3 4194304 2.003038217
78 85 3 4194304 2.003038298
97 115 3 4194304 2.003038867
54 34 3 4194304 2.003039621
116 31 3 4194304 2.003040012
45 84 3 4194304 2.003040130
73 1 3 4194304 2.003040561
82 2 3 4194304 2.003040633
11 54 3 4194304 2.003040636
30 45 3 4194304 2.003040741
22 87 3 4194304 2.003041631
49 36 3 4194304 2.003042042
35 54 3 4194304 2.003042167
124 98 3 4194304 2.003042234
56 71 3 4194304 2.003042900
73 41 3 4194304 2.003042950
54 96 3 4194304 2.003043061
28 95 3 4194304 2.003043331
51 20 3 4194304 2.003043493
104 66 3 4194304 2.003043547
58 56 3 4194304 2.003043702
93 40 3 4194304 2.003044431
74 65 3 4194304 2.003044820
35 108 3 4194304 2.003045377
33 11 3 4194304 2.003045413
24 56 3 4194304 2.003045627
52 12 3 4194304 2.003046072
69 121 3 4194304 2.003046132
101 57 3 4194304 2.003046187
58 115 3 4194304 2.003046212
121 25 3 4194304 2.003046242
1 14 3 4194304 2.003046563
38 81 3 4194304 2.003047016
35 84 3 4194304 2.003047071
18 28 3 4194304 2.003047094
120 43 3 4194304 2.003047416
41 67 3 4194304 2.003047511
122 69 3 4194304 2.003047707
45 48 3 4194304 2.003047714
108 36 3 4194304 2.003048490
20 70 3 4194304 2.003048926
4 126 3 4194304 2.003049113
81 80 3 4194304 2.003050179
119 51 3 4194304 2.003050326
93 68 3 4194304 2.003050485
106 7 3 4194304 2.003050487
56 126 3 4194304 2.003050713
23 85 3 4194304 2.003051001
123 6 3 4194304 2.003051099
54 80 3 4194304 2.003051112
77 36 3 4194304 2.003051195
41 85 3 4194304 2.003051548
11 57 3 4194304 2.003051590
112 66 3 4194304 2.003052732
57 64 3 4194304 2.003052823
87 124 3 4194304 2.003053361
79 104 3 4194304 2.003053390
49 92 3 4194304 2.003053443
23 53 3 4194304 2.003054228
6 9 3 4194304 2.003054715
91 74 3 4194304 2.003054729
77 26 3 4194304 2.003055159
1 17 3 4194304 2.003055334
44 84 3 4194304 2.003055495
95 31 3 4194304 2.003055513
76 64 3 4194304 2.003056556
121 2 3 4194304 2.003056648
61 123 3 4194304 2.003056741
113 115 3 4194304 2.003057282
102 5 3 4194304 2.003057356
24 108 3 4194304 2.003057623
57 114 3 4194304 2.003058089
50 45 3 4194304 2.003058136
110 94 3 4194304 2.003058178
107 30 3 4194304 2.003058601
42 100 3 4194304 2.003059015
24 49 3 4194304 2.003059408
51 82 3 4194304 2.003059427
32 14 3 4194304 2.003059686
71 38 3 4194304 2.003059918
7 121 3 4194304 2.003060242
17 80 3 4194304 2.003060582
121 58 3 4194304 2.003060667
66 39 3 4194304 2.003060818
83 2 3 4194304 2.003062030
91 60 3 4194304 2.003062125
81 44 3 4194304 2.003062252
43 23 3 4194304 2.003062583
31 65 3 4194304 2.003062610
87 104 3 4194304 2.003062998
65 44 3 4194304 2.003063437
12 124 3 4194304 2.003063497
36 118 3 4194304 2.003063653
3 122 3 4194304 2.003063839
113 30 3 4194304 2.003064045
85 98 3 4194304 2.003064443
109 10 3 4194304 2.003064455
110 21 3 4194304 2.003064536
29 25 3 4194304 2.003064640
38 34 3 4194304 2.003064874
76 52 3 4194304 2.003065189
6 17 3 4194304 2.003065237
60 8 3 4194304 2.003065460
89 96 3 4194304 2.003066774
33 87 3 4194304 2.003067230
97 121 3 4194304 2.003067271
88 52 3 4194304 2.003067499
79 94 3 4194304 2.003067601
118 1 3 4194304 2.003067659
64 90 3 4194304 2.003068006
88 103 3 4194304 2.003068464
6 40 3 4194304 2.003068553
94 0 3 4194304 2.003068841
122 118 3 4194304 2.003069611
84 48 3 4194304 2.003069859
126 65 3 4194304 2.003070282
78 33 3 4194304 2.003070693
19 98 3 4194304 2.003070900
7 55 3 4194304 2.003071976
113 56 3 4194304 2.003073252
83 95 3 4194304 2.003073420
45 94 3 4194304 2.003074061
33 13 3 4194304 2.003074597
5 30 3 4194304 2.003074798
17 19 3 4194304 2.003074895
112 82 3 4194304 2.003075109
77 109 3 4194304 2.003075740
115 7 3 4194304 2.003075787
43 120 3 4194304 2.003076676
48 42 3 4194304 2.003076975
57 122 3 4194304 2.003077071
52 110 3 4194304 2.003077171
7 73 3 4194304 2.003077490
21 101 3 4194304 2.003077611
32 38 3 4194304 2.003078586
11 88 3 4194304 2.003078587
123 74 3 4194304 2.003078985
65 108 3 4194304 2.003079248
10 22 3 4194304 2.003079474
117 92 3 4194304 2.003079649
109 45 3 4194304 2.003079690
11 12 3 4194304 2.003079701
79 124 3 4194304 2.003080348
99 27 3 4194304 2.003080523
70 61 3 4194304 2.003080863
30 94 3 4194304 2.003080868
126 118 3 4194304 2.003081497
92 95 3 4194304 2.003082102
103 20 3 4194304 2.003082397
3 100 3 4194304 2.003082506
17 125 3 4194304 2.003083094
14 81 3 4194304 2.003083315
100 114 3 4194304 2.003083479
27 98 3 4194304 2.003083854
21 124 3 4194304 2.003084480
5 34 3 4194304 2.003084679
67 43 3 4194304 2.003085082
66 8 3 4194304 2.003085113
78 80 3 4194304 2.003085455
63 119 3 4194304 2.003086651
39 84 3 4194304 2.003086702
47 39 3 4194304 2.003086912
97 0 3 4194304 2.003086938
63 21 3 4194304 2.003087476
32 69 3 4194304 2.003087555
116 72 3 4194304 2.003087734
70 103 3 4194304 2.003087774
59 107 3 4194304 2.003088122
49 122 3 4194304 2.003088530
57 15 3 4194304 2.003088775
42 77 3 4194304 2.003089260
35 65 3 4194304 2.003089514
38 77 3 4194304 2.003090516
17 59 3 4194304 2.003090550
24 118 3 4194304 2.003091168
17 72 3 4194304 2.003091358
107 6 3 4194304 2.003091909
75 38 3 4194304 2.003092511
46 126 3 4194304 2.003092512
55 29 3 4194304 2.003092803
17 35 3 4194304 2.003093404
91 112 3 4194304 2.003093926
44 48 3 4194304 2.003093957
71 47 3 4194304 2.003094090
76 6 3 4194304 2.003094110
100 36 3 4194304 2.003095564
27 114 3 4194304 2.003096064
55 109 3 4194304 2.003096103
95 41 3 4194304 2.003096380
46 118 3 4194304 2.003096922
41 58 3 4194304 2.003096944
116 121 3 4194304 2.003097152
73 31 3 4194304 2.003098044
17 52 3 4194304 2.003098393
100 7 3 4194304 2.003098758
117 29 3 4194304 2.003098876
13 22 3 4194304 2.003098997
0 107 3 4194304 2.003099028
40 52 3 4194304 2.003099269
95 11 3 4194304 2.003099720
106 72 3 4194304 2.003099788
1 56 3 4194304 2.003099821
120 94 3 4194304 2.003100274
114 67 3 4194304 2.003100677
91 1 3 4194304 2.003101186
5 24 3 4194304 2.003102324
79 78 3 4194304 2.003102935
113 79 3 4194304 2.003103613
70 66 3 4194304 2.003104087
40 89 3 4194304 2.003104790
10 87 3 4194304 2.003104981
56 90 3 4194304 2.003105117
46 84 3 4194304 2.003105323
110 34 3 4194304 2.003105441
67 29 3 4194304 2.003105707
34 17 3 4194304 2.003105899
93 53 3 4194304 2.003106131
78 92 3 4194304 2.003106140
46 42 3 4194304 2.003106197
53 9 3 4194304 2.003106888
4 30 3 4194304 2.003107433
118 2 3 4194304 2.003107895
124 74 3 4194304 2.003108067
98 117 3 4194304 2.003108468
36 114 3 4194304 2.003108755
3 120 3 4194304 2.003108872
61 115 3 4194304 2.003109319
8 2 3 4194304 2.003109420
35 117 3 4194304 2.003109427
107 22 3 4194304 2.003109508
22 46 3 4194304 2.003109560
47 124 3 4194304 2.003109667
96 113 3 4194304 2.003110549
62 107 3 4194304 2.003111300
11 1 3 4194304 2.003111588
96 105 3 4194304 2.003111903
110 25 3 4194304 2.003112690
59 61 3 4194304 2.003112893
38 16 3 4194304 2.003113305
48 26 3 4194304 2.003113310
61 41 3 4194304 2.003113507
70 54 3 4194304 2.003113786
40 7 3 4194304 2.003114048
116 25 3 4194304 2.003114514
120 113 3 4194304 2.003114577
32 51 3 4194304 2.003114830
4 20 3 4194304 2.003115370
14 116 3 4194304 2.003115727
127 66 3 4194304 2.003115979
123 59 3 4194304 2.003116922
78 83 3 4194304 2.003117393
29 33 3 4194304 2.003117544
95 20 3 4194304 2.003118346
119 92 3 4194304 2.003118488
93 41 3 4194304 2.003118629
111 80 3 4194304 2.003118929
70 5 3 4194304 2.003119165
41 36 3 4194304 2.003119706
96 86 3 4194304 2.003119936
17 85 3 4194304 2.003119957
79 27 3 4194304 2.003120165
68 2 3 4194304 2.003120625
87 69 3 4194304 2.003120955
95 18 3 4194304 2.003121064
92 59 3 4194304 2.003121477
99 94 3 4194304 2.003121659
31 37 3 4194304 2.003123089
8 67 3 4194304 2.003123619
112 54 3 4194304 2.003124185
58 114 3 4194304 2.003124702
54 41 3 4194304 2.003124928
100 53 3 4194304 2.003124956
41 17 3 4194304 2.003125355
74 60 3 4194304 2.003126016
126 25 3 4194304 2.003126691
41 15 3 4194304 2.003127069
112 25 3 4194304 2.003127591
46 91 3 4194304 2.003128393
101 35 3 4194304 2.003128655
10 1 3 4194304 2.003128950
0 77 3 4194304 2.003129311
45 55 3 4194304 2.003129438
20 76 3 4194304 2.003129572
23 55 3 4194304 2.003130275
0 38 3 4194304 2.003130376
42 71 3 4194304 2.003130888
120 50 3 4194304 2.003131352
107 62 3 4194304 2.003131569
117 108 3 4194304 2.003131715
50 107 3 4194304 2.003131896
13 90 3 4194304 2.003132042
95 56 3 4194304 2.003132521
15 39 3 4194304 2.003132634
116 63 3 4194304 2.003132810
31 93 3 4194304 2.003133182
120 104 3 4194304 2.003133366
55 28 3 4194304 2.003133423
52 16 3 4194304 2.003133560
96 45 3 4194304 2.003133641
52 67 3 4194304 2.003133667
37 94 3 4194304 2.003133813
12 117 3 4194304 2.003133988
3 40 3 4194304 2.003134084
2 7 3 4194304 2.003134283
82 66 3 4194304 2.003134419
123 63 3 4194304 2.003134954
117 33 3 4194304 2.003134975
21 39 3 4194304 2.003135382
65 0 3 4194304 2.003135540
127 119 3 4194304 2.003135588
24 37 3 4194304 2.003136124
66 38 3 4194304 2.003136249
10 32 3 4194304 2.003136867
85 68 3 4194304 2.003136997
96 106 3 4194304 2.003137013
101 71 3 4194304 2.003137059
59 102 3 4194304 2.003137291
31 115 3 4194304 2.003137307
84 59 3 4194304 2.003137398
47 50 3 4194304 2.003137404
42 97 3 4194304 2.003138403
76 56 3 4194304 2.003138418
47 85 3 4194304 2.003138695
121 85 3 4194304 2.003138862
57 60 3 4194304 2.003138874
3 42 3 4194304 2.003138959
110 0 3 4194304 2.003138984
27 40 3 4194304 2.003139370
69 27 3 4194304 2.003139513
61 113 3 4194304 2.003139558
45 19 3 4194304 2.003140054
114 108 3 4194304 2.003141051
19 115 3 4194304 2.003141057
18 76 3 4194304 2.003141097
71 60 3 4194304 2.003141546
124 56 3 4194304 2.003141620
116 115 3 4194304 2.003142211
75 27 3 4194304 2.003142522
63 2 3 4194304 2.003142636
86 22 3 4194304 2.003142823
15 67 3 4194304 2.003142901
77 53 3 4194304 2.003143366
88 23 3 4194304 2.003143595
67 107 3 4194304 2.003143732
2 26 3 4194304 2.003143825
16 65 3 4194304 2.003143868
89 83 3 4194304 2.003143915
40 43 3 4194304 2.003144287
94 108 3 4194304 2.003144449
89 126 3 4194304 2.003145441
67 113 3 4194304 2.003145572
120 106 3 4194304 2.003145579
85 106 3 4194304 2.003146228
115 73 3 4194304 2.003146443
120 9 3 4194304 2.003147033
69 2 3 4194304 2.003147044
60 104 3 4194304 2.003147758
104 11 3 4194304 2.003149035
18 59 3 4194304 2.003149873
1 99 3 4194304 2.003149924
40 93 3 4194304 2.003150221
23 44 3 4194304 2.003150347
123 5 3 4194304 2.003150504
2 113 3 4194304 2.003150711
106 120 3 4194304 2.003150926
53 46 3 4194304 2.003150952
65 90 3 4194304 2.003150965
62 78 3 4194304 2.003150980
38 118 3 4194304 2.003151624
105 98 3 4194304 2.003152260
11 112 3 4194304 2.003152281
89 91 3 4194304 2.003152545
97 75 3 4194304 2.003152596
93 90 3 4194304 2.003152875
41 20 3 4194304 2.003153115
33 99 3 4194304 2.003153492
62 51 3 4194304 2.003154109
65 27 3 4194304 2.003155745
11 127 3 4194304 2.003156659
70 40 3 4194304 2.003156937
78 126 3 4194304 2.003157039
65 7 3 4194304 2.003157636
84 93 3 4194304 2.003157713
63 80 3 4194304 2.003158241
44 83 3 4194304 2.003158582
104 83 3 4194304 2.003158821
56 91 3 4194304 2.003158895
1 111 3 4194304 2.003159371
11 87 3 4194304 2.003159495
103 29 3 4194304 2.003159841
108 52 3 4194304 2.003159866
84 73 3 4194304 2.003160320
92 69 3 4194304 2.003160376
123 25 3 4194304 2.003160379
26 19 3 4194304 2.003161041
39 126 3 4194304 2.003161253
75 13 3 4194304 2.003161521
33 8 3 4194304 2.003161744
53 71 3 4194304 2.003162149
42 111 3 4194304 2.003162468
122 121 3 4194304 2.003162765
18 6 3 4194304 2.003164243
75 36 3 4194304 2.003164272
94 57 3 4194304 2.003164287
22 48 3 4194304 2.003164460
86 25 3 4194304 2.003164716
126 54 3 4194304 2.003164837
8 48 3 4194304 2.003166835
14 125 3 4194304 2.003167218
116 16 3 4194304 2.003167792
54 52 3 4194304 2.003167840
3 22 3 4194304 2.003168474
0 60 3 4194304 2.003168514
54 29 3 4194304 2.003168614
86 30 3 4194304 2.003168673
90 93 3 4194304 2.003168944
68 14 3 4194304 2.003169793
13 122 3 4194304 2.003169835
32 54 3 4194304 2.003169839
25 69 3 4194304 2.003170576
37 120 3 4194304 2.003170589
119 42 3 4194304 2.003170898
97 32 3 4194304 2.003171225
61 13 3 4194304 2.003171650
127 97 3 4194304 2.003172609
23 126 3 4194304 2.003172784
83 116 3 4194304 2.003173099
26 78 3 4194304 2.003173445
83 81 3 4194304 2.003174363
38 91 3 4194304 2.003174462
37 119 3 4194304 2.003174886
18 65 3 4194304 2.003175876
73 59 3 4194304 2.003176166
30 68 3 4194304 2.003176492
61 120 3 4194304 2.003176593
81 63 3 4194304 2.003177640
38 109 3 4194304 2.003177823
112 115 3 4194304 2.003177868
9 124 3 4194304 2.003178190
95 22 3 4194304 2.003178330
19 38 3 4194304 2.003178807
112 113 3 4194304 2.003178874
21 63 3 4194304 2.003179819
49 90 3 4194304 2.003179931
72 96 3 4194304 2.003180666
92 41 3 4194304 2.003180765
122 86 3 4194304 2.003180854
14 3 3 4194304 2.003180927
107 57 3 4194304 2.003181547
74 73 3 4194304 2.003181604
67 46 3 4194304 2.003181805
0 9 3 4194304 2.003181954
51 22 3 4194304 2.003182133
88 22 3 4194304 2.003182217
72 48 3 4194304 2.003182291
33 124 3 4194304 2.003182441
66 16 3 4194304 2.003182507
118 3 3 4194304 2.003182640
70 37 3 4194304 2.003182707
96 24 3 4194304 2.003183619
52 127 3 4194304 2.003183898
120 92 3 4194304 2.003184697
63 0 3 4194304 2.003184797
32 67 3 4194304 2.003185409
99 30 3 4194304 2.003186216
14 103 3 4194304 2.003186273
38 28 3 4194304 2.003186279
32 3 3 4194304 2.003186338
41 81 3 4194304 2.003186452
44 50 3 4194304 2.003186532
101 2 3 4194304 2.003186543
60 3 3 4194304 2.003186619
118 108 3 4194304 2.003186806
9 114 3 4194304 2.003187200
97 9 3 4194304 2.003187314
13 80 3 4194304 2.003187403
102 108 3 4194304 2.003187871
1 86 3 4194304 2.003187873
126 99 3 4194304 2.003187900
62 11 3 4194304 2.003188013
92 82 3 4194304 2.003189164
117 50 3 4194304 2.003189334
81 113 3 4194304 2.003189555
53 37 3 4194304 2.003190256
118 116 3 4194304 2.003190256
18 79 3 4194304 2.003190365
38 122 3 4194304 2.003191219
66 101 3 4194304 2.003191451
112 14 3 4194304 2.003191545
2 79 3 4194304 2.003191613
31 110 3 4194304 2.003191710
5 120 3 4194304 2.003191919
12 30 3 4194304 2.003191956
65 18 3 4194304 2.003192154
122 37 3 4194304 2.003192258
26 5 3 4194304 2.003192496
16 70 3 4194304 2.003193014
31 53 3 4194304 2.003193192
57 90 3 4194304 2.003193848
55 99 3 4194304 2.003194146
79 62 3 4194304 2.003194457
109 34 3 4194304 2.003194820
119 64 3 4194304 2.003195152
67 69 3 4194304 2.003195914
28 54 3 4194304 2.003196609
24 22 3 4194304 2.003196642
51 81 3 4194304 2.003196835
31 69 3 4194304 2.003196866
28 27 3 4194304 2.003197281
53 126 3 4194304 2.003197571
79 12 3 4194304 2.003198284
39 70 3 4194304 2.003198612
121 4 3 4194304 2.003198700
6 52 3 4194304 2.003198960
86 23 3 4194304 2.003199150
6 31 3 4194304 2.003200331
30 48 3 4194304 2.003200491
89 56 3 4194304 2.003201399
6 92 3 4194304 2.003202181
65 49 3 4194304 2.003202537
28 79 3 4194304 2.003202547
5 38 3 4194304 2.003202892
38 14 3 4194304 2.003203795
56 42 3 4194304 2.003203992
122 98 3 4194304 2.003204613
16 19 3 4194304 2.003204960
59 45 3 4194304 2.003204976
41 6 3 4194304 2.003205296
115 77 3 4194304 2.003206007
31 71 3 4194304 2.003206084
117 45 3 4194304 2.003206179
46 93 3 4194304 2.003206284
92 11 3 4194304 2.003206362
60 76 3 4194304 2.003206576
113 80 3 4194304 2.003206670
63 105 3 4194304 2.003206819
11 15 3 4194304 2.003207107
126 80 3 4194304 2.003208235
115 17 3 4194304 2.003208415
64 87 3 4194304 2.003208536
113 74 3 4194304 2.003208637
91 71 3 4194304 2.003208866
60 88 3 4194304 2.003209407
50 106 3 4194304 2.003209822
60 83 3 4194304 2.003210081
90 46 3 4194304 2.003210126
85 100 3 4194304 2.003211939
92 72 3 4194304 2.003212019
44 72 3 4194304 2.003212339
56 23 3 4194304 2.003212464
16 120 3 4194304 2.003212518
8 17 3 4194304 2.003212622
121 52 3 4194304 2.003212837
29 60 3 4194304 2.003212888
57 100 3 4194304 2.003213061
54 68 3 4194304 2.003214231
97 68 3 4194304 2.003214367
44 94 3 4194304 2.003214873
70 33 3 4194304 2.003215044
17 21 3 4194304 2.003215304
72 87 3 4194304 2.003215358
106 76 3 4194304 2.003215689
13 108 3 4194304 2.003216079
109 37 3 4194304 2.003216497
123 23 3 4194304 2.003216910
78 71 3 4194304 2.003217520
111 97 3 4194304 2.003218389
74 50 3 4194304 2.003218491
20 84 3 4194304 2.003218683
8 7 3 4194304 2.003219240
78 6 3 4194304 2.003219271
38 125 3 4194304 2.003219664
88 46 3 4194304 2.003219882
89 5 3 4194304 2.003219890
109 36 3 4194304 2.003220079
23 46 3 4194304 2.003220335
121 84 3 4194304 2.003220728
81 76 3 4194304 2.003220992
80 26 3 4194304 2.003221599
115 69 3 4194304 2.003221740
19 69 3 4194304 2.003221845
82 79 3 4194304 2.003222177
68 38 3 4194304 2.003222492
69 104 3 4194304 2.003222581
48 24 3 4194304 2.003222654
19 52 3 4194304 2.003222668
65 15 3 4194304 2.003222685
113 8 3 4194304 2.003223109
101 60 3 4194304 2.003223167
108 3 3 4194304 2.003223172
27 7 3 4194304 2.003223714
109 42 3 4194304 2.003224498
52 51 3 4194304 2.003224734
69 37 3 4194304 2.003225489
120 111 3 4194304 2.003225532
103 56 3 4194304 2.003225661
23 8 3 4194304 2.003226052
91 86 3 4194304 2.003226683
68 103 3 4194304 2.003227010
108 101 3 4194304 2.003227026
51 60 3 4194304 2.003227753
68 74 3 4194304 2.003228253
27 81 3 4194304 2.003228437
122 65 3 4194304 2.003228936
31 125 3 4194304 2.003229078
69 38 3 4194304 2.003229368
29 58 3 4194304 2.003229961
24 98 3 4194304 2.003230062
80 79 3 4194304 2.003230509
27 79 3 4194304 2.003231298
81 84 3 4194304 2.003231462
81 94 3 4194304 2.003232038
48 21 3 4194304 2.003232098
82 45 3 4194304 2.003232514
122 33 3 4194304 2.003232635
8 36 3 4194304 2.003233136
66 22 3 4194304 2.003233237
22 52 3 4194304 2.003233339
45 2 3 4194304 2.003233412
44 92 3 4194304 2.003233613
90 98 3 4194304 2.003234061
110 80 3 4194304 2.003234364
105 40 3 4194304 2.003234416
112 15 3 4194304 2.003234575
2 67 3 4194304 2.003234951
13 16 3 4194304 2.003234977
6 34 3 4194304 2.003234997
102 77 3 4194304 2.003235110
79 24 3 4194304 2.003235148
26 69 3 4194304 2.003235563
27 78 3 4194304 2.003235825
92 74 3 4194304 2.003235949
85 51 3 4194304 2.003236041
122 59 3 4194304 2.003236206
20 0 3 4194304 2.003236373
9 7 3 4194304 2.003236947
50 71 3 4194304 2.003237446
11 24 3 4194304 2.003237850
101 78 3 4194304 2.003237955
15 97 3 4194304 2.003238083
50 57 3 4194304 2.003238169
29 65 3 4194304 2.003238181
103 79 3 4194304 2.003238421
17 33 3 4194304 2.003239054
94 23 3 4194304 2.003239251
125 47 3 4194304 2.003239520
10 51 3 4194304 2.003239868
61 86 3 4194304 2.003240449
46 101 3 4194304 2.003240524
109 25 3 4194304 2.003240752
69 46 3 4194304 2.003240800
16 116 3 4194304 2.003241236
12 13 3 4194304 2.003241669
68 92 3 4194304 2.003242381
91 28 3 4194304 2.003242752
62 31 3 4194304 2.003242995
106 92 3 4194304 2.003243316
50 102 3 4194304 2.003243508
97 123 3 4194304 2.003243615
4 122 3 4194304 2.003243643
126 17 3 4194304 2.003243660
125 18 3 4194304 2.003243701
49 79 3 4194304 2.003243725
0 71 3 4194304 2.003243912
18 20 3 4194304 2.003244291
20 126 3 4194304 2.003244454
106 121 3 4194304 2.003245242
89 78 3 4194304 2.003245469
106 27 3 4194304 2.003246162
19 122 3 4194304 2.003246489
18 50 3 4194304 2.003246832
50 101 3 4194304 2.003246957
79 53 3 4194304 2.003247116
16 71 3 4194304 2.003247199
26 125 3 4194304 2.003247336
64 77 3 4194304 2.003247355
125 74 3 4194304 2.003247563
106 3 3 4194304 2.003247854
58 86 3 4194304 2.003248159
117 5 3 4194304 2.003248192
100 21 3 4194304 2.003248528
63 72 3 4194304 2.003248559
82 5 3 4194304 2.003248852
13 62 3 4194304 2.003248867
59 69 3 4194304 2.003248906
115 28 3 4194304 2.003248909
51 52 3 4194304 2.003250213
13 83 3 4194304 2.003250427
83 109 3 4194304 2.003250486
37 17 3 4194304 2.003250734
111 39 3 4194304 2.003250789
37 12 3 4194304 2.003250956
49 6 3 4194304 2.003250965
81 92 3 4194304 2.003251052
61 24 3 4194304 2.003251140
10 83 3 4194304 2.003251424
44 76 3 4194304 2.003251484
22 41 3 4194304 2.003251596
32 2 3 4194304 2.003251833
25 61 3 4194304 2.003251948
94 14 3 4194304 2.003251952
44 4 3 4194304 2.003251989
86 24 3 4194304 2.003252023
91 18 3 4194304 2.003252512
21 77 3 4194304 2.003252515
65 75 3 4194304 2.003252516
40 31 3 4194304 2.003252697
30 55 3 4194304 2.003252758
16 40 3 4194304 2.003252989
86 123 3 4194304 2.003253413
94 86 3 4194304 2.003253622
14 88 3 4194304 2.003254008
34 35 3 4194304 2.003254425
104 79 3 4194304 2.003254858
44 7 3 4194304 2.003254980
39 41 3 4194304 2.003256082
60 111 3 4194304 2.003256920
29 118 3 4194304 2.003257015
31 121 3 4194304 2.003257089
25 74 3 4194304 2.003257213
121 41 3 4194304 2.003258572
105 33 3 4194304 2.003258719
100 3 3 4194304 2.003258900
49 53 3 4194304 2.003259007
102 34 3 4194304 2.003259399
101 11 3 4194304 2.003259524
65 125 3 4194304 2.003259627
15 55 3 4194304 2.003259721
33 55 3 4194304 2.003260224
4 73 3 4194304 2.003260391
51 72 3 4194304 2.003260789
98 10 3 4194304 2.003260795
0 80 3 4194304 2.003260876
126 104 3 4194304 2.003260930
51 108 3 4194304 2.003262026
33 76 3 4194304 2.003262039
51 96 3 4194304 2.003262824
30 41 3 4194304 2.003262996
82 11 3 4194304 2.003263335
95 83 3 4194304 2.003263404
88 104 3 4194304 2.003263522
25 115 3 4194304 2.003263848
17 88 3 4194304 2.003264663
102 66 3 4194304 2.003265684
90 71 3 4194304 2.003265797
55 121 3 4194304 2.003266159
45 108 3 4194304 2.003266719
14 112 3 4194304 2.003266906
62 109 3 4194304 2.003267538
47 79 3 4194304 2.003268133
4 41 3 4194304 2.003268345
51 98 3 4194304 2.003268661
49 57 3 4194304 2.003268704
41 96 3 4194304 2.003268808
30 40 3 4194304 2.003268951
43 106 3 4194304 2.003269056
82 63 3 4194304 2.003269137
100 4 3 4194304 2.003269144
62 124 3 4194304 2.003269624
92 99 3 4194304 2.003269694
76 70 3 4194304 2.003270484
4 66 3 4194304 2.003271143
2 19 3 4194304 2.003271352
106 28 3 4194304 2.003271602
94 21 3 4194304 2.003271627
116 50 3 4194304 2.003271708
119 113 3 4194304 2.003271870
63 53 3 4194304 2.003273553
66 18 3 4194304 2.003273642
46 50 3 4194304 2.003273745
109 15 3 4194304 2.003274378
71 116 3 4194304 2.003274649
105 44 3 4194304 2.003274930
104 91 3 4194304 2.003275326
55 110 3 4194304 2.003275495
74 64 3 4194304 2.003275636
105 123 3 4194304 2.003275937
89 121 3 4194304 2.003276146
50 98 3 4194304 2.003276373
9 49 3 4194304 2.003276861
125 89 3 4194304 2.003276985
91 40 3 4194304 2.003277200
59 65 3 4194304 2.003277372
116 75 3 4194304 2.003278114
51 33 3 4194304 2.003278577
101 87 3 4194304 2.003278624
63 13 3 4194304 2.003278816
110 23 3 4194304 2.003279286
10 110 3 4194304 2.003279362
35 100 3 4194304 2.003279459
51 9 3 4194304 2.003279548
99 18 3 4194304 2.003279948
111 7 3 4194304 2.003280400
45 30 3 4194304 2.003280675
30 24 3 4194304 2.003281698
5 96 3 4194304 2.003281960
16 117 3 4194304 2.003282124
91 123 3 4194304 2.003282242
87 83 3 4194304 2.003283754
82 118 3 4194304 2.003284021
10 81 3 4194304 2.003284140
103 91 3 4194304 2.003284381
56 116 3 4194304 2.003285073
116 17 3 4194304 2.003285310
110 111 3 4194304 2.003285494
47 115 3 4194304 2.003285604
95 108 3 4194304 2.003285612
95 32 3 4194304 2.003285933
45 124 3 4194304 2.003285942
122 125 3 4194304 2.003285961
112 60 3 4194304 2.003286229
81 32 3 4194304 2.003286376
39 3 3 4194304 2.003286540
113 27 3 4194304 2.003286791
44 80 3 4194304 2.003287514
45 1 3 4194304 2.003287969
90 44 3 4194304 2.003287970
112 105 3 4194304 2.003288167
105 112 3 4194304 2.003288661
105 65 3 4194304 2.003288991
88 94 3 4194304 2.003289183
41 38 3 4194304 2.003289332
101 89 3 4194304 2.003289734
52 82 3 4194304 2.003289843
72 74 3 4194304 2.003289946
16 37 3 4194304 2.003290634
28 71 3 4194304 2.003290694
110 85 3 4194304 2.003291358
45 82 3 4194304 2.003291569
42 14 3 4194304 2.003291631
108 1 3 4194304 2.003292146
34 68 3 4194304 2.003292180
127 10 3 4194304 2.003292408
92 103 3 4194304 2.003292985
74 75 3 4194304 2.003293051
46 33 3 4194304 2.003294305
2 6 3 4194304 2.003295058
27 76 3 4194304 2.003295069
39 65 3 4194304 2.003295102
94 45 3 4194304 2.003295424
27 88 3 4194304 2.003295550
15 126 3 4194304 2.003295816
118 29 3 4194304 2.003296052
34 100 3 4194304 2.003296191
89 57 3 4194304 2.003296226
96 63 3 4194304 2.003296247
19 31 3 4194304 2.003296391
46 74 3 4194304 2.003296582
21 54 3 4194304 2.003297603
71 124 3 4194304 2.003298111
87 45 3 4194304 2.003298356
42 74 3 4194304 2.003298622
13 34 3 4194304 2.003299792
92 23 3 4194304 2.003300795
57 108 3 4194304 2.003301095
77 89 3 4194304 2.003301514
71 15 3 4194304 2.003301960
0 22 3 4194304 2.003302086
96 0 3 4194304 2.003302779
90 12 3 4194304 2.003303556
65 121 3 4194304 2.003303594
90 16 3 4194304 2.003303646
20 109 3 4194304 2.003303938
93 115 3 4194304 2.003304580
8 57 3 4194304 2.003304735
18 124 3 4194304 2.003304790
52 22 3 4194304 2.003304853
57 0 3 4194304 2.003304893
19 36 3 4194304 2.003305183
19 77 3 4194304 2.003305431
46 52 3 4194304 2.003306599
26 65 3 4194304 2.003306683
46 98 3 4194304 2.003306940
45 31 3 4194304 2.003307238
81 62 3 4194304 2.003307964
25 66 3 4194304 2.003308581
118 92 3 4194304 2.003308771
62 27 3 4194304 2.003309472
86 1 3 4194304 2.003309486
106 98 3 4194304 2.003309551
77 56 3 4194304 2.003309691
77 10 3 4194304 2.003309742
4 46 3 4194304 2.003310269
74 11 3 4194304 2.003310428
65 34 3 4194304 2.003310562
114 51 3 4194304 2.003310570
37 113 3 4194304 2.003310930
118 71 3 4194304 2.003310945
85 97 3 4194304 2.003311328
5 61 3 4194304 2.003311801
26 2 3 4194304 2.003311833
78 10 3 4194304 2.003311866
57 79 3 4194304 2.003312050
55 47 3 4194304 2.003312106
87 1 3 4194304 2.003312129
64 109 3 4194304 2.003312825
66 122 3 4194304 2.003312858
44 90 3 4194304 2.003313085
96 125 3 4194304 2.003313378
17 58 3 4194304 2.003313410
15 83 3 4194304 2.003313720
58 8 3 4194304 2.003313900
2 64 3 4194304 2.003314126
58 124 3 4194304 2.003314200
108 34 3 4194304 2.003314227
37 35 3 4194304 2.003314820
26 12 3 4194304 2.003314983
118 114 3 4194304 2.003316219
91 101 3 4194304 2.003316323
46 113 3 4194304 2.003316685
6 58 3 4194304 2.003316977
9 10 3 4194304 2.003317421
26 120 3 4194304 2.003317957
10 30 3 4194304 2.003318090
38 75 3 4194304 2.003318156
110 105 3 4194304 2.003318238
26 18 3 4194304 2.003318299
90 110 3 4194304 2.003318616
37 68 3 4194304 2.003318692
101 72 3 4194304 2.003318754
85 5 3 4194304 2.003318886
91 115 3 4194304 2.003319641
101 111 3 4194304 2.003319771
64 65 3 4194304 2.003320045
29 52 3 4194304 2.003320067
116 76 3 4194304 2.003320389
110 61 3 4194304 2.003320548
116 19 3 4194304 2.003320651
114 110 3 4194304 2.003321685
97 71 3 4194304 2.003321736
37 61 3 4194304 2.003321807
82 8 3 4194304 2.003321846
36 12 3 4194304 2.003323081
11 20 3 4194304 2.003323362
3 14 3 4194304 2.003323738
45 97 3 4194304 2.003324147
107 15 3 4194304 2.003324988
99 40 3 4194304 2.003324997
113 22 3 4194304 2.003325217
115 26 3 4194304 2.003325617
26 118 3 4194304 2.003325669
47 45 3 4194304 2.003325841
50 89 3 4194304 2.003325930
7 17 3 4194304 2.003326221
127 47 3 4194304 2.003326514
80 20 3 4194304 2.003326837
23 13 3 4194304 2.003326917
122 51 3 4194304 2.003326927
78 64 3 4194304 2.003327441
108 107 3 4194304 2.003327509
38 126 3 4194304 2.003327726
43 28 3 4194304 2.003328016
107 73 3 4194304 2.003328962
67 8 3 4194304 2.003329240
81 127 3 4194304 2.003329907
20 86 3 4194304 2.003330033
93 78 3 4194304 2.003330390
79 114 3 4194304 2.003330517
68 13 3 4194304 2.003330769
87 109 3 4194304 2.003330938
72 81 3 4194304 2.003331447
104 28 3 4194304 2.003331852
40 73 3 4194304 2.003331899
26 15 3 4194304 2.003332133
96 61 3 4194304 2.003332342
25 124 3 4194304 2.003332747
125 91 3 4194304 2.003333847
28 115 3 4194304 2.003333858
43 1 3 4194304 2.003334115
125 30 3 4194304 2.003334264
74 68 3 4194304 2.003334281
100 47 3 4194304 2.003334981
24 122 3 4194304 2.003335171
22 51 3 4194304 2.003335733
7 75 3 4194304 2.003337605
16 25 3 4194304 2.003337857
110 48 3 4194304 2.003338029
126 67 3 4194304 2.003338066
105 58 3 4194304 2.003338200
110 54 3 4194304 2.003338331
88 28 3 4194304 2.003338438
82 43 3 4194304 2.003338736
121 112 3 4194304 2.003338981
87 96 3 4194304 2.003339381
70 118 3 4194304 2.003339488
31 14 3 4194304 2.003339852
39 20 3 4194304 2.003340551
90 120 3 4194304 2.003340707
127 39 3 4194304 2.003340812
37 2 3 4194304 2.003340908
71 85 3 4194304 2.003341494
46 61 3 4194304 2.003341708
26 17 3 4194304 2.003341779
115 72 3 4194304 2.003342231
58 69 3 4194304 2.003342315
99 0 3 4194304 2.003342693
120 59 3 4194304 2.003342782
90 28 3 4194304 2.003342838
105 69 3 4194304 2.003343036
127 58 3 4194304 2.003343166
105 41 3 4194304 2.003344000
117 35 3 4194304 2.003344901
48 122 3 4194304 2.003345045
21 30 3 4194304 2.003345184
101 34 3 4194304 2.003345452
36 39 3 4194304 2.003345566
28 32 3 4194304 2.003345594
2 60 3 4194304 2.003345715
0 116 3 4194304 2.003346069
127 6 3 4194304 2.003346393
92 64 3 4194304 2.003346431
28 126 3 4194304 2.003347646
8 114 3 4194304 2.003348328
4 106 3 4194304 2.003348349
39 12 3 4194304 2.003348472
95 16 3 4194304 2.003348866
11 75 3 4194304 2.003349156
73 105 3 4194304 2.003349338
106 69 3 4194304 2.003349646
88 110 3 4194304 2.003350418
59 38 3 4194304 2.003350708
43 25 3 4194304 2.003351174
104 55 3 4194304 2.003351519
113 68 3 4194304 2.003351766
0 64 3 4194304 2.003351776
68 111 3 4194304 2.003352164
90 37 3 4194304 2.003352238
95 36 3 4194304 2.003352592
19 118 3 4194304 2.003353543
101 84 3 4194304 2.003353560
49 86 3 4194304 2.003353893
37 26 3 4194304 2.003354662
118 37 3 4194304 2.003354823
13 107 3 4194304 2.003354945
97 78 3 4194304 2.003354983
77 12 3 4194304 2.003355538
59 15 3 4194304 2.003355664
90 22 3 4194304 2.003355766
70 99 3 4194304 2.003355824
115 101 3 4194304 2.003356463
29 115 3 4194304 2.003356507
121 91 3 4194304 2.003356720
30 66 3 4194304 2.003356845
4 91 3 4194304 2.003357474
15 28 3 4194304 2.003358964
94 10 3 4194304 2.003358988
60 12 3 4194304 2.003359286
87 40 3 4194304 2.003359439
39 118 3 4194304 2.003359596
49 118 3 4194304 2.003359861
122 53 3 4194304 2.003359943
47 92 3 4194304 2.003360077
41 71 3 4194304 2.003360363
8 79 3 4194304 2.003360608
27 46 3 4194304 2.003361274
49 22 3 4194304 2.003361505
26 113 3 4194304 2.003362334
30 92 3 4194304 2.003362381
26 74 3 4194304 2.003362386
33 30 3 4194304 2.003362649
10 112 3 4194304 2.003362652
58 121 3 4194304 2.003362847
26 37 3 4194304 2.003363352
95 124 3 4194304 2.003363670
66 82 3 4194304 2.003363769
123 85 3 4194304 2.003363875
97 31 3 4194304 2.003363879
36 46 3 4194304 2.003363953
14 66 3 4194304 2.003364071
15 77 3 4194304 2.003364082
65 45 3 4194304 2.003364515
20 111 3 4194304 2.003365071
19 43 3 4194304 2.003365117
121 6 3 4194304 2.003365510
81 89 3 4194304 2.003365710
58 18 3 4194304 2.003365805
12 119 3 4194304 2.003366945
63 22 3 4194304 2.003367385
93 27 3 4194304 2.003367677
91 32 3 4194304 2.003367852
122 76 3 4194304 2.003368352
41 75 3 4194304 2.003368820
125 90 3 4194304 2.003368847
71 75 3 4194304 2.003369135
31 63 3 4194304 2.003369233
52 105 3 4194304 2.003369428
121 125 3 4194304 2.003369750
93 105 3 4194304 2.003370151
80 17 3 4194304 2.003370332
33 103 3 4194304 2.003370550
39 47 3 4194304 2.003370616
41 105 3 4194304 2.003371231
77 0 3 4194304 2.003371329
8 72 3 4194304 2.003371592
96 23 3 4194304 2.003371780
62 75 3 4194304 2.003372068
64 96 3 4194304 2.003372704
73 37 3 4194304 2.003374019
127 85 3 4194304 2.003374080
48 121 3 4194304 2.003374287
118 70 3 4194304 2.003375060
58 85 3 4194304 2.003375266
99 29 3 4194304 2.003375648
80 67 3 4194304 2.003375957
54 58 3 4194304 2.003376429
43 83 3 4194304 2.003377220
68 33 3 4194304 2.003378054
107 43 3 4194304 2.003378400
15 56 3 4194304 2.003378576
20 33 3 4194304 2.003378718
40 111 3 4194304 2.003378861
11 116 3 4194304 2.003379060
98 90 3 4194304 2.003379190
10 64 3 4194304 2.003379922
2 75 3 4194304 2.003380546
54 120 3 4194304 2.003381147
34 60 3 4194304 2.003381376
15 18 3 4194304 2.003381697
94 74 3 4194304 2.003382349
87 19 3 4194304 2.003382708
43 98 3 4194304 2.003383498
127 55 3 4194304 2.003383536
54 125 3 4194304 2.003384397
65 22 3 4194304 2.003384452
89 66 3 4194304 2.003385408
88 0 3 4194304 2.003385646
41 61 3 4194304 2.003385698
91 98 3 4194304 2.003385719
21 55 3 4194304 2.003385773
88 45 3 4194304 2.003385989
65 116 3 4194304 2.003386586
24 59 3 4194304 2.003386968
99 8 3 4194304 2.003387278
58 122 3 4194304 2.003387674
38 45 3 4194304 2.003388231
50 92 3 4194304 2.003388304
105 34 3 4194304 2.003388596
104 111 3 4194304 2.003389172
31 77 3 4194304 2.003389251
94 64 3 4194304 2.003389549
8 107 3 4194304 2.003389888
127 117 3 4194304 2.003389895
39 27 3 4194304 2.003390129
5 73 3 4194304 2.003390304
114 68 3 4194304 2.003390396
108 2 3 4194304 2.003390442
15 118 3 4194304 2.003390620
39 124 3 4194304 2.003390768
16 48 3 4194304 2.003390995
55 39 3 4194304 2.003391336
40 126 3 4194304 2.003391646
108 122 3 4194304 2.003391854
19 123 3 4194304 2.003392094
94 91 3 4194304 2.003392158
23 40 3 4194304 2.003392604
82 64 3 4194304 2.003393071
100 75 3 4194304 2.003393414
103 17 3 4194304 2.003393430
122 48 3 4194304 2.003393679
72 4 3 4194304 2.003393945
87 27 3 4194304 2.003394147
114 93 3 4194304 2.003394148
91 37 3 4194304 2.003394155
122 80 3 4194304 2.003394169
84 31 3 4194304 2.003394171
108 80 3 4194304 2.003394603
4 98 3 4194304 2.003394606
42 47 3 4194304 2.003395159
34 97 3 4194304 2.003395684
111 122 3 4194304 2.003395738
100 60 3 4194304 2.003395879
10 34 3 4194304 2.003395951
52 62 3 4194304 2.003395963
90 30 3 4194304 2.003395973
119 35 3 4194304 2.003396413
79 101 3 4194304 2.003396658
98 94 3 4194304 2.003396956
96 36 3 4194304 2.003397034
114 31 3 4194304 2.003397488
111 88 3 4194304 2.003397516
66 4 3 4194304 2.003397545
98 22 3 4194304 2.003398133
80 3 3 4194304 2.003398834
126 30 3 4194304 2.003399006
64 119 3 4194304 2.003399236
49 45 3 4194304 2.003399522
31 30 3 4194304 2.003399812
10 52 3 4194304 2.003399849
14 107 3 4194304 2.003400053
88 80 3 4194304 2.003400454
57 23 3 4194304 2.003401396
62 2 3 4194304 2.003401980
28 39 3 4194304 2.003402127
64 11 3 4194304 2.003402785
4 49 3 4194304 2.003403056
50 123 3 4194304 2.003403443
102 43 3 4194304 2.003403532
107 27 3 4194304 2.003404110
102 45 3 4194304 2.003404145
76 71 3 4194304 2.003404423
17 48 3 4194304 2.003405383
67 84 3 4194304 2.003405546
24 3 3 4194304 2.003406015
61 51 3 4194304 2.003406329
35 94 3 4194304 2.003406329
114 24 3 4194304 2.003406609
4 78 3 4194304 2.003406631
17 24 3 4194304 2.003408070
12 126 3 4194304 2.003409764
63 11 3 4194304 2.003410790
57 48 3 4194304 2.003410905
124 2 3 4194304 2.003411103
92 54 3 4194304 2.003411104
127 48 3 4194304 2.003411567
28 20 3 4194304 2.003411886
107 69 3 4194304 2.003412378
22 26 3 4194304 2.003412392
62 122 3 4194304 2.003412453
51 102 3 4194304 2.003412871
41 64 3 4194304 2.003412952
3 18 3 4194304 2.003413227
0 47 3 4194304 2.003413545
115 66 3 4194304 2.003413978
57 74 3 4194304 2.003414212
56 14 3 4194304 2.003414378
48 0 3 4194304 2.003414484
91 22 3 4194304 2.003414982
79 10 3 4194304 2.003416499
58 71 3 4194304 2.003417271
8 69 3 4194304 2.003417468
42 44 3 4194304 2.003418676
9 45 3 4194304 2.003419316
57 2 3 4194304 2.003419621
22 96 3 4194304 2.003420970
41 116 3 4194304 2.003420973
5 39 3 4194304 2.003421162
77 76 3 4194304 2.003421521
125 13 3 4194304 2.003421699
36 25 3 4194304 2.003421759
36 19 3 4194304 2.003421818
41 47 3 4194304 2.003422038
20 52 3 4194304 2.003422063
85 44 3 4194304 2.003422538
4 59 3 4194304 2.003422643
36 49 3 4194304 2.003422983
100 58 3 4194304 2.003423012
7 95 3 4194304 2.003423131
23 22 3 4194304 2.003423428
67 45 3 4194304 2.003423445
109 82 3 4194304 2.003425180
99 78 3 4194304 2.003425231
83 39 3 4194304 2.003425754
79 23 3 4194304 2.003425950
24 30 3 4194304 2.003426253
49 29 3 4194304 2.003427480
43 75 3 4194304 2.003428300
113 101 3 4194304 2.003428305
123 82 3 4194304 2.003428426
32 7 3 4194304 2.003428454
92 17 3 4194304 2.003428769
123 43 3 4194304 2.003429284
115 23 3 4194304 2.003429297
96 11 3 4194304 2.003429531
100 118 3 4194304 2.003430211
38 56 3 4194304 2.003430556
77 35 3 4194304 2.003430928
65 19 3 4194304 2.003431196
89 100 3 4194304 2.003431573
22 102 3 4194304 2.003431635
121 74 3 4194304 2.003431693
108 8 3 4194304 2.003431757
101 25 3 4194304 2.003432256
34 5 3 4194304 2.003432442
71 74 3 4194304 2.003433076
20 113 3 4194304 2.003433411
55 27 3 4194304 2.003433518
46 122 3 4194304 2.003433578
53 107 3 4194304 2.003433763
58 11 3 4194304 2.003433812
97 96 3 4194304 2.003434058
33 42 3 4194304 2.003434125
23 71 3 4194304 2.003434631
121 5 3 4194304 2.003435085
60 74 3 4194304 2.003435195
47 52 3 4194304 2.003435424
45 25 3 4194304 2.003435810
24 15 3 4194304 2.003435911
29 127 3 4194304 2.003436047
31 6 3 4194304 2.003437435
125 75 3 4194304 2.003437722
91 34 3 4194304 2.003437874
52 85 3 4194304 2.003438215
5 99 3 4194304 2.003438373
97 76 3 4194304 2.003438583
124 84 3 4194304 2.003438676
30 22 3 4194304 2.003439187
33 106 3 4194304 2.003439255
84 77 3 4194304 2.003439438
125 43 3 4194304 2.003440395
68 52 3 4194304 2.003440420
101 110 3 4194304 2.003441261
67 95 3 4194304 2.003441356
86 0 3 4194304 2.003441455
81 74 3 4194304 2.003441533
72 103 3 4194304 2.003441967
123 21 3 4194304 2.003442045
32 114 3 4194304 2.003442130
36 2 3 4194304 2.003442259
48 44 3 4194304 2.003442287
103 48 3 4194304 2.003442398
102 1 3 4194304 2.003442779
69 20 3 4194304 2.003443160
39 51 3 4194304 2.003444011
92 125 3 4194304 2.003444185
73 18 3 4194304 2.003444515
90 13 3 4194304 2.003444591
100 8 3 4194304 2.003444857
103 125 3 4194304 2.003445059
6 10 3 4194304 2.003445576
68 63 3 4194304 2.003445809
68 124 3 4194304 2.003446070
63 77 3 4194304 2.003446133
15 111 3 4194304 2.003446474
94 111 3 4194304 2.003446527
43 68 3 4194304 2.003446609
101 40 3 4194304 2.003447537
84 63 3 4194304 2.003447693
16 32 3 4194304 2.003448036
15 117 3 4194304 2.003448278
67 13 3 4194304 2.003448453
43 50 3 4194304 2.003448460
65 37 3 4194304 2.003448870
19 104 3 4194304 2.003448886
32 4 3 4194304 2.003448977
22 37 3 4194304 2.003449267
45 111 3 4194304 2.003449654
109 72 3 4194304 2.003449905
75 18 3 4194304 2.003450423
127 70 3 4194304 2.003450775
29 71 3 4194304 2.003451022
51 122 3 4194304 2.003451039
40 53 3 4194304 2.003451330
92 29 3 4194304 2.003451778
29 93 3 4194304 2.003452784
67 68 3 4194304 2.003453233
60 100 3 4194304 2.003453480
87 123 3 4194304 2.003453818
105 96 3 4194304 2.003454567
117 89 3 4194304 2.003454974
76 38 3 4194304 2.003455305
59 89 3 4194304 2.003455551
1 90 3 4194304 2.003455566
110 43 3 4194304 2.003455679
125 29 3 4194304 2.003455888
44 15 3 4194304 2.003455912
89 93 3 4194304 2.003456139
109 41 3 4194304 2.003456200
39 125 3 4194304 2.003456471
15 62 3 4194304 2.003456504
109 93 3 4194304 2.003456814
127 68 3 4194304 2.003457042
46 21 3 4194304 2.003457044
49 99 3 4194304 2.003457808
17 118 3 4194304 2.003457984
55 37 3 4194304 2.003458673
49 69 3 4194304 2.003458810
68 49 3 4194304 2.003460304
64 76 3 4194304 2.003460406
11 94 3 4194304 2.003460631
86 60 3 4194304 2.003461045
16 22 3 4194304 2.003461076
51 23 3 4194304 2.003461996
0 48 3 4194304 2.003462106
44 61 3 4194304 2.003462394
123 12 3 4194304 2.003462721
9 115 3 4194304 2.003463059
107 84 3 4194304 2.003463698
17 68 3 4194304 2.003463710
60 84 3 4194304 2.003464004
10 6 3 4194304 2.003464246
73 64 3 4194304 2.003464301
39 34 3 4194304 2.003465587
102 58 3 4194304 2.003465610
64 1 3 4194304 2.003466309
90 83 3 4194304 2.003466340
10 75 3 4194304 2.003466537
63 54 3 4194304 2.003466903
27 86 3 4194304 2.003467348
124 43 3 4194304 2.003467364
98 113 3 4194304 2.003467899
116 97 3 4194304 2.003467917
43 26 3 4194304 2.003468043
118 35 3 4194304 2.003468550
58 2 3 4194304 2.003468748
89 3 3 4194304 2.003469509
126 28 3 4194304 2.003470055
38 39 3 4194304 2.003470400
50 43 3 4194304 2.003470486
124 86 3 4194304 2.003471205
11 91 3 4194304 2.003471268
80 22 3 4194304 2.003471334
31 95 3 4194304 2.003471455
112 44 3 4194304 2.003471541
125 72 3 4194304 2.003471921
71 104 3 4194304 2.003472514
36 121 3 4194304 2.003472670
7 68 3 4194304 2.003473343
15 90 3 4194304 2.003473937
29 73 3 4194304 2.003474156
106 66 3 4194304 2.003474433
119 104 3 4194304 2.003474535
89 64 3 4194304 2.003474874
54 103 3 4194304 2.003475025
94 60 3 4194304 2.003475139
125 17 3 4194304 2.003475853
62 103 3 4194304 2.003476414
64 6 3 4194304 2.003477058
70 38 3 4194304 2.003477092
6 125 3 4194304 2.003477187
77 94 3 4194304 2.003477268
97 127 3 4194304 2.003477422
6 96 3 4194304 2.003477522
0 17 3 4194304 2.003477612
80 65 3 4194304 2.003477621
24 39 3 4194304 2.003477790
50 33 3 4194304 2.003477964
19 26 3 4194304 2.003478099
85 105 3 4194304 2.003478674
55 75 3 4194304 2.003478699
35 37 3 4194304 2.003479345
53 34 3 4194304 2.003479701
40 62 3 4194304 2.003479826
118 19 3 4194304 2.003480019
17 39 3 4194304 2.003480314
79 51 3 4194304 2.003480520
90 101 3 4194304 2.003481605
16 123 3 4194304 2.003481606
61 6 3 4194304 2.003481933
102 62 3 4194304 2.003481987
110 123 3 4194304 2.003482352
19 32 3 4194304 2.003482413
92 38 3 4194304 2.003483235
90 106 3 4194304 2.003483592
76 2 3 4194304 2.003483658
12 121 3 4194304 2.003483770
24 60 3 4194304 2.003483913
90 121 3 4194304 2.003484374
23 67 3 4194304 2.003484609
48 63 3 4194304 2.003485696
103 104 3 4194304 2.003486900
6 0 3 4194304 2.003486982
92 36 3 4194304 2.003487232
96 50 3 4194304 2.003487327
56 29 3 4194304 2.003487518
75 0 3 4194304 2.003487867
80 44 3 4194304 2.003488040
21 33 3 4194304 2.003488205
45 79 3 4194304 2.003488574
27 36 3 4194304 2.003488838
5 16 3 4194304 2.003490047
26 80 3 4194304 2.003490242
119 83 3 4194304 2.003490648
73 58 3 4194304 2.003490744
78 3 3 4194304 2.003491518
106 63 3 4194304 2.003491726
54 13 3 4194304 2.003491829
50 108 3 4194304 2.003492039
25 116 3 4194304 2.003492150
97 18 3 4194304 2.003492270
119 38 3 4194304 2.003493479
119 48 3 4194304 2.003493997
116 46 3 4194304 2.003494019
81 88 3 4194304 2.003494101
20 115 3 4194304 2.003494232
35 49 3 4194304 2.003494421
78 107 3 4194304 2.003494498
40 58 3 4194304 2.003494827
36 33 3 4194304 2.003495098
78 37 3 4194304 2.003495384
91 120 3 4194304 2.003495474
106 29 3 4194304 2.003495748
107 72 3 4194304 2.003495835
38 85 3 4194304 2.003495877
74 123 3 4194304 2.003495933
76 20 3 4194304 2.003496012
100 27 3 4194304 2.003496378
24 45 3 4194304 2.003496527
95 27 3 4194304 2.003496783
31 75 3 4194304 2.003497181
121 115 3 4194304 2.003498242
117 18 3 4194304 2.003498254
97 55 3 4194304 2.003498577
69 45 3 4194304 2.003498653
28 33 3 4194304 2.003498891
86 118 3 4194304 2.003499048
83 101 3 4194304 2.003499143
94 92 3 4194304 2.003499524
117 38 3 4194304 2.003500126
121 29 3 4194304 2.003500724
39 4 3 4194304 2.003500970
95 51 3 4194304 2.003501256
8 99 3 4194304 2.003501697
48 2 3 4194304 2.003501704
57 93 3 4194304 2.003501729
60 99 3 4194304 2.003502015
117 55 3 4194304 2.003502423
100 64 3 4194304 2.003503141
69 74 3 4194304 2.003503208
19 54 3 4194304 2.003503351
101 90 3 4194304 2.003503964
107 61 3 4194304 2.003504168
98 41 3 4194304 2.003504613
87 5 3 4194304 2.003504844
14 98 3 4194304 2.003504863
43 70 3 4194304 2.003504884
21 74 3 4194304 2.003504899
0 113 3 4194304 2.003505307
57 22 3 4194304 2.003505364
50 12 3 4194304 2.003505890
21 0 3 4194304 2.003506114
126 9 3 4194304 2.003506456
60 22 3 4194304 2.003506792
113 70 3 4194304 2.003506832
73 55 3 4194304 2.003507805
60 38 3 4194304 2.003507918
69 40 3 4194304 2.003508310
117 109 3 4194304 2.003508745
13 57 3 4194304 2.003508871
83 89 3 4194304 2.003509376
81 64 3 4194304 2.003509389
116 95 3 4194304 2.003509563
1 112 3 4194304 2.003510006
29 46 3 4194304 2.003511499
10 86 3 4194304 2.003511540
67 85 3 4194304 2.003511699
73 54 3 4194304 2.003512163
14 73 3 4194304 2.003513087
2 112 3 4194304 2.003513345
39 92 3 4194304 2.003513498
76 32 3 4194304 2.003513857
5 55 3 4194304 2.003514743
74 116 3 4194304 2.003514940
38 92 3 4194304 2.003515345
75 87 3 4194304 2.003515506
65 30 3 4194304 2.003515822
18 51 3 4194304 2.003516037
113 78 3 4194304 2.003516041
42 9 3 4194304 2.003516831
53 28 3 4194304 2.003516893
87 122 3 4194304 2.003516908
30 60 3 4194304 2.003517013
85 25 3 4194304 2.003517124
97 46 3 4194304 2.003517145
23 94 3 4194304 2.003517249
60 62 3 4194304 2.003517478
61 54 3 4194304 2.003518853
19 105 3 4194304 2.003519047
71 43 3 4194304 2.003519084
113 26 3 4194304 2.003519176
19 85 3 4194304 2.003519179
33 16 3 4194304 2.003519609
111 76 3 4194304 2.003519879
36 101 3 4194304 2.003520649
88 91 3 4194304 2.003520819
51 93 3 4194304 2.003520867
65 58 3 4194304 2.003520976
115 4 3 4194304 2.003521011
7 31 3 4194304 2.003522292
42 13 3 4194304 2.003522475
95 34 3 4194304 2.003523623
103 114 3 4194304 2.003524131
21 95 3 4194304 2.003524149
89 2 3 4194304 2.003524208
123 32 3 4194304 2.003524600
64 88 3 4194304 2.003525050
119 124 3 4194304 2.003525262
82 114 3 4194304 2.003525505
99 75 3 4194304 2.003527554
49 123 3 4194304 2.003527595
79 49 3 4194304 2.003527888
75 31 3 4194304 2.003528100
75 122 3 4194304 2.003528457
126 98 3 4194304 2.003529179
66 14 3 4194304 2.003529507
6 49 3 4194304 2.003529545
67 66 3 4194304 2.003529730
79 75 3 4194304 2.003530318
81 26 3 4194304 2.003530489
116 119 3 4194304 2.003531007
1 121 3 4194304 2.003531214
77 98 3 4194304 2.003531849
86 95 3 4194304 2.003532025
88 42 3 4194304 2.003532084
112 81 3 4194304 2.003532441
20 124 3 4194304 2.003532754
51 21 3 4194304 2.003532773
77 75 3 4194304 2.003532788
117 47 3 4194304 2.003533073
31 26 3 4194304 2.003533904
116 67 3 4194304 2.003534042
107 110 3 4194304 2.003534209
113 46 3 4194304 2.003534468
84 28 3 4194304 2.003534564
7 87 3 4194304 2.003535138
84 21 3 4194304 2.003535303
106 83 3 4194304 2.003535608
59 109 3 4194304 2.003535949
55 7 3 4194304 2.003536567
9 66 3 4194304 2.003536736
80 57 3 4194304 2.003537151
75 65 3 4194304 2.003537206
12 111 3 4194304 2.003537360
90 87 3 4194304 2.003537369
116 84 3 4194304 2.003537408
5 31 3 4194304 2.003538432
24 5 3 4194304 2.003539053
112 52 3 4194304 2.003539117
121 95 3 4194304 2.003539643
105 118 3 4194304 2.003540369
121 101 3 4194304 2.003540384
73 115 3 4194304 2.003540435
21 121 3 4194304 2.003540706
3 116 3 4194304 2.003541001
107 106 3 4194304 2.003541343
105 57 3 4194304 2.003541937
21 118 3 4194304 2.003542578
60 16 3 4194304 2.003542643
43 78 3 4194304 2.003542648
124 102 3 4194304 2.003543141
46 19 3 4194304 2.003543520
23 64 3 4194304 2.003543988
14 4 3 4194304 2.003544543
95 84 3 4194304 2.003544706
17 121 3 4194304 2.003544872
107 123 3 4194304 2.003545614
52 40 3 4194304 2.003545653
91 66 3 4194304 2.003546217
39 30 3 4194304 2.003546807
71 19 3 4194304 2.003546811
23 104 3 4194304 2.003546944
18 81 3 4194304 2.003547282
98 20 3 4194304 2.003547662
89 125 3 4194304 2.003547716
104 35 3 4194304 2.003547851
113 126 3 4194304 2.003548004
118 58 3 4194304 2.003548110
83 87 3 4194304 2.003548341
7 58 3 4194304 2.003548358
72 95 3 4194304 2.003548403
70 88 3 4194304 2.003549298
65 74 3 4194304 2.003549581
10 63 3 4194304 2.003549618
56 40 3 4194304 2.003550121
122 30 3 4194304 2.003550606
23 51 3 4194304 2.003551972
8 104 3 4194304 2.003552185
41 90 3 4194304 2.003552381
106 109 3 4194304 2.003552649
45 28 3 4194304 2.003552884
15 98 3 4194304 2.003552955
14 52 3 4194304 2.003553121
27 63 3 4194304 2.003553770
15 120 3 4194304 2.003553788
102 113 3 4194304 2.003554180
111 33 3 4194304 2.003554601
7 113 3 4194304 2.003555294
26 87 3 4194304 2.003555557
34 124 3 4194304 2.003555617
94 38 3 4194304 2.003555922
123 35 3 4194304 2.003555950
15 60 3 4194304 2.003556526
114 43 3 4194304 2.003556870
26 36 3 4194304 2.003557184
3 21 3 4194304 2.003557587
122 17 3 4194304 2.003557671
121 19 3 4194304 2.003558243
57 65 3 4194304 2.003558707
41 16 3 4194304 2.003558721
0 94 3 4194304 2.003559083
46 97 3 4194304 2.003559094
92 121 3 4194304 2.003559410
126 90 3 4194304 2.003559452
38 110 3 4194304 2.003560106
99 102 3 4194304 2.003560356
53 23 3 4194304 2.003560642
120 101 3 4194304 2.003560651
43 15 3 4194304 2.003560976
123 73 3 4194304 2.003561275
83 49 3 4194304 2.003561315
46 107 3 4194304 2.003561722
19 58 3 4194304 2.003562140
29 42 3 4194304 2.003562349
44 71 3 4194304 2.003562566
117 126 3 4194304 2.003562664
5 23 3 4194304 2.003562923
88 25 3 4194304 2.003562975
67 83 3 4194304 2.003563009
68 95 3 4194304 2.003563311
87 98 3 4194304 2.003563426
59 32 3 4194304 2.003563806
123 92 3 4194304 2.003564046
86 52 3 4194304 2.003564863
67 106 3 4194304 2.003565066
3 47 3 4194304 2.003565512
80 10 3 4194304 2.003565679
17 46 3 4194304 2.003566537
50 14 3 4194304 2.003566732
52 21 3 4194304 2.003567303
116 38 3 4194304 2.003567792
123 64 3 4194304 2.003568871
108 94 3 4194304 2.003569083
87 76 3 4194304 2.003569640
85 117 3 4194304 2.003569683
60 66 3 4194304 2.003569866
80 109 3 4194304 2.003570063
86 38 3 4194304 2.003570362
11 111 3 4194304 2.003571106
46 27 3 4194304 2.003571233
84 49 3 4194304 2.003571724
69 96 3 4194304 2.003571892
84 86 3 4194304 2.003572154
101 23 3 4194304 2.003572227
3 1 3 4194304 2.003572248
53 6 3 4194304 2.003572949
36 14 3 4194304 2.003572996
44 52 3 4194304 2.003573619
42 65 3 4194304 2.003573769
4 57 3 4194304 2.003574717
99 96 3 4194304 2.003575141
104 74 3 4194304 2.003575736
59 81 3 4194304 2.003576214
69 93 3 4194304 2.003576556
73 122 3 4194304 2.003576663
100 57 3 4194304 2.003577067
111 27 3 4194304 2.003577421
27 50 3 4194304 2.003577653
75 67 3 4194304 2.003577785
71 89 3 4194304 2.003577922
7 33 3 4194304 2.003577996
21 98 3 4194304 2.003578028
109 122 3 4194304 2.003578043
30 20 3 4194304 2.003578102
37 59 3 4194304 2.003578309
26 106 3 4194304 2.003578403
34 123 3 4194304 2.003578647
65 70 3 4194304 2.003578814
7 38 3 4194304 2.003579196
25 106 3 4194304 2.003579239
105 16 3 4194304 2.003579397
3 15 3 4194304 2.003579600
26 44 3 4194304 2.003579922
79 61 3 4194304 2.003580370
79 18 3 4194304 2.003580524
119 97 3 4194304 2.003581298
41 45 3 4194304 2.003581635
78 15 3 4194304 2.003581988
37 24 3 4194304 2.003582159
114 56 3 4194304 2.003582346
77 57 3 4194304 2.003582463
43 79 3 4194304 2.003582841
105 107 3 4194304 2.003583089
30 126 3 4194304 2.003583435
21 1 3 4194304 2.003584287
97 124 3 4194304 2.003584293
32 24 3 4194304 2.003584348
47 38 3 4194304 2.003584451
76 34 3 4194304 2.003584635
3 37 3 4194304 2.003584710
82 97 3 4194304 2.003585007
64 25 3 4194304 2.003585016
7 27 3 4194304 2.003585027
102 54 3 4194304 2.003585850
98 55 3 4194304 2.003586467
54 74 3 4194304 2.003586912
119 30 3 4194304 2.003587179
71 103 3 4194304 2.003587638
13 81 3 4194304 2.003587935
5 13 3 4194304 2.003588077
86 107 3 4194304 2.003588870
30 112 3 4194304 2.003589362
17 119 3 4194304 2.003589532
112 17 3 4194304 2.003589702
68 75 3 4194304 2.003589770
85 26 3 4194304 2.003590325
60 70 3 4194304 2.003590548
93 94 3 4194304 2.003591022
68 97 3 4194304 2.003591227
110 73 3 4194304 2.003591898
107 44 3 4194304 2.003592169
74 10 3 4194304 2.003592317
18 107 3 4194304 2.003592395
125 80 3 4194304 2.003592484
89 13 3 4194304 2.003592493
81 55 3 4194304 2.003592598
127 4 3 4194304 2.003592642
123 41 3 4194304 2.003593055
119 63 3 4194304 2.003593163
69 84 3 4194304 2.003593700
28 19 3 4194304 2.003593832
92 4 3 4194304 2.003593961
71 12 3 4194304 2.003594582
126 21 3 4194304 2.003595234
69 35 3 4194304 2.003596323
114 115 3 4194304 2.003596885
56 89 3 4194304 2.003598639
116 64 3 4194304 2.003598679
68 24 3 4194304 2.003599028
122 15 3 4194304 2.003599124
10 84 3 4194304 2.003599312
36 0 3 4194304 2.003599462
102 40 3 4194304 2.003600041
98 16 3 4194304 2.003600314
69 31 3 4194304 2.003600506
48 111 3 4194304 2.003600654
51 16 3 4194304 2.003600724
4 45 3 4194304 2.003600732
101 104 3 4194304 2.003601351
24 76 3 4194304 2.003601613
106 39 3 4194304 2.003601680
66 69 3 4194304 2.003601969
84 12 3 4194304 2.003602065
37 107 3 4194304 2.003602110
90 109 3 4194304 2.003602243
92 22 3 4194304 2.003602314
85 90 3 4194304 2.003603090
36 56 3 4194304 2.003603312
109 61 3 4194304 2.003603447
72 85 3 4194304 2.003604557
82 40 3 4194304 2.003605196
82 71 3 4194304 2.003605509
87 8 3 4194304 2.003605737
46 117 3 4194304 2.003605776
56 67 3 4194304 2.003606619
13 115 3 4194304 2.003607160
18 80 3 4194304 2.003607684
39 1 3 4194304 2.003608480
79 102 3 4194304 2.003608806
99 100 3 4194304 2.003609091
104 98 3 4194304 2.003609596
64 66 3 4194304 2.003609973
117 85 3 4194304 2.003610454
66 15 3 4194304 2.003611091
88 69 3 4194304 2.003611694
51 90 3 4194304 2.003612032
60 127 3 4194304 2.003612528
25 10 3 4194304 2.003612593
3 36 3 4194304 2.003612875
112 94 3 4194304 2.003613228
10 89 3 4194304 2.003613387
26 53 3 4194304 2.003613529
82 119 3 4194304 2.003613591
26 102 3 4194304 2.003613733
22 31 3 4194304 2.003613944
125 113 3 4194304 2.003613976
32 94 3 4194304 2.003614127
7 45 3 4194304 2.003614290
116 77 3 4194304 2.003614316
35 73 3 4194304 2.003614366
9 95 3 4194304 2.003614447
81 8 3 4194304 2.003614464
49 60 3 4194304 2.003614796
60 125 3 4194304 2.003615332
111 105 3 4194304 2.003615354
56 103 3 4194304 2.003615367
121 81 3 4194304 2.003615453
13 88 3 4194304 2.003615511
59 23 3 4194304 2.003616283
75 60 3 4194304 2.003616630
9 53 3 4194304 2.003617809
38 73 3 4194304 2.003618348
40 3 3 4194304 2.003618951
75 28 3 4194304 2.003619040
119 1 3 4194304 2.003619645
85 7 3 4194304 2.003620486
6 124 3 4194304 2.003620657
108 91 3 4194304 2.003620745
120 116 3 4194304 2.003620930
33 28 3 4194304 2.003621496
27 64 3 4194304 2.003621498
111 125 3 4194304 2.003622222
62 114 3 4194304 2.003622511
114 33 3 4194304 2.003622710
123 55 3 4194304 2.003622734
94 46 3 4194304 2.003623116
2 51 3 4194304 2.003623694
59 91 3 4194304 2.003624119
5 104 3 4194304 2.003624381
30 62 3 4194304 2.003625322
111 58 3 4194304 2.003625803
64 23 3 4194304 2.003625897
51 13 3 4194304 2.003626079
61 117 3 4194304 2.003626081
11 51 3 4194304 2.003626380
102 68 3 4194304 2.003626437
63 107 3 4194304 2.003627780
102 8 3 4194304 2.003628210
49 88 3 4194304 2.003628382
16 83 3 4194304 2.003628611
68 125 3 4194304 2.003628758
10 93 3 4194304 2.003628939
98 65 3 4194304 2.003629141
7 82 3 4194304 2.003629141
86 13 3 4194304 2.003629375
67 110 3 4194304 2.003629525
54 8 3 4194304 2.003629553
42 92 3 4194304 2.003629575
45 41 3 4194304 2.003629667
111 0 3 4194304 2.003629759
70 18 3 4194304 2.003629807
9 37 3 4194304 2.003630081
28 36 3 4194304 2.003630320
22 38 3 4194304 2.003630341
52 23 3 4194304 2.003630853
36 32 3 4194304 2.003630933
48 108 3 4194304 2.003631300
118 64 3 4194304 2.003631344
44 35 3 4194304 2.003631395
38 49 3 4194304 2.003631774
119 18 3 4194304 2.003631826
102 97 3 4194304 2.003632141
116 59 3 4194304 2.003632732
47 119 3 4194304 2.003633016
69 61 3 4194304 2.003633109
54 85 3 4194304 2.003633219
95 48 3 4194304 2.003633580
57 99 3 4194304 2.003634018
111 28 3 4194304 2.003634269
69 16 3 4194304 2.003634686
44 28 3 4194304 2.003634831
93 92 3 4194304 2.003634838
86 83 3 4194304 2.003634856
26 81 3 4194304 2.003635315
8 39 3 4194304 2.003636164
119 102 3 4194304 2.003636182
18 106 3 4194304 2.003636215
32 35 3 4194304 2.003636288
114 82 3 4194304 2.003636354
57 19 3 4194304 2.003636593
16 92 3 4194304 2.003636633
67 24 3 4194304 2.003636640
103 100 3 4194304 2.003637362
68 113 3 4194304 2.003638011
13 32 3 4194304 2.003638355
45 17 3 4194304 2.003638367
35 96 3 4194304 2.003638652
112 106 3 4194304 2.003639145
106 64 3 4194304 2.003639255
16 13 3 4194304 2.003639319
125 58 3 4194304 2.003639378
11 8 3 4194304 2.003640312
15 53 3 4194304 2.003640955
110 59 3 4194304 2.003641312
124 44 3 4194304 2.003641451
2 103 3 4194304 2.003641512
112 39 3 4194304 2.003641637
15 86 3 4194304 2.003641952
120 117 3 4194304 2.003642163
30 33 3 4194304 2.003642424
83 88 3 4194304 2.003642943
79 1 3 4194304 2.003643480
115 65 3 4194304 2.003643704
24 87 3 4194304 2.003643968
72 63 3 4194304 2.003644421
49 17 3 4194304 2.003644527
92 88 3 4194304 2.003644576
22 21 3 4194304 2.003644599
40 75 3 4194304 2.003644779
33 109 3 4194304 2.003644833
116 8 3 4194304 2.003645079
108 40 3 4194304 2.003645350
62 98 3 4194304 2.003645595
112 83 3 4194304 2.003646053
24 20 3 4194304 2.003646302
108 96 3 4194304 2.003646625
23 20 3 4194304 2.003646876
47 126 3 4194304 2.003647211
74 44 3 4194304 2.003647283
70 63 3 4194304 2.003647690
62 10 3 4194304 2.003647878
68 51 3 4194304 2.003648291
115 123 3 4194304 2.003648325
68 101 3 4194304 2.003648620
91 99 3 4194304 2.003648853
18 9 3 4194304 2.003649110
79 48 3 4194304 2.003649130
75 46 3 4194304 2.003649539
31 42 3 4194304 2.003649620
34 125 3 4194304 2.003649672
63 8 3 4194304 2.003650678
41 11 3 4194304 2.003650961
42 113 3 4194304 2.003651013
96 119 3 4194304 2.003651203
18 49 3 4194304 2.003651393
79 50 3 4194304 2.003651886
110 84 3 4194304 2.003652350
17 38 3 4194304 2.003652399
51 63 3 4194304 2.003652786
74 25 3 4194304 2.003653021
63 32 3 4194304 2.003653121
64 75 3 4194304 2.003653314
28 58 3 4194304 2.003653561
48 71 3 4194304 2.003653582
11 41 3 4194304 2.003653934
91 43 3 4194304 2.003654051
71 97 3 4194304 2.003654110
67 49 3 4194304 2.003654966
77 110 3 4194304 2.003655351
44 120 3 4194304 2.003655629
65 13 3 4194304 2.003655670
66 81 3 4194304 2.003655825
30 21 3 4194304 2.003656132
11 53 3 4194304 2.003657094
24 71 3 4194304 2.003657330
33 68 3 4194304 2.003657400
12 96 3 4194304 2.003657603
23 78 3 4194304 2.003657630
115 124 3 4194304 2.003657633
55 106 3 4194304 2.003657939
119 13 3 4194304 2.003658111
2 88 3 4194304 2.003659984
46 123 3 4194304 2.003660071
58 93 3 4194304 2.003661021
70 89 3 4194304 2.003661036
101 46 3 4194304 2.003661464
52 64 3 4194304 2.003662127
49 47 3 4194304 2.003662309
68 23 3 4194304 2.003662888
3 76 3 4194304 2.003662986
99 76 3 4194304 2.003663075
111 68 3 4194304 2.003663180
120 36 3 4194304 2.003663433
55 0 3 4194304 2.003663612
77 90 3 4194304 2.003663882
39 59 3 4194304 2.003663948
104 49 3 4194304 2.003664182
51 35 3 4194304 2.003665375
61 68 3 4194304 2.003665767
13 11 3 4194304 2.003666291
41 127 3 4194304 2.003666626
86 84 3 4194304 2.003666791
35 91 3 4194304 2.003666957
46 62 3 4194304 2.003667367
62 91 3 4194304 2.003667949
94 1 3 4194304 2.003668087
10 121 3 4194304 2.003668303
14 0 3 4194304 2.003668396
109 99 3 4194304 2.003668864
24 10 3 4194304 2.003669723
5 102 3 4194304 2.003669847
90 126 3 4194304 2.003670011
124 63 3 4194304 2.003670616
45 43 3 4194304 2.003670864
13 48 3 4194304 2.003670944
16 84 3 4194304 2.003671385
77 96 3 4194304 2.003672381
6 89 3 4194304 2.003672525
25 30 3 4194304 2.003673027
111 102 3 4194304 2.003673511
6 115 3 4194304 2.003673705
111 34 3 4194304 2.003673742
1 96 3 4194304 2.003673812
92 50 3 4194304 2.003673949
64 54 3 4194304 2.003674808
120 99 3 4194304 2.003675259
81 3 3 4194304 2.003676321
127 46 3 4194304 2.003677053
97 20 3 4194304 2.003677067
85 15 3 4194304 2.003677638
77 4 3 4194304 2.003677979
22 23 3 4194304 2.003678034
41 125 3 4194304 2.003678735
116 51 3 4194304 2.003678737
52 13 3 4194304 2.003678954
86 21 3 4194304 2.003679681
43 12 3 4194304 2.003679718
98 64 3 4194304 2.003679881
43 118 3 4194304 2.003680281
36 70 3 4194304 2.003680352
47 57 3 4194304 2.003680445
54 118 3 4194304 2.003681622
15 24 3 4194304 2.003682125
76 17 3 4194304 2.003682154
121 106 3 4194304 2.003682407
85 124 3 4194304 2.003682510
64 114 3 4194304 2.003682650
57 61 3 4194304 2.003682882
77 40 3 4194304 2.003683251
87 23 3 4194304 2.003683411
22 60 3 4194304 2.003683417
125 63 3 4194304 2.003683649
84 72 3 4194304 2.003684317
81 117 3 4194304 2.003684431
115 78 3 4194304 2.003684966
23 72 3 4194304 2.003685032
72 49 3 4194304 2.003685050
14 61 3 4194304 2.003685280
8 81 3 4194304 2.003685649
86 112 3 4194304 2.003685693
31 122 3 4194304 2.003685711
31 90 3 4194304 2.003685892
22 91 3 4194304 2.003686098
85 62 3 4194304 2.003686397
113 104 3 4194304 2.003686490
93 120 3 4194304 2.003686633
53 90 3 4194304 2.003686719
84 7 3 4194304 2.003686861
74 6 3 4194304 2.003687026
2 1 3 4194304 2.003687242
126 117 3 4194304 2.003687292
10 107 3 4194304 2.003687740
86 63 3 4194304 2.003687787
38 74 3 4194304 2.003687842
65 35 3 4194304 2.003688254
121 99 3 4194304 2.003688347
108 7 3 4194304 2.003688759
103 12 3 4194304 2.003688937
96 26 3 4194304 2.003689084
50 70 3 4194304 2.003689250
67 30 3 4194304 2.003689548
24 7 3 4194304 2.003691081
26 96 3 4194304 2.003691382
97 26 3 4194304 2.003691701
43 45 3 4194304 2.003691897
0 69 3 4194304 2.003691954
108 74 3 4194304 2.003692578
107 79 3 4194304 2.003692919
124 90 3 4194304 2.003693779
39 83 3 4194304 2.003694123
62 53 3 4194304 2.003694228
65 96 3 4194304 2.003694381
49 94 3 4194304 2.003694436
4 62 3 4194304 2.003694789
127 93 3 4194304 2.003695175
66 36 3 4194304 2.003695596
6 119 3 4194304 2.003695697
12 91 3 4194304 2.003695766
81 31 3 4194304 2.003695956
68 32 3 4194304 2.003696024
69 107 3 4194304 2.003696632
11 90 3 4194304 2.003696916
106 41 3 4194304 2.003697137
89 119 3 4194304 2.003697739
40 99 3 4194304 2.003697807
103 55 3 4194304 2.003697899
62 47 3 4194304 2.003697981
126 107 3 4194304 2.003697992
102 35 3 4194304 2.003698112
50 24 3 4194304 2.003698655
5 78 3 4194304 2.003699526
14 74 3 4194304 2.003699736
46 112 3 4194304 2.003699789
78 102 3 4194304 2.003699830
0 82 3 4194304 2.003700122
81 59 3 4194304 2.003700637
35 71 3 4194304 2.003701521
121 46 3 4194304 2.003701848
64 117 3 4194304 2.003702288
72 25 3 4194304 2.003702326
109 28 3 4194304 2.003703146
94 109 3 4194304 2.003703235
45 125 3 4194304 2.003703363
120 41 3 4194304 2.003704338
46 0 3 4194304 2.003704467
46 119 3 4194304 2.003704676
85 111 3 4194304 2.003705485
45 100 3 4194304 2.003705757
95 46 3 4194304 2.003706000
95 23 3 4194304 2.003706301
62 6 3 4194304 2.003706684
13 117 3 4194304 2.003707309
116 113 3 4194304 2.003707730
7 110 3 4194304 2.003707785
111 85 3 4194304 2.003707987
113 73 3 4194304 2.003708136
102 118 3 4194304 2.003708147
34 101 3 4194304 2.003708161
110 57 3 4194304 2.003708285
125 52 3 4194304 2.003708508
32 75 3 4194304 2.003708725
70 76 3 4194304 2.003708761
99 24 3 4194304 2.003708821
50 104 3 4194304 2.003708849
16 15 3 4194304 2.003709312
116 112 3 4194304 2.003709915
127 7 3 4194304 2.003710022
40 44 3 4194304 2.003710386
27 70 3 4194304 2.003711679
63 57 3 4194304 2.003711736
117 39 3 4194304 2.003711828
15 20 3 4194304 2.003711890
81 125 3 4194304 2.003712801
110 10 3 4194304 2.003713267
44 42 3 4194304 2.003713349
111 21 3 4194304 2.003713640
92 35 3 4194304 2.003713963
84 126 3 4194304 2.003714003
50 27 3 4194304 2.003714047
20 2 3 4194304 2.003714262
68 60 3 4194304 2.003714477
38 15 3 4194304 2.003715508
114 121 3 4194304 2.003716225
116 74 3 4194304 2.003716291
10 60 3 4194304 2.003716340
43 107 3 4194304 2.003716684
57 109 3 4194304 2.003716750
29 116 3 4194304 2.003716788
92 73 3 4194304 2.003716881
15 52 3 4194304 2.003717127
57 30 3 4194304 2.003717596
90 21 3 4194304 2.003717598
83 122 3 4194304 2.003717672
85 74 3 4194304 2.003717805
95 100 3 4194304 2.003717867
46 63 3 4194304 2.003718168
88 21 3 4194304 2.003718564
82 103 3 4194304 2.003718897
117 114 3 4194304 2.003719368
66 71 3 4194304 2.003719464
66 52 3 4194304 2.003719539
49 72 3 4194304 2.003719614
16 104 3 4194304 2.003719641
50 25 3 4194304 2.003719826
88 8 3 4194304 2.003719842
90 4 3 4194304 2.003720043
93 85 3 4194304 2.003720184
23 21 3 4194304 2.003720441
56 3 3 4194304 2.003720603
76 8 3 4194304 2.003720692
9 103 3 4194304 2.003721165
60 4 3 4194304 2.003721199
126 22 3 4194304 2.003721233
66 107 3 4194304 2.003721636
122 8 3 4194304 2.003721768
72 1 3 4194304 2.003721929
93 62 3 4194304 2.003722075
35 106 3 4194304 2.003722485
106 1 3 4194304 2.003722489
2 96 3 4194304 2.003723017
89 118 3 4194304 2.003723043
45 76 3 4194304 2.003723593
100 125 3 4194304 2.003723667
14 60 3 4194304 2.003724123
107 35 3 4194304 2.003724707
31 73 3 4194304 2.003725420
5 116 3 4194304 2.003725690
95 94 3 4194304 2.003725873
39 107 3 4194304 2.003725948
26 47 3 4194304 2.003725983
15 40 3 4194304 2.003726012
86 14 3 4194304 2.003726021
118 60 3 4194304 2.003726161
20 83 3 4194304 2.003726358
77 50 3 4194304 2.003726534
57 40 3 4194304 2.003727404
8 117 3 4194304 2.003727698
81 126 3 4194304 2.003728313
69 82 3 4194304 2.003728860
43 119 3 4194304 2.003729098
46 59 3 4194304 2.003729327
87 62 3 4194304 2.003729390
76 100 3 4194304 2.003730322
55 9 3 4194304 2.003730460
39 67 3 4194304 2.003730689
55 53 3 4194304 2.003730700
42 24 3 4194304 2.003730910
91 48 3 4194304 2.003731351
53 39 3 4194304 2.003731628
4 101 3 4194304 2.003731873
104 114 3 4194304 2.003732353
76 91 3 4194304 2.003732513
60 61 3 4194304 2.003733673
18 116 3 4194304 2.003733689
34 88 3 4194304 2.003734860
125 38 3 4194304 2.003735008
42 43 3 4194304 2.003735921
66 86 3 4194304 2.003736078
81 20 3 4194304 2.003736142
81 105 3 4194304 2.003736214
110 60 3 4194304 2.003736470
17 20 3 4194304 2.003737046
19 76 3 4194304 2.003737120
92 109 3 4194304 2.003737354
5 18 3 4194304 2.003737370
11 43 3 4194304 2.003738001
5 70 3 4194304 2.003738104
49 81 3 4194304 2.003738142
20 7 3 4194304 2.003739047
67 9 3 4194304 2.003739160
69 44 3 4194304 2.003739243
12 59 3 4194304 2.003739314
47 121 3 4194304 2.003739398
44 124 3 4194304 2.003739536
86 127 3 4194304 2.003739800
96 49 3 4194304 2.003740088
11 71 3 4194304 2.003740619
94 24 3 4194304 2.003740771
56 47 3 4194304 2.003741128
108 84 3 4194304 2.003741395
116 6 3 4194304 2.003741424
6 63 3 4194304 2.003741870
29 11 3 4194304 2.003742507
13 6 3 4194304 2.003742570
100 95 3 4194304 2.003742605
46 4 3 4194304 2.003743068
47 29 3 4194304 2.003743304
16 115 3 4194304 2.003743891
46 7 3 4194304 2.003743901
96 111 3 4194304 2.003744378
62 45 3 4194304 2.003744503
20 36 3 4194304 2.003744755
124 32 3 4194304 2.003744794
87 30 3 4194304 2.003744854
56 43 3 4194304 2.003745246
33 39 3 4194304 2.003745254
115 44 3 4194304 2.003745379
80 31 3 4194304 2.003745408
79 17 3 4194304 2.003745674
115 27 3 4194304 2.003745909
104 31 3 4194304 2.003745924
67 125 3 4194304 2.003745971
114 2 3 4194304 2.003746035
72 42 3 4194304 2.003746260
15 2 3 4194304 2.003746358
96 116 3 4194304 2.003746516
42 122 3 4194304 2.003746958
46 23 3 4194304 2.003747404
41 68 3 4194304 2.003747442
77 116 3 4194304 2.003747479
83 106 3 4194304 2.003747887
127 3 3 4194304 2.003748707
78 29 3 4194304 2.003748783
93 71 3 4194304 2.003749134
24 38 3 4194304 2.003749494
113 17 3 4194304 2.003749543
123 75 3 4194304 2.003750401
87 15 3 4194304 2.003751331
99 21 3 4194304 2.003751339
124 87 3 4194304 2.003751350
99 107 3 4194304 2.003751391
95 87 3 4194304 2.003752245
93 119 3 4194304 2.003752788
9 83 3 4194304 2.003753084
82 105 3 4194304 2.003753414
109 65 3 4194304 2.003753703
101 30 3 4194304 2.003754477
33 34 3 4194304 2.003754654
85 67 3 4194304 2.003754956
2 17 3 4194304 2.003755139
111 120 3 4194304 2.003755232
107 40 3 4194304 2.003755615
52 3 3 4194304 2.003755916
44 0 3 4194304 2.003756227
31 80 3 4194304 2.003756254
100 92 3 4194304 2.003756490
3 118 3 4194304 2.003756974
100 123 3 4194304 2.003757323
6 4 3 4194304 2.003757509
80 18 3 4194304 2.003757740
46 16 3 4194304 2.003757801
84 107 3 4194304 2.003758078
103 36 3 4194304 2.003758190
35 82 3 4194304 2.003758611
42 25 3 4194304 2.003758942
92 15 3 4194304 2.003759128
62 29 3 4194304 2.003759259
51 75 3 4194304 2.003759434
86 90 3 4194304 2.003759942
57 6 3 4194304 2.003760106
66 103 3 4194304 2.003760284
47 26 3 4194304 2.003760638
56 31 3 4194304 2.003761047
56 53 3 4194304 2.003762406
53 73 3 4194304 2.003762409
71 31 3 4194304 2.003763042
67 76 3 4194304 2.003763397
111 77 3 4194304 2.003763754
19 33 3 4194304 2.003764490
68 104 3 4194304 2.003764619
79 77 3 4194304 2.003764905
104 110 3 4194304 2.003766113
1 101 3 4194304 2.003766866
122 63 3 4194304 2.003766974
1 74 3 4194304 2.003767328
60 107 3 4194304 2.003767628
126 53 3 4194304 2.003767630
70 29 3 4194304 2.003768288
102 41 3 4194304 2.003768760
57 110 3 4194304 2.003768928
105 45 3 4194304 2.003769702
104 123 3 4194304 2.003769834
16 124 3 4194304 2.003770109
102 14 3 4194304 2.003770326
39 48 3 4194304 2.003770646
67 127 3 4194304 2.003771262
120 3 3 4194304 2.003772432
86 48 3 4194304 2.003772705
8 46 3 4194304 2.003772758
86 64 3 4194304 2.003772762
118 18 3 4194304 2.003773136
77 28 3 4194304 2.003773892
38 100 3 4194304 2.003774375
87 77 3 4194304 2.003774742
53 7 3 4194304 2.003775569
118 41 3 4194304 2.003775781
100 82 3 4194304 2.003775849
55 85 3 4194304 2.003776050
37 82 3 4194304 2.003776054
2 29 3 4194304 2.003776526
71 115 3 4194304 2.003776702
123 14 3 4194304 2.003776857
43 87 3 4194304 2.003777031
114 25 3 4194304 2.003777407
33 100 3 4194304 2.003777479
103 18 3 4194304 2.003777751
117 26 3 4194304 2.003777771
66 56 3 4194304 2.003778104
110 107 3 4194304 2.003778267
92 46 3 4194304 2.003778575
30 53 3 4194304 2.003778647
63 47 3 4194304 2.003778785
32 49 3 4194304 2.003778955
58 47 3 4194304 2.003779428
56 110 3 4194304 2.003779960
76 87 3 4194304 2.003780573
8 116 3 4194304 2.003780578
126 51 3 4194304 2.003781949
6 102 3 4194304 2.003782065
16 74 3 4194304 2.003782509
87 127 3 4194304 2.003782972
19 42 3 4194304 2.003783633
111 109 3 4194304 2.003783742
92 32 3 4194304 2.003784232
57 91 3 4194304 2.003784966
36 37 3 4194304 2.003785449
107 1 3 4194304 2.003785595
120 24 3 4194304 2.003786152
118 32 3 4194304 2.003786217
115 39 3 4194304 2.003786575
55 12 3 4194304 2.003786772
17 100 3 4194304 2.003787031
127 43 3 4194304 2.003787631
102 122 3 4194304 2.003787784
68 31 3 4194304 2.003787823
117 74 3 4194304 2.003787829
63 127 3 4194304 2.003788016
127 91 3 4194304 2.003788376
123 80 3 4194304 2.003788660
8 83 3 4194304 2.003788789
5 59 3 4194304 2.003788890
120 105 3 4194304 2.003789000
120 61 3 4194304 2.003789018
9 118 3 4194304 2.003789741
51 3 3 4194304 2.003790321
123 72 3 4194304 2.003791107
113 20 3 4194304 2.003791159
104 56 3 4194304 2.003791250
49 115 3 4194304 2.003791349
39 72 3 4194304 2.003791543
118 77 3 4194304 2.003791632
104 54 3 4194304 2.003791811
93 124 3 4194304 2.003792546
24 111 3 4194304 2.003792548
108 114 3 4194304 2.003792553
53 99 3 4194304 2.003793096
13 127 3 4194304 2.003793103
124 122 3 4194304 2.003793415
5 124 3 4194304 2.003793647
4 63 3 4194304 2.003793850
35 51 3 4194304 2.003793965
61 111 3 4194304 2.003794066
18 12 3 4194304 2.003794392
98 38 3 4194304 2.003794526
73 38 3 4194304 2.003794606
91 16 3 4194304 2.003795278
93 112 3 4194304 2.003795422
109 105 3 4194304 2.003795826
39 22 3 4194304 2.003795945
36 11 3 4194304 2.003796344
66 118 3 4194304 2.003796409
34 58 3 4194304 2.003796488
84 62 3 4194304 2.003796528
91 83 3 4194304 2.003797099
66 62 3 4194304 2.003797426
67 92 3 4194304 2.003797880
82 124 3 4194304 2.003798094
3 77 3 4194304 2.003798550
3 50 3 4194304 2.003798703
103 59 3 4194304 2.003798827
101 99 3 4194304 2.003799138
62 63 3 4194304 2.003799434
25 122 3 4194304 2.003799506
101 69 3 4194304 2.003799910
76 103 3 4194304 2.003800529
76 89 3 4194304 2.003800765
40 14 3 4194304 2.003800824
62 14 3 4194304 2.003800833
96 35 3 4194304 2.003801899
61 12 3 4194304 2.003802746
105 110 3 4194304 2.003802779
39 36 3 4194304 2.003803215
0 87 3 4194304 2.003803336
62 67 3 4194304 2.003803486
71 95 3 4194304 2.003803640
44 113 3 4194304 2.003803667
30 110 3 4194304 2.003803731
31 10 3 4194304 2.003804071
49 52 3 4194304 2.003804354
15 93 3 4194304 2.003804576
43 102 3 4194304 2.003805192
98 63 3 4194304 2.003805526
106 21 3 4194304 2.003805894
79 44 3 4194304 2.003806219
8 108 3 4194304 2.003806441
123 45 3 4194304 2.003807626
60 24 3 4194304 2.003807862
114 127 3 4194304 2.003808307
47 59 3 4194304 2.003808865
19 124 3 4194304 2.003809139
75 47 3 4194304 2.003809434
22 95 3 4194304 2.003809515
57 124 3 4194304 2.003809929
28 2 3 4194304 2.003810101
76 24 3 4194304 2.003810157
17 105 3 4194304 2.003810331
53 88 3 4194304 2.003810429
122 84 3 4194304 2.003810874
121 36 3 4194304 2.003810984
39 90 3 4194304 2.003811546
11 50 3 4194304 2.003811553
87 26 3 4194304 2.003811937
28 18 3 4194304 2.003812215
119 101 3 4194304 2.003812479
26 92 3 4194304 2.003813014
86 80 3 4194304 2.003813229
98 0 3 4194304 2.003813531
47 6 3 4194304 2.003813747
15 99 3 4194304 2.003814080
2 35 3 4194304 2.003814082
25 104 3 4194304 2.003814303
15 89 3 4194304 2.003814389
64 9 3 4194304 2.003815418
55 58 3 4194304 2.003815444
118 27 3 4194304 2.003815584
28 110 3 4194304 2.003815884
59 76 3 4194304 2.003817465
101 82 3 4194304 2.003817739
42 119 3 4194304 2.003817895
7 90 3 4194304 2.003818006
104 103 3 4194304 2.003818211
92 8 3 4194304 2.003818351
115 61 3 4194304 2.003818360
45 110 3 4194304 2.003818555
51 125 3 4194304 2.003818628
94 88 3 4194304 2.003818726
127 125 3 4194304 2.003818794
100 110 3 4194304 2.003819148
39 28 3 4194304 2.003819314
1 110 3 4194304 2.003819556
24 54 3 4194304 2.003819617
126 72 3 4194304 2.003819727
8 71 3 4194304 2.003819815
23 115 3 4194304 2.003819960
8 27 3 4194304 2.003820316
65 118 3 4194304 2.003820426
34 30 3 4194304 2.003820795
8 5 3 4194304 2.003821263
90 104 3 4194304 2.003821338
34 71 3 4194304 2.003821505
42 49 3 4194304 2.003821555
36 45 3 4194304 2.003821676
88 20 3 4194304 2.003821884
88 78 3 4194304 2.003822322
112 62 3 4194304 2.003822570
27 14 3 4194304 2.003822674
40 41 3 4194304 2.003822960
58 116 3 4194304 2.003823035
55 84 3 4194304 2.003823376
93 104 3 4194304 2.003825152
91 20 3 4194304 2.003825370
3 73 3 4194304 2.003825381
34 43 3 4194304 2.003825514
81 7 3 4194304 2.003825575
26 64 3 4194304 2.003825626
127 79 3 4194304 2.003825709
13 51 3 4194304 2.003825939
50 94 3 4194304 2.003825975
119 46 3 4194304 2.003826150
68 105 3 4194304 2.003826447
110 53 3 4194304 2.003827343
82 39 3 4194304 2.003827743
94 52 3 4194304 2.003829060
103 19 3 4194304 2.003829439
96 101 3 4194304 2.003829534
49 113 3 4194304 2.003830385
113 0 3 4194304 2.003831498
21 28 3 4194304 2.003831700
83 96 3 4194304 2.003832254
51 12 3 4194304 2.003832439
66 98 3 4194304 2.003832552
80 48 3 4194304 2.003832700
109 63 3 4194304 2.003833308
44 123 3 4194304 2.003833442
90 63 3 4194304 2.003833995
42 17 3 4194304 2.003834559
101 27 3 4194304 2.003834652
32 89 3 4194304 2.003835142
119 123 3 4194304 2.003835338
96 27 3 4194304 2.003835354
103 85 3 4194304 2.003835527
16 76 3 4194304 2.003835714
115 68 3 4194304 2.003835873
21 122 3 4194304 2.003836481
6 90 3 4194304 2.003836551
62 80 3 4194304 2.003836852
22 79 3 4194304 2.003837126
115 122 3 4194304 2.003837498
24 0 3 4194304 2.003837524
19 4 3 4194304 2.003837780
53 104 3 4194304 2.003838371
19 35 3 4194304 2.003838899
79 32 3 4194304 2.003839133
100 109 3 4194304 2.003840198
112 109 3 4194304 2.003840327
114 74 3 4194304 2.003841147
90 97 3 4194304 2.003841377
98 53 3 4194304 2.003841398
97 59 3 4194304 2.003842044
60 46 3 4194304 2.003842046
56 27 3 4194304 2.003842456
54 22 3 4194304 2.003842493
19 63 3 4194304 2.003842779
85 23 3 4194304 2.003842876
9 111 3 4194304 2.003843095
14 109 3 4194304 2.003843104
88 113 3 4194304 2.003843891
109 6 3 4194304 2.003844360
58 55 3 4194304 2.003844448
112 123 3 4194304 2.003844938
2 90 3 4194304 2.003845007
88 73 3 4194304 2.003845518
47 91 3 4194304 2.003845666
47 37 3 4194304 2.003846544
19 16 3 4194304 2.003846546
106 96 3 4194304 2.003847764
83 62 3 4194304 2.003847816
66 11 3 4194304 2.003848340
113 108 3 4194304 2.003848657
28 61 3 4194304 2.003849014
80 7 3 4194304 2.003849282
100 50 3 4194304 2.003849429
70 113 3 4194304 2.003849816
47 116 3 4194304 2.003850102
24 43 3 4194304 2.003850395
67 57 3 4194304 2.003850713
81 28 3 4194304 2.003851230
54 26 3 4194304 2.003851332
100 1 3 4194304 2.003851564
12 52 3 4194304 2.003852051
53 121 3 4194304 2.003852166
98 108 3 4194304 2.003852648
109 124 3 4194304 2.003853010
119 2 3 4194304 2.003853462
107 46 3 4194304 2.003854095
23 2 3 4194304 2.003854133
82 100 3 4194304 2.003854359
6 77 3 4194304 2.003854885
122 60 3 4194304 2.003856616
4 47 3 4194304 2.003857200
119 49 3 4194304 2.003857302
0 121 3 4194304 2.003857702
125 62 3 4194304 2.003857822
16 0 3 4194304 2.003858025
31 36 3 4194304 2.003858088
111 16 3 4194304 2.003858177
75 10 3 4194304 2.003858265
95 49 3 4194304 2.003858492
56 70 3 4194304 2.003858699
65 71 3 4194304 2.003859248
123 18 3 4194304 2.003859668
59 9 3 4194304 2.003860000
113 123 3 4194304 2.003860032
103 34 3 4194304 2.003860052
33 40 3 4194304 2.003860121
60 56 3 4194304 2.003860128
83 127 3 4194304 2.003860161
90 80 3 4194304 2.003860505
64 24 3 4194304 2.003860718
87 91 3 4194304 2.003860811
95 93 3 4194304 2.003861665
21 91 3 4194304 2.003861810
39 113 3 4194304 2.003862550
59 121 3 4194304 2.003862556
5 19 3 4194304 2.003862961
92 20 3 4194304 2.003863229
40 88 3 4194304 2.003863249
3 109 3 4194304 2.003863382
75 86 3 4194304 2.003863570
19 49 3 4194304 2.003863715
82 21 3 4194304 2.003863941
116 80 3 4194304 2.003864119
125 36 3 4194304 2.003864614
89 29 3 4194304 2.003864714
16 64 3 4194304 2.003864882
79 38 3 4194304 2.003864958
64 51 3 4194304 2.003865080
7 114 3 4194304 2.003865977
18 16 3 4194304 2.003866182
58 7 3 4194304 2.003866844
28 67 3 4194304 2.003867839
11 77 3 4194304 2.003868235
55 125 3 4194304 2.003870195
110 19 3 4194304 2.003871340
27 35 3 4194304 2.003871408
119 110 3 4194304 2.003871436
125 117 3 4194304 2.003871558
92 37 3 4194304 2.003872008
68 81 3 4194304 2.003872209
50 85 3 4194304 2.003873382
105 18 3 4194304 2.003873450
56 86 3 4194304 2.003873916
48 109 3 4194304 2.003874078
103 43 3 4194304 2.003874216
47 64 3 4194304 2.003874424
126 84 3 4194304 2.003874516
55 115 3 4194304 2.003874640
56 121 3 4194304 2.003875249
65 54 3 4194304 2.003875299
44 126 3 4194304 2.003875570
110 52 3 4194304 2.003875813
6 53 3 4194304 2.003876574
8 85 3 4194304 2.003876931
103 61 3 4194304 2.003877295
54 110 3 4194304 2.003878283
121 114 3 4194304 2.003878343
78 56 3 4194304 2.003879658
52 106 3 4194304 2.003879920
69 3 3 4194304 2.003880132
11 39 3 4194304 2.003880834
79 46 3 4194304 2.003881463
21 126 3 4194304 2.003882155
127 50 3 4194304 2.003882883
120 127 3 4194304 2.003882909
24 64 3 4194304 2.003883063
39 120 3 4194304 2.003883630
113 91 3 4194304 2.003883847
1 26 3 4194304 2.003884722
53 79 3 4194304 2.003884859
118 36 3 4194304 2.003885135
7 11 3 4194304 2.003885188
66 25 3 4194304 2.003885214
27 30 3 4194304 2.003885397
109 13 3 4194304 2.003885456
18 94 3 4194304 2.003885469
23 125 3 4194304 2.003885570
41 53 3 4194304 2.003886146
27 47 3 4194304 2.003887224
119 107 3 4194304 2.003887330
56 51 3 4194304 2.003887819
30 26 3 4194304 2.003888358
37 28 3 4194304 2.003888684
97 58 3 4194304 2.003889073
61 10 3 4194304 2.003889503
50 69 3 4194304 2.003889534
100 70 3 4194304 2.003889833
33 57 3 4194304 2.003890553
126 15 3 4194304 2.003890637
42 57 3 4194304 2.003890657
74 31 3 4194304 2.003891145
111 1 3 4194304 2.003891610
55 76 3 4194304 2.003891718
86 110 3 4194304 2.003891956
36 60 3 4194304 2.003892222
98 95 3 4194304 2.003892249
106 42 3 4194304 2.003892265
119 14 3 4194304 2.003892616
49 24 3 4194304 2.003892967
124 67 3 4194304 2.003893936
56 75 3 4194304 2.003894568
8 110 3 4194304 2.003894974
15 71 3 4194304 2.003895165
62 61 3 4194304 2.003895517
43 37 3 4194304 2.003896495
56 49 3 4194304 2.003897266
66 54 3 4194304 2.003897331
70 41 3 4194304 2.003897412
111 69 3 4194304 2.003898813
13 95 3 4194304 2.003899343
90 112 3 4194304 2.003899671
24 88 3 4194304 2.003899698
66 12 3 4194304 2.003900021
107 31 3 4194304 2.003900272
111 5 3 4194304 2.003900969
14 67 3 4194304 2.003901172
67 41 3 4194304 2.003901301
112 101 3 4194304 2.003901428
22 50 3 4194304 2.003901788
21 117 3 4194304 2.003901871
118 11 3 4194304 2.003902159
98 71 3 4194304 2.003902358
44 117 3 4194304 2.003902438
19 94 3 4194304 2.003903242
117 78 3 4194304 2.003903426
123 116 3 4194304 2.003904613
74 109 3 4194304 2.003904648
67 115 3 4194304 2.003904683
4 72 3 4194304 2.003904937
20 61 3 4194304 2.003905122
93 116 3 4194304 2.003905160
88 2 3 4194304 2.003905606
87 92 3 4194304 2.003905636
104 109 3 4194304 2.003905825
2 22 3 4194304 2.003906603
73 27 3 4194304 2.003906705
21 62 3 4194304 2.003906802
92 16 3 4194304 2.003906940
24 90 3 4194304 2.003907127
95 79 3 4194304 2.003907282
114 60 3 4194304 2.003907539
54 65 3 4194304 2.003907662
74 39 3 4194304 2.003909427
59 111 3 4194304 2.003910337
4 19 3 4194304 2.003911260
120 13 3 4194304 2.003911347
52 98 3 4194304 2.003911365
122 47 3 4194304 2.003911514
42 12 3 4194304 2.003912793
122 39 3 4194304 2.003913009
56 60 3 4194304 2.003913646
56 12 3 4194304 2.003913913
126 8 3 4194304 2.003914535
14 94 3 4194304 2.003914617
115 75 3 4194304 2.003914925
12 76 3 4194304 2.003915419
37 23 3 4194304 2.003916521
53 102 3 4194304 2.003916766
91 70 3 4194304 2.003917009
74 86 3 4194304 2.003917724
55 122 3 4194304 2.003917891
14 123 3 4194304 2.003917915
99 14 3 4194304 2.003918264
89 45 3 4194304 2.003918296
40 98 3 4194304 2.003918778
98 1 3 4194304 2.003918780
21 3 3 4194304 2.003918962
62 48 3 4194304 2.003919074
67 103 3 4194304 2.003919171
68 50 3 4194304 2.003919286
121 97 3 4194304 2.003919816
35 0 3 4194304 2.003920357
16 7 3 4194304 2.003920389
54 83 3 4194304 2.003920832
13 43 3 4194304 2.003921105
86 73 3 4194304 2.003921253
2 95 3 4194304 2.003921664
80 84 3 4194304 2.003921892
89 108 3 4194304 2.003922104
19 11 3 4194304 2.003923323
7 34 3 4194304 2.003924164
25 39 3 4194304 2.003924428
114 39 3 4194304 2.003924808
4 114 3 4194304 2.003924849
43 38 3 4194304 2.003924994
20 10 3 4194304 2.003926119
75 74 3 4194304 2.003926127
15 14 3 4194304 2.003926640
52 58 3 4194304 2.003927013
85 125 3 4194304 2.003927547
71 66 3 4194304 2.003927705
37 124 3 4194304 2.003927870
58 42 3 4194304 2.003928499
43 13 3 4194304 2.003928969
34 63 3 4194304 2.003929033
1 24 3 4194304 2.003929088
123 93 3 4194304 2.003929457
31 123 3 4194304 2.003929580
125 98 3 4194304 2.003930291
42 3 3 4194304 2.003930689
88 4 3 4194304 2.003930696
37 30 3 4194304 2.003930706
84 83 3 4194304 2.003931003
73 112 3 4194304 2.003931064
13 126 3 4194304 2.003931221
115 48 3 4194304 2.003931263
106 35 3 4194304 2.003931441
116 93 3 4194304 2.003931755
114 124 3 4194304 2.003931928
118 33 3 4194304 2.003932486
109 62 3 4194304 2.003932528
53 127 3 4194304 2.003932759
89 17 3 4194304 2.003934253
36 65 3 4194304 2.003934777
76 1 3 4194304 2.003934871
63 91 3 4194304 2.003935098
80 1 3 4194304 2.003935435
77 51 3 4194304 2.003936030
77 21 3 4194304 2.003936105
61 39 3 4194304 2.003936175
16 97 3 4194304 2.003936244
101 58 3 4194304 2.003936467
48 7 3 4194304 2.003936536
6 108 3 4194304 2.003937662
51 2 3 4194304 2.003937818
73 15 3 4194304 2.003938038
84 117 3 4194304 2.003938063
60 71 3 4194304 2.003938118
98 46 3 4194304 2.003938512
117 118 3 4194304 2.003938656
61 101 3 4194304 2.003938742
98 81 3 4194304 2.003938864
33 3 3 4194304 2.003939201
55 57 3 4194304 2.003939249
82 120 3 4194304 2.003939632
91 78 3 4194304 2.003940505
5 37 3 4194304 2.003940658
19 10 3 4194304 2.003940725
27 77 3 4194304 2.003941390
45 20 3 4194304 2.003941561
35 116 3 4194304 2.003942422
39 37 3 4194304 2.003942509
114 80 3 4194304 2.003942804
28 41 3 4194304 2.003943147
20 53 3 4194304 2.003943446
100 11 3 4194304 2.003943494
29 77 3 4194304 2.003943822
54 70 3 4194304 2.003945179
77 9 3 4194304 2.003945351
16 11 3 4194304 2.003945891
2 73 3 4194304 2.003945933
53 54 3 4194304 2.003946035
45 121 3 4194304 2.003946620
3 107 3 4194304 2.003946869
23 0 3 4194304 2.003947088
119 7 3 4194304 2.003947101
32 52 3 4194304 2.003947458
44 31 3 4194304 2.003947521
5 15 3 4194304 2.003947700
73 71 3 4194304 2.003948385
36 15 3 4194304 2.003948396
17 66 3 4194304 2.003948983
99 47 3 4194304 2.003949079
39 89 3 4194304 2.003949102
121 92 3 4194304 2.003949420
109 120 3 4194304 2.003949978
73 117 3 4194304 2.003950389
60 54 3 4194304 2.003950417
84 20 3 4194304 2.003950618
31 94 3 4194304 2.003950642
48 94 3 4194304 2.003950920
70 122 3 4194304 2.003951104
1 125 3 4194304 2.003951407
94 43 3 4194304 2.003951644
95 7 3 4194304 2.003952492
44 100 3 4194304 2.003952945
81 18 3 4194304 2.003952968
73 43 3 4194304 2.003953363
103 13 3 4194304 2.003953592
69 75 3 4194304 2.003953714
24 9 3 4194304 2.003953720
42 110 3 4194304 2.003953804
93 63 3 4194304 2.003954106
31 67 3 4194304 2.003954216
18 15 3 4194304 2.003954343
127 75 3 4194304 2.003954448
121 64 3 4194304 2.003955745
41 66 3 4194304 2.003955838
14 19 3 4194304 2.003956000
29 64 3 4194304 2.003956073
43 90 3 4194304 2.003956665
61 95 3 4194304 2.003956845
20 122 3 4194304 2.003956867
55 98 3 4194304 2.003957264
90 122 3 4194304 2.003957419
113 67 3 4194304 2.003957749
31 20 3 4194304 2.003957811
119 52 3 4194304 2.003958141
95 122 3 4194304 2.003958297
8 113 3 4194304 2.003958354
46 92 3 4194304 2.003958443
51 84 3 4194304 2.003958458
114 89 3 4194304 2.003958597
28 91 3 4194304 2.003958682
7 120 3 4194304 2.003958793
87 94 3 4194304 2.003959120
122 58 3 4194304 2.003959394
85 78 3 4194304 2.003959494
74 125 3 4194304 2.003959603
46 100 3 4194304 2.003959864
64 70 3 4194304 2.003960017
15 119 3 4194304 2.003960647
40 68 3 4194304 2.003961053
80 97 3 4194304 2.003961107
79 72 3 4194304 2.003961282
30 70 3 4194304 2.003961518
115 29 3 4194304 2.003961716
116 54 3 4194304 2.003962416
33 35 3 4194304 2.003962466
1 65 3 4194304 2.003962963
15 9 3 4194304 2.003963234
19 72 3 4194304 2.003963273
16 29 3 4194304 2.003963765
35 104 3 4194304 2.003963887
127 96 3 4194304 2.003963890
99 44 3 4194304 2.003963896
112 77 3 4194304 2.003964000
88 76 3 4194304 2.003964270
117 14 3 4194304 2.003964973
31 58 3 4194304 2.003965295
55 67 3 4194304 2.003965343
125 93 3 4194304 2.003965946
104 84 3 4194304 2.003966433
106 8 3 4194304 2.003966441
50 73 3 4194304 2.003966538
99 49 3 4194304 2.003966708
12 1 3 4194304 2.003966980
23 108 3 4194304 2.003967059
124 81 3 4194304 2.003968267
47 49 3 4194304 2.003968545
25 54 3 4194304 2.003968969
107 55 3 4194304 2.003969074
75 23 3 4194304 2.003969124
42 124 3 4194304 2.003969289
126 35 3 4194304 2.003969348
102 52 3 4194304 2.003970314
92 47 3 4194304 2.003970838
73 110 3 4194304 2.003971154
40 23 3 4194304 2.003971177
34 38 3 4194304 2.003971318
8 59 3 4194304 2.003972148
126 101 3 4194304 2.003972196
21 35 3 4194304 2.003973754
114 35 3 4194304 2.003973862
32 100 3 4194304 2.003973906
59 125 3 4194304 2.003974885
107 122 3 4194304 2.003975070
22 33 3 4194304 2.003975358
0 109 3 4194304 2.003975390
114 125 3 4194304 2.003975634
118 83 3 4194304 2.003975720
25 82 3 4194304 2.003975903
50 121 3 4194304 2.003976244
61 28 3 4194304 2.003976298
108 13 3 4194304 2.003976561
120 89 3 4194304 2.003976740
8 11 3 4194304 2.003977142
17 40 3 4194304 2.003977379
70 12 3 4194304 2.003977385
45 127 3 4194304 2.003977391
18 109 3 4194304 2.003977401
80 23 3 4194304 2.003977485
113 13 3 4194304 2.003978019
31 105 3 4194304 2.003978199
78 104 3 4194304 2.003978597
109 95 3 4194304 2.003978626
58 60 3 4194304 2.003978979
14 54 3 4194304 2.003979167
76 49 3 4194304 2.003979214
18 42 3 4194304 2.003979798
85 94 3 4194304 2.003979919
81 78 3 4194304 2.003980918
63 33 3 4194304 2.003981117
109 70 3 4194304 2.003981433
24 102 3 4194304 2.003981498
99 1 3 4194304 2.003981672
6 69 3 4194304 2.003981869
120 53 3 4194304 2.003981931
35 21 3 4194304 2.003982132
16 103 3 4194304 2.003982292
57 32 3 4194304 2.003982295
38 119 3 4194304 2.003982455
13 30 3 4194304 2.003983527
30 14 3 4194304 2.003983562
60 9 3 4194304 2.003983608
65 48 3 4194304 2.003983608
33 25 3 4194304 2.003983875
112 100 3 4194304 2.003984338
115 54 3 4194304 2.003984614
79 127 3 4194304 2.003985191
85 63 3 4194304 2.003985880
6 44 3 4194304 2.003985886
27 110 3 4194304 2.003985913
36 47 3 4194304 2.003986066
88 55 3 4194304 2.003986291
47 127 3 4194304 2.003986327
115 79 3 4194304 2.003987362
116 101 3 4194304 2.003987430
40 20 3 4194304 2.003987554
71 33 3 4194304 2.003988080
36 122 3 4194304 2.003988193
101 66 3 4194304 2.003988255
99 84 3 4194304 2.003988814
48 15 3 4194304 2.003988946
102 81 3 4194304 2.003989088
33 47 3 4194304 2.003989128
47 78 3 4194304 2.003989384
96 110 3 4194304 2.003989829
51 10 3 4194304 2.003989838
90 7 3 4194304 2.003990542
0 83 3 4194304 2.003991151
49 100 3 4194304 2.003992045
56 83 3 4194304 2.003992220
110 65 3 4194304 2.003992298
68 19 3 4194304 2.003992594
13 4 3 4194304 2.003992909
89 46 3 4194304 2.003993425
83 1 3 4194304 2.003993914
2 53 3 4194304 2.003994502
30 78 3 4194304 2.003994591
15 6 3 4194304 2.003995201
5 41 3 4194304 2.003995286
83 118 3 4194304 2.003995391
12 27 3 4194304 2.003995622
50 39 3 4194304 2.003996195
100 0 3 4194304 2.003996535
114 81 3 4194304 2.003996616
15 92 3 4194304 2.003996620
33 18 3 4194304 2.003996874
105 80 3 4194304 2.003997187
124 82 3 4194304 2.003997366
20 54 3 4194304 2.003997488
102 55 3 4194304 2.003997763
31 103 3 4194304 2.003998022
1 102 3 4194304 2.003998078
84 111 3 4194304 2.003998285
75 33 3 4194304 2.003998401
101 100 3 4194304 2.003999183
74 66 3 4194304 2.003999439
122 117 3 4194304 2.003999886
10 3 3 4194304 2.004000133
22 30 3 4194304 2.004000470
104 78 3 4194304 2.004000717
98 43 3 4194304 2.004001058
39 52 3 4194304 2.004001541
53 8 3 4194304 2.004001646
26 71 3 4194304 2.004001703
113 35 3 4194304 2.004002809
117 103 3 4194304 2.004003071
31 48 3 4194304 2.004003908
72 45 3 4194304 2.004004380
8 52 3 4194304 2.004005075
105 17 3 4194304 2.004005220
125 35 3 4194304 2.004006025
123 27 3 4194304 2.004006141
21 7 3 4194304 2.004006646
80 56 3 4194304 2.004006651
87 20 3 4194304 2.004006778
60 117 3 4194304 2.004006843
82 70 3 4194304 2.004006929
107 64 3 4194304 2.004007189
56 109 3 4194304 2.004007222
69 126 3 4194304 2.004007669
1 78 3 4194304 2.004008117
66 106 3 4194304 2.004008419
76 25 3 4194304 2.004008549
11 95 3 4194304 2.004008572
124 112 3 4194304 2.004009143
31 86 3 4194304 2.004009180
127 11 3 4194304 2.004009197
8 101 3 4194304 2.004009445
62 82 3 4194304 2.004009880
59 75 3 4194304 2.004010006
87 7 3 4194304 2.004010351
45 54 3 4194304 2.004010706
73 30 3 4194304 2.004010918
42 126 3 4194304 2.004011060
24 35 3 4194304 2.004011167
97 21 3 4194304 2.004011329
52 63 3 4194304 2.004012178
112 108 3 4194304 2.004012476
35 113 3 4194304 2.004013066
51 123 3 4194304 2.004013436
108 95 3 4194304 2.004013843
22 100 3 4194304 2.004013889
104 5 3 4194304 2.004014181
74 38 3 4194304 2.004015278
107 76 3 4194304 2.004015332
19 5 3 4194304 2.004015856
29 8 3 4194304 2.004015908
95 112 3 4194304 2.004015992
16 108 3 4194304 2.004016233
123 51 3 4194304 2.004016268
13 37 3 4194304 2.004016304
97 27 3 4194304 2.004016444
14 33 3 4194304 2.004017026
15 115 3 4194304 2.004017133
25 13 3 4194304 2.004017160
26 33 3 4194304 2.004017391
82 74 3 4194304 2.004018359
100 44 3 4194304 2.004018527
123 49 3 4194304 2.004019325
106 107 3 4194304 2.004019648
42 66 3 4194304 2.004020437
2 117 3 4194304 2.004020510
85 102 3 4194304 2.004020709
96 102 3 4194304 2.004020788
46 18 3 4194304 2.004021034
59 31 3 4194304 2.004021106
72 53 3 4194304 2.004021439
33 75 3 4194304 2.004021801
125 0 3 4194304 2.004022412
27 45 3 4194304 2.004022419
20 41 3 4194304 2.004022801
77 17 3 4194304 2.004023095
5 53 3 4194304 2.004023750
34 95 3 4194304 2.004023896
81 38 3 4194304 2.004024121
18 25 3 4194304 2.004024125
50 88 3 4194304 2.004024173
50 61 3 4194304 2.004024398
34 127 3 4194304 2.004025756
16 41 3 4194304 2.004026011
97 117 3 4194304 2.004027027
125 24 3 4194304 2.004027045
95 15 3 4194304 2.004027071
1 13 3 4194304 2.004028420
44 97 3 4194304 2.004028849
62 99 3 4194304 2.004029107
75 63 3 4194304 2.004029408
72 110 3 4194304 2.004029777
15 76 3 4194304 2.004030195
99 55 3 4194304 2.004030976
40 16 3 4194304 2.004031177
85 42 3 4194304 2.004031741
78 53 3 4194304 2.004032103
35 12 3 4194304 2.004032173
34 28 3 4194304 2.004032342
92 61 3 4194304 2.004032380
81 12 3 4194304 2.004032785
25 100 3 4194304 2.004032827
0 15 3 4194304 2.004033103
81 102 3 4194304 2.004033103
103 25 3 4194304 2.004033258
7 54 3 4194304 2.004033546
58 23 3 4194304 2.004034249
74 108 3 4194304 2.004034519
4 0 3 4194304 2.004034802
30 5 3 4194304 2.004035125
113 77 3 4194304 2.004036029
84 23 3 4194304 2.004036292
48 5 3 4194304 2.004036322
38 1 3 4194304 2.004036400
125 5 3 4194304 2.004037164
49 7 3 4194304 2.004037274
108 28 3 4194304 2.004037389
84 125 3 4194304 2.004037485
44 67 3 4194304 2.004037486
82 12 3 4194304 2.004037535
123 57 3 4194304 2.004037710
38 89 3 4194304 2.004037757
37 125 3 4194304 2.004038025
62 66 3 4194304 2.004038444
75 105 3 4194304 2.004038683
109 30 3 4194304 2.004038747
56 48 3 4194304 2.004039745
101 24 3 4194304 2.004040388
18 110 3 4194304 2.004040659
64 49 3 4194304 2.004041228
75 7 3 4194304 2.004041342
15 87 3 4194304 2.004041470
0 11 3 4194304 2.004042753
38 52 3 4194304 2.004042795
73 65 3 4194304 2.004043384
37 111 3 4194304 2.004044414
84 91 3 4194304 2.004045180
67 123 3 4194304 2.004045190
124 92 3 4194304 2.004045197
72 36 3 4194304 2.004045493
70 111 3 4194304 2.004045585
6 51 3 4194304 2.004045638
98 109 3 4194304 2.004045955
33 63 3 4194304 2.004046235
37 99 3 4194304 2.004046342
102 4 3 4194304 2.004046449
89 26 3 4194304 2.004046644
102 72 3 4194304 2.004046907
78 82 3 4194304 2.004047155
102 90 3 4194304 2.004047973
124 89 3 4194304 2.004048146
27 66 3 4194304 2.004048720
21 37 3 4194304 2.004048749
32 27 3 4194304 2.004049722
62 104 3 4194304 2.004049737
120 71 3 4194304 2.004049805
67 114 3 4194304 2.004050720
36 66 3 4194304 2.004050802
108 125 3 4194304 2.004051173
88 67 3 4194304 2.004051481
111 42 3 4194304 2.004051488
66 99 3 4194304 2.004052110
82 72 3 4194304 2.004052144
104 7 3 4194304 2.004052381
94 122 3 4194304 2.004052570
83 53 3 4194304 2.004052960
74 15 3 4194304 2.004053122
66 78 3 4194304 2.004053740
118 38 3 4194304 2.004053765
82 117 3 4194304 2.004054011
0 112 3 4194304 2.004055122
5 115 3 4194304 2.004055216
21 123 3 4194304 2.004055487
72 112 3 4194304 2.004055789
79 42 3 4194304 2.004055993
73 7 3 4194304 2.004056028
25 64 3 4194304 2.004056035
47 2 3 4194304 2.004056469
81 23 3 4194304 2.004056547
88 86 3 4194304 2.004057133
25 113 3 4194304 2.004057661
60 80 3 4194304 2.004057757
29 39 3 4194304 2.004057792
65 91 3 4194304 2.004057795
100 63 3 4194304 2.004058547
47 95 3 4194304 2.004058699
104 45 3 4194304 2.004058966
107 91 3 4194304 2.004059004
38 10 3 4194304 2.004059495
108 66 3 4194304 2.004059512
90 53 3 4194304 2.004059518
16 88 3 4194304 2.004060067
41 62 3 4194304 2.004060868
57 34 3 4194304 2.004061038
50 49 3 4194304 2.004061132
113 4 3 4194304 2.004061263
122 110 3 4194304 2.004061301
57 66 3 4194304 2.004061416
41 70 3 4194304 2.004061760
65 106 3 4194304 2.004061978
3 28 3 4194304 2.004061988
5 109 3 4194304 2.004062025
110 119 3 4194304 2.004062434
29 86 3 4194304 2.004062444
67 35 3 4194304 2.004062640
87 18 3 4194304 2.004062643
113 96 3 4194304 2.004062814
81 56 3 4194304 2.004063048
41 89 3 4194304 2.004063108
22 71 3 4194304 2.004063569
50 83 3 4194304 2.004065199
110 12 3 4194304 2.004065459
100 9 3 4194304 2.004066709
23 127 3 4194304 2.004066766
55 74 3 4194304 2.004067155
27 32 3 4194304 2.004067209
44 114 3 4194304 2.004067249
104 44 3 4194304 2.004067370
2 76 3 4194304 2.004067890
8 33 3 4194304 2.004069079
13 10 3 4194304 2.004069158
112 18 3 4194304 2.004069713
105 87 3 4194304 2.004070330
7 78 3 4194304 2.004070441
89 10 3 4194304 2.004070476
40 100 3 4194304 2.004070488
87 72 3 4194304 2.004070767
56 61 3 4194304 2.004071241
111 75 3 4194304 2.004071813
58 41 3 4194304 2.004072034
10 44 3 4194304 2.004072303
14 44 3 4194304 2.004072851
36 10 3 4194304 2.004072987
100 25 3 4194304 2.004073813
6 42 3 4194304 2.004073881
106 54 3 4194304 2.004074487
92 57 3 4194304 2.004074536
106 9 3 4194304 2.004074737
30 73 3 4194304 2.004074739
18 111 3 4194304 2.004075069
9 113 3 4194304 2.004075357
94 99 3 4194304 2.004075389
69 24 3 4194304 2.004075580
32 50 3 4194304 2.004076625
97 23 3 4194304 2.004076687
35 102 3 4194304 2.004077633
105 26 3 4194304 2.004077748
103 124 3 4194304 2.004077832
21 40 3 4194304 2.004077953
119 105 3 4194304 2.004078118
34 74 3 4194304 2.004078699
7 4 3 4194304 2.004078725
107 125 3 4194304 2.004079012
100 88 3 4194304 2.004079844
28 21 3 4194304 2.004080093
84 36 3 4194304 2.004080730
46 29 3 4194304 2.004080793
28 105 3 4194304 2.004080825
89 75 3 4194304 2.004081347
24 100 3 4194304 2.004081489
104 8 3 4194304 2.004082130
62 83 3 4194304 2.004082149
92 49 3 4194304 2.004082223
44 119 3 4194304 2.004082555
38 40 3 4194304 2.004083442
29 80 3 4194304 2.004084386
121 15 3 4194304 2.004084435
47 58 3 4194304 2.004084638
101 112 3 4194304 2.004085024
88 116 3 4194304 2.004085967
120 115 3 4194304 2.004085985
16 30 3 4194304 2.004086140
32 110 3 4194304 2.004087431
105 125 3 4194304 2.004088016
51 113 3 4194304 2.004088433
69 71 3 4194304 2.004088608
43 17 3 4194304 2.004088750
101 94 3 4194304 2.004088793
78 96 3 4194304 2.004088842
80 55 3 4194304 2.004088900
30 74 3 4194304 2.004089165
95 26 3 4194304 2.004089364
82 101 3 4194304 2.004089490
111 124 3 4194304 2.004089667
64 26 3 4194304 2.004090107
99 48 3 4194304 2.004090238
114 104 3 4194304 2.004090523
53 29 3 4194304 2.004092161
76 115 3 4194304 2.004092570
92 79 3 4194304 2.004092624
41 48 3 4194304 2.004092741
103 26 3 4194304 2.004092923
15 1 3 4194304 2.004093675
1 62 3 4194304 2.004094247
2 58 3 4194304 2.004094306
9 77 3 4194304 2.004095111
124 34 3 4194304 2.004095462
0 75 3 4194304 2.004095737
7 28 3 4194304 2.004095765
107 38 3 4194304 2.004097243
118 45 3 4194304 2.004097354
59 110 3 4194304 2.004097379
118 104 3 4194304 2.004097635
126 61 3 4194304 2.004097994
115 38 3 4194304 2.004098077
45 4 3 4194304 2.004098603
74 83 3 4194304 2.004098726
14 12 3 4194304 2.004099313
2 24 3 4194304 2.004099569
76 9 3 4194304 2.004099616
25 32 3 4194304 2.004100153
84 40 3 4194304 2.004100317
35 15 3 4194304 2.004100469
74 92 3 4194304 2.004100471
114 6 3 4194304 2.004101065
69 94 3 4194304 2.004101775
89 114 3 4194304 2.004101929
51 83 3 4194304 2.004102074
90 118 3 4194304 2.004102698
55 127 3 4194304 2.004103006
86 116 3 4194304 2.004103879
30 122 3 4194304 2.004104858
125 32 3 4194304 2.004105240
97 61 3 4194304 2.004105320
13 18 3 4194304 2.004105816
105 100 3 4194304 2.004106095
47 111 3 4194304 2.004106098
0 31 3 4194304 2.004106115
8 91 3 4194304 2.004106157
38 99 3 4194304 2.004106503
28 23 3 4194304 2.004106805
29 108 3 4194304 2.004106922
72 92 3 4194304 2.004107044
34 99 3 4194304 2.004107467
59 74 3 4194304 2.004107705
112 126 3 4194304 2.004108010
102 12 3 4194304 2.004108132
14 17 3 4194304 2.004108489
21 103 3 4194304 2.004108719
10 123 3 4194304 2.004108799
5 52 3 4194304 2.004108931
107 94 3 4194304 2.004109082
1 19 3 4194304 2.004109123
91 93 3 4194304 2.004109508
15 91 3 4194304 2.004109655
121 49 3 4194304 2.004111333
12 104 3 4194304 2.004112221
38 3 3 4194304 2.004112454
8 93 3 4194304 2.004112509
117 87 3 4194304 2.004112613
55 113 3 4194304 2.004112832
55 24 3 4194304 2.004112900
118 54 3 4194304 2.004113329
116 28 3 4194304 2.004113495
81 110 3 4194304 2.004114443
80 112 3 4194304 2.004115267
77 105 3 4194304 2.004115320
10 4 3 4194304 2.004116743
67 51 3 4194304 2.004116783
3 95 3 4194304 2.004116828
68 16 3 4194304 2.004117398
99 19 3 4194304 2.004117634
79 88 3 4194304 2.004117708
39 64 3 4194304 2.004117829
109 92 3 4194304 2.004118165
20 77 3 4194304 2.004118270
71 109 3 4194304 2.004118611
116 7 3 4194304 2.004118627
32 76 3 4194304 2.004118674
102 116 3 4194304 2.004118749
26 38 3 4194304 2.004118789
71 80 3 4194304 2.004119613
13 40 3 4194304 2.004120089
110 89 3 4194304 2.004120340
61 48 3 4194304 2.004120410
9 47 3 4194304 2.004121462
51 25 3 4194304 2.004121929
34 39 3 4194304 2.004122053
55 18 3 4194304 2.004122076
61 0 3 4194304 2.004122089
89 14 3 4194304 2.004122108
48 125 3 4194304 2.004122159
10 127 3 4194304 2.004122320
108 126 3 4194304 2.004122853
43 63 3 4194304 2.004123303
2 97 3 4194304 2.004123457
50 21 3 4194304 2.004124163
4 84 3 4194304 2.004124383
94 106 3 4194304 2.004124535
49 43 3 4194304 2.004124697
73 53 3 4194304 2.004125586
22 76 3 4194304 2.004126014
62 23 3 4194304 2.004126554
100 104 3 4194304 2.004126858
28 111 3 4194304 2.004127161
11 122 3 4194304 2.004127767
27 55 3 4194304 2.004127925
71 94 3 4194304 2.004128443
81 10 3 4194304 2.004128457
14 7 3 4194304 2.004128472
90 39 3 4194304 2.004128584
36 29 3 4194304 2.004128989
120 32 3 4194304 2.004129162
87 84 3 4194304 2.004129409
29 121 3 4194304 2.004129596
90 70 3 4194304 2.004129815
116 47 3 4194304 2.004130218
41 14 3 4194304 2.004130402
15 103 3 4194304 2.004130411
14 119 3 4194304 2.004130545
100 29 3 4194304 2.004130628
3 4 3 4194304 2.004130695
18 14 3 4194304 2.004131110
29 14 3 4194304 2.004131295
21 41 3 4194304 2.004131792
39 15 3 4194304 2.004131835
21 88 3 4194304 2.004131935
64 36 3 4194304 2.004131984
24 116 3 4194304 2.004132914
20 5 3 4194304 2.004133458
122 4 3 4194304 2.004134131
106 77 3 4194304 2.004134715
91 87 3 4194304 2.004134763
76 10 3 4194304 2.004134802
84 67 3 4194304 2.004135072
60 14 3 4194304 2.004135332
67 3 3 4194304 2.004135406
12 78 3 4194304 2.004135509
93 77 3 4194304 2.004135899
111 3 3 4194304 2.004136072
67 88 3 4194304 2.004136492
106 118 3 4194304 2.004137242
50 34 3 4194304 2.004137348
111 48 3 4194304 2.004137397
91 121 3 4194304 2.004137452
118 126 3 4194304 2.004137454
2 33 3 4194304 2.004137553
32 0 3 4194304 2.004137950
97 41 3 4194304 2.004137982
51 19 3 4194304 2.004138229
115 102 3 4194304 2.004138270
112 78 3 4194304 2.004138315
43 110 3 4194304 2.004138426
89 84 3 4194304 2.004139049
91 94 3 4194304 2.004139094
16 107 3 4194304 2.004139530
75 126 3 4194304 2.004139583
119 40 3 4194304 2.004139669
30 108 3 4194304 2.004139810
85 88 3 4194304 2.004139889
24 77 3 4194304 2.004140196
111 94 3 4194304 2.004140440
21 34 3 4194304 2.004141323
54 48 3 4194304 2.004141581
68 21 3 4194304 2.004141972
12 29 3 4194304 2.004142064
27 71 3 4194304 2.004143212
113 18 3 4194304 2.004143218
54 117 3 4194304 2.004143276
94 2 3 4194304 2.004143396
23 102 3 4194304 2.004144429
31 21 3 4194304 2.004144430
64 125 3 4194304 2.004144433
124 113 3 4194304 2.004144614
1 66 3 4194304 2.004144770
22 85 3 4194304 2.004147161
81 54 3 4194304 2.004147487
88 50 3 4194304 2.004147687
1 41 3 4194304 2.004147779
120 110 3 4194304 2.004147935
20 21 3 4194304 2.004148396
42 21 3 4194304 2.004148687
55 13 3 4194304 2.004148947
27 106 3 4194304 2.004148989
38 55 3 4194304 2.004149059
51 120 3 4194304 2.004149190
92 98 3 4194304 2.004149191
32 19 3 4194304 2.004149204
92 44 3 4194304 2.004149407
8 22 3 4194304 2.004149428
71 7 3 4194304 2.004149508
66 57 3 4194304 2.004149631
60 96 3 4194304 2.004149663
99 25 3 4194304 2.004150276
30 123 3 4194304 2.004151093
5 25 3 4194304 2.004151183
71 42 3 4194304 2.004151266
85 39 3 4194304 2.004151377
119 12 3 4194304 2.004151847
0 20 3 4194304 2.004152349
86 87 3 4194304 2.004152383
103 6 3 4194304 2.004152659
20 47 3 4194304 2.004152796
125 59 3 4194304 2.004153030
100 124 3 4194304 2.004153167
0 41 3 4194304 2.004153188
28 87 3 4194304 2.004153286
74 47 3 4194304 2.004153362
104 60 3 4194304 2.004153698
98 76 3 4194304 2.004153821
94 59 3 4194304 2.004154538
81 35 3 4194304 2.004155088
52 5 3 4194304 2.004155715
20 59 3 4194304 2.004156349
33 50 3 4194304 2.004156840
59 48 3 4194304 2.004157128
89 80 3 4194304 2.004157619
88 127 3 4194304 2.004157639
87 112 3 4194304 2.004157803
81 67 3 4194304 2.004158303
12 26 3 4194304 2.004158736
15 63 3 4194304 2.004159306
42 38 3 4194304 2.004159356
91 56 3 4194304 2.004160081
94 40 3 4194304 2.004160936
32 66 3 4194304 2.004161138
45 52 3 4194304 2.004161287
25 11 3 4194304 2.004161491
23 99 3 4194304 2.004161679
66 87 3 4194304 2.004162281
92 76 3 4194304 2.004162354
112 74 3 4194304 2.004162524
4 127 3 4194304 2.004162726
18 112 3 4194304 2.004163214
49 126 3 4194304 2.004163879
115 52 3 4194304 2.004164061
113 11 3 4194304 2.004164399
61 27 3 4194304 2.004164818
59 79 3 4194304 2.004164970
81 25 3 4194304 2.004165017
5 26 3 4194304 2.004165684
86 103 3 4194304 2.004166117
87 41 3 4194304 2.004166797
94 97 3 4194304 2.004167713
118 5 3 4194304 2.004168160
37 22 3 4194304 2.004168709
54 51 3 4194304 2.004169621
10 26 3 4194304 2.004170338
0 68 3 4194304 2.004170772
43 47 3 4194304 2.004171370
107 2 3 4194304 2.004171730
18 52 3 4194304 2.004171910
8 103 3 4194304 2.004172005
118 109 3 4194304 2.004172326
9 63 3 4194304 2.004172619
26 54 3 4194304 2.004173440
53 55 3 4194304 2.004173820
71 88 3 4194304 2.004174031
105 95 3 4194304 2.004175111
56 13 3 4194304 2.004175254
16 82 3 4194304 2.004175491
97 92 3 4194304 2.004175661
4 6 3 4194304 2.004175809
94 48 3 4194304 2.004176517
91 10 3 4194304 2.004176572
120 62 3 4194304 2.004177032
18 104 3 4194304 2.004177127
32 97 3 4194304 2.004177259
95 103 3 4194304 2.004177318
97 3 3 4194304 2.004177323
23 123 3 4194304 2.004177339
29 96 3 4194304 2.004177446
27 29 3 4194304 2.004178020
88 95 3 4194304 2.004178054
96 98 3 4194304 2.004178061
75 112 3 4194304 2.004178411
54 119 3 4194304 2.004178530
0 125 3 4194304 2.004178739
109 67 3 4194304 2.004178927
0 89 3 4194304 2.004179018
9 123 3 4194304 2.004179222
122 88 3 4194304 2.004179362
126 40 3 4194304 2.004179707
52 18 3 4194304 2.004180250
51 69 3 4194304 2.004180549
105 103 3 4194304 2.004180550
64 126 3 4194304 2.004180587
21 65 3 4194304 2.004180640
124 29 3 4194304 2.004180656
30 37 3 4194304 2.004180657
88 48 3 4194304 2.004180738
3 94 3 4194304 2.004180768
114 20 3 4194304 2.004181392
123 15 3 4194304 2.004181499
73 52 3 4194304 2.004181698
126 37 3 4194304 2.004182415
75 83 3 4194304 2.004182546
104 27 3 4194304 2.004182964
54 56 3 4194304 2.004183017
18 47 3 4194304 2.004183846
125 42 3 4194304 2.004184735
10 117 3 4194304 2.004184933
13 94 3 4194304 2.004185269
10 8 3 4194304 2.004185592
22 80 3 4194304 2.004186639
92 102 3 4194304 2.004186947
71 54 3 4194304 2.004187110
54 38 3 4194304 2.004187128
10 82 3 4194304 2.004187375
112 91 3 4194304 2.004188079
10 33 3 4194304 2.004188234
83 45 3 4194304 2.004188281
104 99 3 4194304 2.004188604
28 81 3 4194304 2.004189079
71 105 3 4194304 2.004189568
40 65 3 4194304 2.004189636
14 10 3 4194304 2.004189813
116 10 3 4194304 2.004190234
72 5 3 4194304 2.004190420
117 84 3 4194304 2.004190477
4 92 3 4194304 2.004190570
57 82 3 4194304 2.004190666
110 27 3 4194304 2.004192414
43 14 3 4194304 2.004192507
68 126 3 4194304 2.004192555
110 26 3 4194304 2.004192556
121 89 3 4194304 2.004192844
18 3 3 4194304 2.004193060
103 40 3 4194304 2.004193093
22 15 3 4194304 2.004193968
90 15 3 4194304 2.004194315
61 64 3 4194304 2.004194965
108 120 3 4194304 2.004195088
9 120 3 4194304 2.004195182
40 127 3 4194304 2.004195511
49 70 3 4194304 2.004196010
61 35 3 4194304 2.004196290
121 68 3 4194304 2.004196701
4 117 3 4194304 2.004196757
54 99 3 4194304 2.004196927
84 103 3 4194304 2.004196966
123 71 3 4194304 2.004197007
22 99 3 4194304 2.004197560
58 108 3 4194304 2.004197665
23 75 3 4194304 2.004198089
48 78 3 4194304 2.004199408
34 78 3 4194304 2.004199506
61 31 3 4194304 2.004199649
17 32 3 4194304 2.004199819
16 89 3 4194304 2.004200282
72 99 3 4194304 2.004200418
127 105 3 4194304 2.004200797
51 53 3 4194304 2.004200892
16 12 3 4194304 2.004201222
101 125 3 4194304 2.004201309
95 76 3 4194304 2.004202229
70 97 3 4194304 2.004202456
15 114 3 4194304 2.004202885
83 108 3 4194304 2.004203118
18 88 3 4194304 2.004203270
11 69 3 4194304 2.004203308
21 20 3 4194304 2.004203334
54 21 3 4194304 2.004203339
109 14 3 4194304 2.004203502
87 85 3 4194304 2.004203697
75 11 3 4194304 2.004203845
120 7 3 4194304 2.004203944
30 51 3 4194304 2.004204195
23 52 3 4194304 2.004204391
105 46 3 4194304 2.004205178
48 82 3 4194304 2.004205747
24 11 3 4194304 2.004206128
80 66 3 4194304 2.004206267
107 89 3 4194304 2.004206398
54 19 3 4194304 2.004206663
37 16 3 4194304 2.004206920
116 57 3 4194304 2.004207572
75 89 3 4194304 2.004207603
41 22 3 4194304 2.004207622
105 83 3 4194304 2.004208350
109 49 3 4194304 2.004208457
46 96 3 4194304 2.004208740
1 33 3 4194304 2.004209405
9 2 3 4194304 2.004209579
11 113 3 4194304 2.004209584
17 61 3 4194304 2.004209616
57 63 3 4194304 2.004209801
52 53 3 4194304 2.004209929
63 30 3 4194304 2.004210134
105 120 3 4194304 2.004210273
93 117 3 4194304 2.004210326
48 114 3 4194304 2.004210391
38 60 3 4194304 2.004210758
52 95 3 4194304 2.004211343
12 123 3 4194304 2.004211568
115 109 3 4194304 2.004211704
76 112 3 4194304 2.004211785
102 79 3 4194304 2.004211960
92 52 3 4194304 2.004212156
104 80 3 4194304 2.004212238
93 57 3 4194304 2.004212304
55 96 3 4194304 2.004212828
80 49 3 4194304 2.004213175
107 114 3 4194304 2.004213521
50 4 3 4194304 2.004214427
2 62 3 4194304 2.004214432
95 35 3 4194304 2.004214473
116 14 3 4194304 2.004214624
34 1 3 4194304 2.004215433
27 1 3 4194304 2.004215530
65 28 3 4194304 2.004215557
20 4 3 4194304 2.004215637
93 74 3 4194304 2.004216498
57 33 3 4194304 2.004216887
51 29 3 4194304 2.004217059
91 75 3 4194304 2.004217461
37 40 3 4194304 2.004217464
6 66 3 4194304 2.004217813
96 51 3 4194304 2.004218002
67 77 3 4194304 2.004219507
22 28 3 4194304 2.004219511
53 65 3 4194304 2.004220334
86 111 3 4194304 2.004220956
84 78 3 4194304 2.004221338
15 8 3 4194304 2.004221357
27 109 3 4194304 2.004221973
12 101 3 4194304 2.004221976
72 119 3 4194304 2.004222376
40 46 3 4194304 2.004222491
11 86 3 4194304 2.004223221
12 60 3 4194304 2.004223889
24 18 3 4194304 2.004223922
71 122 3 4194304 2.004225661
127 5 3 4194304 2.004228935
64 73 3 4194304 2.004230310
30 76 3 4194304 2.004230635
47 80 3 4194304 2.004230823
29 74 3 4194304 2.004231289
0 1 3 4194304 2.004231427
74 114 3 4194304 2.004231587
95 64 3 4194304 2.004231702
51 78 3 4194304 2.004232180
61 5 3 4194304 2.004232236
47 68 3 4194304 2.004232355
91 69 3 4194304 2.004232479
68 69 3 4194304 2.004232957
107 92 3 4194304 2.004233292
108 119 3 4194304 2.004233655
71 117 3 4194304 2.004233802
124 77 3 4194304 2.004233862
86 66 3 4194304 2.004234060
69 13 3 4194304 2.004234335
29 40 3 4194304 2.004234711
95 90 3 4194304 2.004235255
78 105 3 4194304 2.004235863
91 77 3 4194304 2.004236338
126 20 3 4194304 2.004236695
83 110 3 4194304 2.004236851
63 16 3 4194304 2.004237093
61 116 3 4194304 2.004237315
115 43 3 4194304 2.004237807
106 79 3 4194304 2.004238021
111 121 3 4194304 2.004238030
83 41 3 4194304 2.004238241
2 20 3 4194304 2.004238309
31 81 3 4194304 2.004238730
125 104 3 4194304 2.004239347
76 57 3 4194304 2.004239396
9 57 3 4194304 2.004239608
24 48 3 4194304 2.004240062
28 118 3 4194304 2.004240289
1 32 3 4194304 2.004240508
52 107 3 4194304 2.004241880
51 73 3 4194304 2.004242094
54 5 3 4194304 2.004242260
81 45 3 4194304 2.004242282
29 106 3 4194304 2.004242365
105 12 3 4194304 2.004242666
4 53 3 4194304 2.004242842
1 64 3 4194304 2.004243202
0 105 3 4194304 2.004243346
110 40 3 4194304 2.004244170
43 93 3 4194304 2.004244405
76 31 3 4194304 2.004244647
94 103 3 4194304 2.004244867
20 118 3 4194304 2.004245223
123 44 3 4194304 2.004245314
14 70 3 4194304 2.004245735
70 71 3 4194304 2.004245960
100 13 3 4194304 2.004246764
127 114 3 4194304 2.004246905
3 58 3 4194304 2.004247107
125 85 3 4194304 2.004247159
99 13 3 4194304 2.004247839
44 21 3 4194304 2.004247902
102 99 3 4194304 2.004248586
34 50 3 4194304 2.004248875
120 95 3 4194304 2.004249620
50 63 3 4194304 2.004249696
62 1 3 4194304 2.004250205
4 16 3 4194304 2.004250250
19 2 3 4194304 2.004250741
6 105 3 4194304 2.004250986
73 92 3 4194304 2.004251043
79 120 3 4194304 2.004251108
120 126 3 4194304 2.004251447
13 93 3 4194304 2.004251729
124 117 3 4194304 2.004251769
126 38 3 4194304 2.004252141
70 105 3 4194304 2.004252319
4 35 3 4194304 2.004252417
120 11 3 4194304 2.004252549
111 89 3 4194304 2.004252849
60 97 3 4194304 2.004252940
59 82 3 4194304 2.004253095
35 43 3 4194304 2.004253421
42 16 3 4194304 2.004253641
40 90 3 4194304 2.004253683
40 97 3 4194304 2.004253830
108 90 3 4194304 2.004253862
48 83 3 4194304 2.004253966
49 97 3 4194304 2.004254080
32 44 3 4194304 2.004254647
28 40 3 4194304 2.004254949
114 50 3 4194304 2.004255024
40 26 3 4194304 2.004255150
27 99 3 4194304 2.004255218
36 22 3 4194304 2.004256087
98 86 3 4194304 2.004256220
63 52 3 4194304 2.004256518
82 87 3 4194304 2.004256893
26 58 3 4194304 2.004256963
39 13 3 4194304 2.004257065
93 75 3 4194304 2.004257301
17 124 3 4194304 2.004257410
123 108 3 4194304 2.004257587
58 65 3 4194304 2.004257842
63 100 3 4194304 2.004258193
4 76 3 4194304 2.004258230
38 2 3 4194304 2.004258591
90 33 3 4194304 2.004260269
77 68 3 4194304 2.004260390
92 65 3 4194304 2.004260588
85 122 3 4194304 2.004260799
111 23 3 4194304 2.004261547
25 59 3 4194304 2.004261623
75 64 3 4194304 2.004261798
97 109 3 4194304 2.004262195
38 7 3 4194304 2.004262235
47 1 3 4194304 2.004262263
68 65 3 4194304 2.004262414
45 112 3 4194304 2.004262992
124 80 3 4194304 2.004263003
75 8 3 4194304 2.004263086
81 116 3 4194304 2.004263913
38 54 3 4194304 2.004264187
39 14 3 4194304 2.004264258
50 116 3 4194304 2.004264554
74 57 3 4194304 2.004265780
62 30 3 4194304 2.004266498
115 125 3 4194304 2.004266635
83 40 3 4194304 2.004267156
40 77 3 4194304 2.004267271
43 97 3 4194304 2.004267288
108 103 3 4194304 2.004267551
39 53 3 4194304 2.004267862
21 38 3 4194304 2.004268104
0 102 3 4194304 2.004268153
10 57 3 4194304 2.004268219
60 112 3 4194304 2.004268444
30 106 3 4194304 2.004269025
119 72 3 4194304 2.004269192
49 91 3 4194304 2.004269455
86 99 3 4194304 2.004270043
99 3 3 4194304 2.004270133
1 126 3 4194304 2.004270282
122 83 3 4194304 2.004270776
65 115 3 4194304 2.004271330
50 112 3 4194304 2.004271383
97 89 3 4194304 2.004271696
127 56 3 4194304 2.004271702
88 90 3 4194304 2.004273133
114 101 3 4194304 2.004273397
26 101 3 4194304 2.004273412
81 11 3 4194304 2.004274130
87 95 3 4194304 2.004274404
41 28 3 4194304 2.004274754
55 30 3 4194304 2.004274818
85 17 3 4194304 2.004275373
25 110 3 4194304 2.004275404
11 118 3 4194304 2.004275527
119 74 3 4194304 2.004276252
29 16 3 4194304 2.004276449
53 80 3 4194304 2.004276806
17 16 3 4194304 2.004276843
35 111 3 4194304 2.004276884
44 74 3 4194304 2.004277453
54 127 3 4194304 2.004277691
48 107 3 4194304 2.004277946
78 38 3 4194304 2.004278126
33 5 3 4194304 2.004278722
59 12 3 4194304 2.004278931
2 105 3 4194304 2.004279155
59 33 3 4194304 2.004279279
29 111 3 4194304 2.004279971
9 75 3 4194304 2.004280437
57 95 3 4194304 2.004280449
91 35 3 4194304 2.004280995
20 44 3 4194304 2.004281021
1 127 3 4194304 2.004281041
73 51 3 4194304 2.004281319
111 108 3 4194304 2.004281553
11 59 3 4194304 2.004281597
36 55 3 4194304 2.004281705
90 0 3 4194304 2.004281974
120 51 3 4194304 2.004282465
56 125 3 4194304 2.004282740
97 38 3 4194304 2.004282838
97 65 3 4194304 2.004283014
34 106 3 4194304 2.004283079
50 77 3 4194304 2.004283430
20 60 3 4194304 2.004283685
74 43 3 4194304 2.004283707
87 75 3 4194304 2.004284328
17 81 3 4194304 2.004284535
75 108 3 4194304 2.004284644
115 71 3 4194304 2.004284657
118 100 3 4194304 2.004284735
111 52 3 4194304 2.004284917
119 22 3 4194304 2.004285446
31 100 3 4194304 2.004285713
102 103 3 4194304 2.004285971
25 86 3 4194304 2.004286148
62 93 3 4194304 2.004286392
65 105 3 4194304 2.004286550
112 53 3 4194304 2.004286624
89 6 3 4194304 2.004286971
44 88 3 4194304 2.004287009
97 11 3 4194304 2.004287037
57 35 3 4194304 2.004287172
12 19 3 4194304 2.004287328
42 31 3 4194304 2.004287512
31 79 3 4194304 2.004287673
98 88 3 4194304 2.004287758
27 84 3 4194304 2.004288051
9 46 3 4194304 2.004288622
14 28 3 4194304 2.004289388
38 59 3 4194304 2.004290258
120 29 3 4194304 2.004290516
33 78 3 4194304 2.004290728
97 43 3 4194304 2.004291013
125 55 3 4194304 2.004291349
84 3 3 4194304 2.004291656
101 4 3 4194304 2.004291706
112 5 3 4194304 2.004292050
94 12 3 4194304 2.004292102
15 46 3 4194304 2.004292119
123 61 3 4194304 2.004292239
48 120 3 4194304 2.004292403
35 101 3 4194304 2.004293578
118 52 3 4194304 2.004293765
86 75 3 4194304 2.004293816
100 119 3 4194304 2.004293893
42 2 3 4194304 2.004294300
88 71 3 4194304 2.004294625
98 70 3 4194304 2.004294644
32 121 3 4194304 2.004295043
59 52 3 4194304 2.004295709
127 115 3 4194304 2.004295852
113 47 3 4194304 2.004296297
3 27 3 4194304 2.004296396
95 21 3 4194304 2.004296599
61 94 3 4194304 2.004296656
83 85 3 4194304 2.004296820
65 47 3 4194304 2.004296990
0 61 3 4194304 2.004297122
126 34 3 4194304 2.004297203
48 112 3 4194304 2.004297241
103 69 3 4194304 2.004297677
16 67 3 4194304 2.004297770
122 89 3 4194304 2.004298526
56 17 3 4194304 2.004298532
30 46 3 4194304 2.004298680
53 16 3 4194304 2.004298871
18 96 3 4194304 2.004299269
116 103 3 4194304 2.004299324
47 48 3 4194304 2.004300016
37 106 3 4194304 2.004300521
62 73 3 4194304 2.004300992
31 18 3 4194304 2.004301388
113 58 3 4194304 2.004301893
38 30 3 4194304 2.004301963
120 25 3 4194304 2.004302022
56 54 3 4194304 2.004302348
94 89 3 4194304 2.004302478
87 64 3 4194304 2.004302986
81 79 3 4194304 2.004303337
53 89 3 4194304 2.004304469
25 96 3 4194304 2.004304481
113 16 3 4194304 2.004304905
61 107 3 4194304 2.004305790
122 11 3 4194304 2.004305985
68 44 3 4194304 2.004306059
116 23 3 4194304 2.004307228
59 80 3 4194304 2.004307230
117 102 3 4194304 2.004307343
17 102 3 4194304 2.004307595
123 17 3 4194304 2.004307934
53 70 3 4194304 2.004307997
76 53 3 4194304 2.004308525
121 111 3 4194304 2.004308662
43 95 3 4194304 2.004308663
47 63 3 4194304 2.004308816
45 109 3 4194304 2.004308974
36 111 3 4194304 2.004309045
18 23 3 4194304 2.004309229
122 1 3 4194304 2.004309331
48 97 3 4194304 2.004309455
31 114 3 4194304 2.004310016
49 96 3 4194304 2.004310169
18 0 3 4194304 2.004310350
64 39 3 4194304 2.004310487
29 85 3 4194304 2.004310881
58 73 3 4194304 2.004311328
71 55 3 4194304 2.004311415
30 80 3 4194304 2.004311447
68 56 3 4194304 2.004311683
70 19 3 4194304 2.004312253
88 68 3 4194304 2.004312574
107 28 3 4194304 2.004312893
0 72 3 4194304 2.004313327
92 40 3 4194304 2.004313334
114 88 3 4194304 2.004314257
71 14 3 4194304 2.004314685
2 57 3 4194304 2.004315023
95 102 3 4194304 2.004315046
16 66 3 4194304 2.004315152
96 46 3 4194304 2.004315225
103 74 3 4194304 2.004315553
50 114 3 4194304 2.004315780
24 107 3 4194304 2.004315938
47 123 3 4194304 2.004316053
84 34 3 4194304 2.004316209
30 119 3 4194304 2.004316465
110 18 3 4194304 2.004316531
113 51 3 4194304 2.004316929
46 65 3 4194304 2.004317529
24 115 3 4194304 2.004317551
51 95 3 4194304 2.004318080
11 31 3 4194304 2.004318219
123 0 3 4194304 2.004318277
83 79 3 4194304 2.004318511
106 87 3 4194304 2.004318670
43 8 3 4194304 2.004318741
22 127 3 4194304 2.004318755
27 43 3 4194304 2.004318763
16 53 3 4194304 2.004319015
70 80 3 4194304 2.004319619
15 64 3 4194304 2.004320088
77 37 3 4194304 2.004320375
57 77 3 4194304 2.004320638
44 20 3 4194304 2.004320775
119 6 3 4194304 2.004320785
114 16 3 4194304 2.004321686
99 52 3 4194304 2.004321709
62 100 3 4194304 2.004323112
78 74 3 4194304 2.004323749
89 44 3 4194304 2.004323762
81 119 3 4194304 2.004324092
15 79 3 4194304 2.004324677
31 11 3 4194304 2.004324722
21 104 3 4194304 2.004324836
32 112 3 4194304 2.004326117
31 98 3 4194304 2.004326708
93 30 3 4194304 2.004326834
82 91 3 4194304 2.004326915
87 48 3 4194304 2.004327031
113 28 3 4194304 2.004327153
11 80 3 4194304 2.004328081
120 8 3 4194304 2.004328304
46 76 3 4194304 2.004328625
95 1 3 4194304 2.004329180
25 49 3 4194304 2.004329233
68 122 3 4194304 2.004329268
7 125 3 4194304 2.004330208
27 122 3 4194304 2.004330364
63 62 3 4194304 2.004330411
96 81 3 4194304 2.004330474
82 31 3 4194304 2.004330776
15 25 3 4194304 2.004330913
97 116 3 4194304 2.004331130
17 92 3 4194304 2.004331731
18 61 3 4194304 2.004331963
72 91 3 4194304 2.004332091
81 47 3 4194304 2.004333403
104 0 3 4194304 2.004333976
119 8 3 4194304 2.004333991
67 90 3 4194304 2.004334550
77 112 3 4194304 2.004335083
25 33 3 4194304 2.004335086
29 63 3 4194304 2.004336582
52 76 3 4194304 2.004337743
56 117 3 4194304 2.004337759
69 47 3 4194304 2.004337762
52 86 3 4194304 2.004338016
80 85 3 4194304 2.004338075
50 62 3 4194304 2.004338160
113 127 3 4194304 2.004338182
21 24 3 4194304 2.004338887
19 71 3 4194304 2.004338935
105 66 3 4194304 2.004339211
7 104 3 4194304 2.004339506
0 91 3 4194304 2.004339575
28 83 3 4194304 2.004339623
124 118 3 4194304 2.004340529
74 81 3 4194304 2.004340620
66 5 3 4194304 2.004340630
61 106 3 4194304 2.004340651
9 70 3 4194304 2.004340825
55 25 3 4194304 2.004341123
34 13 3 4194304 2.004341160
64 50 3 4194304 2.004341497
119 95 3 4194304 2.004341710
82 10 3 4194304 2.004341929
20 34 3 4194304 2.004341982
107 121 3 4194304 2.004342072
87 33 3 4194304 2.004342233
98 119 3 4194304 2.004342403
112 55 3 4194304 2.004342686
6 71 3 4194304 2.004342838
46 10 3 4194304 2.004343099
3 55 3 4194304 2.004343126
42 101 3 4194304 2.004343881
82 116 3 4194304 2.004345274
17 114 3 4194304 2.004345426
73 77 3 4194304 2.004345831
1 115 3 4194304 2.004346137
72 62 3 4194304 2.004346365
76 127 3 4194304 2.004346585
127 35 3 4194304 2.004346681
4 1 3 4194304 2.004347210
109 32 3 4194304 2.004347505
21 23 3 4194304 2.004347679
63 65 3 4194304 2.004347862
5 58 3 4194304 2.004348258
38 106 3 4194304 2.004348397
67 87 3 4194304 2.004349693
37 41 3 4194304 2.004350220
106 6 3 4194304 2.004350671
97 17 3 4194304 2.004350678
90 64 3 4194304 2.004350742
93 44 3 4194304 2.004350799
4 68 3 4194304 2.004351021
111 92 3 4194304 2.004351450
62 60 3 4194304 2.004351559
70 115 3 4194304 2.004351563
90 61 3 4194304 2.004351723
123 91 3 4194304 2.004352398
56 87 3 4194304 2.004352709
24 123 3 4194304 2.004352824
60 120 3 4194304 2.004353261
50 9 3 4194304 2.004353354
28 15 3 4194304 2.004353360
127 69 3 4194304 2.004353490
28 34 3 4194304 2.004353814
94 126 3 4194304 2.004354534
51 42 3 4194304 2.004354591
68 120 3 4194304 2.004355303
74 27 3 4194304 2.004355400
23 38 3 4194304 2.004355469
4 12 3 4194304 2.004355617
14 64 3 4194304 2.004355646
90 115 3 4194304 2.004355871
109 73 3 4194304 2.004355980
99 6 3 4194304 2.004356308
44 73 3 4194304 2.004356313
106 33 3 4194304 2.004356508
104 115 3 4194304 2.004356524
118 42 3 4194304 2.004356899
19 22 3 4194304 2.004357060
95 44 3 4194304 2.004357228
55 34 3 4194304 2.004357236
41 29 3 4194304 2.004357695
88 112 3 4194304 2.004357817
87 119 3 4194304 2.004358048
15 96 3 4194304 2.004358178
46 20 3 4194304 2.004358347
46 75 3 4194304 2.004358463
60 26 3 4194304 2.004359501
56 112 3 4194304 2.004359568
79 67 3 4194304 2.004359622
71 10 3 4194304 2.004359637
80 76 3 4194304 2.004359672
37 29 3 4194304 2.004359905
98 103 3 4194304 2.004359909
108 15 3 4194304 2.004359913
73 26 3 4194304 2.004359921
6 122 3 4194304 2.004360142
42 64 3 4194304 2.004360661
53 57 3 4194304 2.004360669
11 67 3 4194304 2.004360951
95 71 3 4194304 2.004361190
9 109 3 4194304 2.004361299
111 106 3 4194304 2.004361436
44 36 3 4194304 2.004361714
15 43 3 4194304 2.004362235
77 46 3 4194304 2.004362336
13 44 3 4194304 2.004362854
57 87 3 4194304 2.004363233
13 52 3 4194304 2.004363286
0 127 3 4194304 2.004363375
110 68 3 4194304 2.004363413
108 30 3 4194304 2.004363913
96 127 3 4194304 2.004364140
113 21 3 4194304 2.004364887
14 13 3 4194304 2.004365145
77 87 3 4194304 2.004365224
12 16 3 4194304 2.004365244
8 122 3 4194304 2.004365484
17 79 3 4194304 2.004365604
35 40 3 4194304 2.004366203
96 33 3 4194304 2.004366221
124 57 3 4194304 2.004366740
21 29 3 4194304 2.004366884
39 55 3 4194304 2.004366964
89 0 3 4194304 2.004367523
87 60 3 4194304 2.004368906
16 114 3 4194304 2.004369760
78 21 3 4194304 2.004369822
53 13 3 4194304 2.004370301
73 91 3 4194304 2.004370805
35 18 3 4194304 2.004371826
113 55 3 4194304 2.004371860
82 15 3 4194304 2.004371878
109 94 3 4194304 2.004371890
82 7 3 4194304 2.004371928
32 15 3 4194304 2.004372446
119 86 3 4194304 2.004372688
117 70 3 4194304 2.004372751
55 62 3 4194304 2.004372884
112 46 3 4194304 2.004372978
69 0 3 4194304 2.004373352
28 52 3 4194304 2.004373621
70 91 3 4194304 2.004373733
95 68 3 4194304 2.004373766
26 77 3 4194304 2.004374130
84 44 3 4194304 2.004374635
44 86 3 4194304 2.004375071
11 70 3 4194304 2.004375095
36 72 3 4194304 2.004375126
90 81 3 4194304 2.004375639
102 38 3 4194304 2.004375926
72 75 3 4194304 2.004375928
44 82 3 4194304 2.004376636
74 24 3 4194304 2.004377099
48 80 3 4194304 2.004377228
76 21 3 4194304 2.004377412
117 52 3 4194304 2.004377551
103 31 3 4194304 2.004378042
67 31 3 4194304 2.004378670
109 80 3 4194304 2.004378682
41 74 3 4194304 2.004378849
123 40 3 4194304 2.004379400
14 50 3 4194304 2.004379801
98 28 3 4194304 2.004380221
20 68 3 4194304 2.004381101
105 108 3 4194304 2.004381132
1 53 3 4194304 2.004381464
89 124 3 4194304 2.004381680
100 34 3 4194304 2.004381815
21 48 3 4194304 2.004382240
61 105 3 4194304 2.004382330
95 39 3 4194304 2.004382362
59 103 3 4194304 2.004382383
1 76 3 4194304 2.004382782
69 124 3 4194304 2.004383307
77 58 3 4194304 2.004383531
99 80 3 4194304 2.004383671
10 11 3 4194304 2.004384200
83 82 3 4194304 2.004384404
2 18 3 4194304 2.004384650
112 76 3 4194304 2.004384767
85 21 3 4194304 2.004384944
108 60 3 4194304 2.004385410
23 30 3 4194304 2.004386241
9 30 3 4194304 2.004387729
117 91 3 4194304 2.004388068
104 15 3 4194304 2.004388270
64 21 3 4194304 2.004388763
69 108 3 4194304 2.004388925
50 95 3 4194304 2.004388933
35 95 3 4194304 2.004389214
88 57 3 4194304 2.004389818
3 19 3 4194304 2.004390893
115 89 3 4194304 2.004391521
83 28 3 4194304 2.004391755
19 60 3 4194304 2.004392004
13 14 3 4194304 2.004392018
96 79 3 4194304 2.004393411
102 50 3 4194304 2.004393511
68 0 3 4194304 2.004393716
42 115 3 4194304 2.004393840
14 114 3 4194304 2.004394085
53 92 3 4194304 2.004394140
32 73 3 4194304 2.004394195
89 28 3 4194304 2.004394392
17 4 3 4194304 2.004394467
62 35 3 4194304 2.004394798
63 123 3 4194304 2.004394946
122 0 3 4194304 2.004395591
126 114 3 4194304 2.004395747
86 126 3 4194304 2.004395804
102 80 3 4194304 2.004396331
12 61 3 4194304 2.004396559
99 91 3 4194304 2.004396561
18 19 3 4194304 2.004397216
38 84 3 4194304 2.004397456
114 83 3 4194304 2.004397459
24 99 3 4194304 2.004397651
16 101 3 4194304 2.004397839
96 30 3 4194304 2.004398232
25 36 3 4194304 2.004398350
76 105 3 4194304 2.004398462
18 41 3 4194304 2.004398975
23 29 3 4194304 2.004399037
84 120 3 4194304 2.004399473
36 34 3 4194304 2.004399505
12 5 3 4194304 2.004399601
69 100 3 4194304 2.004399939
103 106 3 4194304 2.004400217
119 9 3 4194304 2.004401350
43 60 3 4194304 2.004401526
108 27 3 4194304 2.004401561
114 109 3 4194304 2.004402408
41 12 3 4194304 2.004402456
127 90 3 4194304 2.004403152
91 13 3 4194304 2.004403394
50 15 3 4194304 2.004403575
11 84 3 4194304 2.004403747
17 5 3 4194304 2.004403814
84 95 3 4194304 2.004404044
8 1 3 4194304 2.004404076
68 84 3 4194304 2.004404240
96 99 3 4194304 2.004404961
119 96 3 4194304 2.004405606
40 91 3 4194304 2.004405896
70 112 3 4194304 2.004408166
17 49 3 4194304 2.004408181
65 84 3 4194304 2.004408247
3 39 3 4194304 2.004408280
60 82 3 4194304 2.004408615
25 52 3 4194304 2.004409263
126 113 3 4194304 2.004409265
107 53 3 4194304 2.004409494
101 103 3 4194304 2.004409612
98 18 3 4194304 2.004409662
107 18 3 4194304 2.004409768
32 64 3 4194304 2.004410069
44 25 3 4194304 2.004410457
47 32 3 4194304 2.004410929
80 89 3 4194304 2.004411371
30 54 3 4194304 2.004411613
94 95 3 4194304 2.004411963
77 19 3 4194304 2.004412027
7 94 3 4194304 2.004412321
60 69 3 4194304 2.004412341
39 88 3 4194304 2.004412507
97 15 3 4194304 2.004414156
61 83 3 4194304 2.004414269
0 32 3 4194304 2.004414441
21 127 3 4194304 2.004414616
5 0 3 4194304 2.004414642
43 20 3 4194304 2.004414917
63 28 3 4194304 2.004415365
81 24 3 4194304 2.004415611
124 26 3 4194304 2.004416186
120 1 3 4194304 2.004416307
9 33 3 4194304 2.004416407
118 127 3 4194304 2.004416429
29 6 3 4194304 2.004416501
35 110 3 4194304 2.004416678
7 12 3 4194304 2.004416715
64 41 3 4194304 2.004417175
52 4 3 4194304 2.004417343
13 77 3 4194304 2.004417393
103 53 3 4194304 2.004417461
120 72 3 4194304 2.004417782
45 122 3 4194304 2.004418149
96 48 3 4194304 2.004418628
74 72 3 4194304 2.004418998
0 6 3 4194304 2.004419105
59 24 3 4194304 2.004419498
29 2 3 4194304 2.004419543
13 70 3 4194304 2.004419580
28 100 3 4194304 2.004420802
105 50 3 4194304 2.004421208
92 30 3 4194304 2.004421513
116 66 3 4194304 2.004422501
85 89 3 4194304 2.004423034
34 10 3 4194304 2.004423206
1 59 3 4194304 2.004423217
18 36 3 4194304 2.004423896
58 4 3 4194304 2.004424162
11 66 3 4194304 2.004425285
98 44 3 4194304 2.004425445
79 6 3 4194304 2.004425787
110 100 3 4194304 2.004425842
71 52 3 4194304 2.004425925
120 10 3 4194304 2.004426083
44 37 3 4194304 2.004426128
41 59 3 4194304 2.004426460
111 14 3 4194304 2.004426508
95 91 3 4194304 2.004426560
102 87 3 4194304 2.004426736
83 37 3 4194304 2.004426953
6 103 3 4194304 2.004427123
11 22 3 4194304 2.004427324
105 27 3 4194304 2.004427943
91 59 3 4194304 2.004428148
79 16 3 4194304 2.004428556
30 84 3 4194304 2.004429756
106 119 3 4194304 2.004430029
30 64 3 4194304 2.004430271
64 34 3 4194304 2.004430674
126 70 3 4194304 2.004430695
26 99 3 4194304 2.004430714
108 39 3 4194304 2.004431261
51 65 3 4194304 2.004431766
7 77 3 4194304 2.004432074
63 40 3 4194304 2.004432525
14 5 3 4194304 2.004432771
10 120 3 4194304 2.004432773
105 7 3 4194304 2.004432936
8 37 3 4194304 2.004433039
46 51 3 4194304 2.004433119
20 107 3 4194304 2.004434425
124 65 3 4194304 2.004434430
115 94 3 4194304 2.004434901
108 79 3 4194304 2.004435067
126 85 3 4194304 2.004435678
39 5 3 4194304 2.004435957
4 102 3 4194304 2.004436107
33 98 3 4194304 2.004436189
13 58 3 4194304 2.004436398
105 119 3 4194304 2.004436891
53 93 3 4194304 2.004437105
78 86 3 4194304 2.004437304
5 36 3 4194304 2.004437403
61 59 3 4194304 2.004437527
120 114 3 4194304 2.004438264
118 107 3 4194304 2.004438556
111 60 3 4194304 2.004438740
51 28 3 4194304 2.004438908
7 5 3 4194304 2.004439024
12 83 3 4194304 2.004439562
14 56 3 4194304 2.004439672
78 119 3 4194304 2.004439874
19 88 3 4194304 2.004439943
39 49 3 4194304 2.004440113
105 60 3 4194304 2.004440452
13 121 3 4194304 2.004440640
71 106 3 4194304 2.004441172
106 112 3 4194304 2.004442276
4 100 3 4194304 2.004442282
18 69 3 4194304 2.004442322
53 0 3 4194304 2.004442343
111 41 3 4194304 2.004442603
126 49 3 4194304 2.004442897
51 124 3 4194304 2.004443889
99 70 3 4194304 2.004443958
49 3 3 4194304 2.004444041
33 61 3 4194304 2.004444364
66 47 3 4194304 2.004444720
66 45 3 4194304 2.004445094
5 94 3 4194304 2.004445151
35 52 3 4194304 2.004445598
91 95 3 4194304 2.004445603
94 68 3 4194304 2.004446389
34 66 3 4194304 2.004446663
62 0 3 4194304 2.004446789
127 29 3 4194304 2.004447000
86 69 3 4194304 2.004447223
65 14 3 4194304 2.004447534
84 47 3 4194304 2.004447801
3 84 3 4194304 2.004448464
56 77 3 4194304 2.004449604
46 30 3 4194304 2.004450630
91 4 3 4194304 2.004450868
97 120 3 4194304 2.004451522
94 75 3 4194304 2.004451690
63 79 3 4194304 2.004452187
94 116 3 4194304 2.004452280
60 40 3 4194304 2.004452474
10 125 3 4194304 2.004452475
0 26 3 4194304 2.004453515
9 91 3 4194304 2.004453602
27 0 3 4194304 2.004454134
51 31 3 4194304 2.004454476
94 93 3 4194304 2.004454529
52 6 3 4194304 2.004454773
82 51 3 4194304 2.004454830
102 127 3 4194304 2.004454904
26 90 3 4194304 2.004455327
18 103 3 4194304 2.004455393
63 88 3 4194304 2.004455667
101 26 3 4194304 2.004456835
13 39 3 4194304 2.004456855
32 83 3 4194304 2.004457196
109 98 3 4194304 2.004457530
75 71 3 4194304 2.004458078
60 85 3 4194304 2.004458511
112 73 3 4194304 2.004459143
87 67 3 4194304 2.004459415
82 36 3 4194304 2.004459799
5 57 3 4194304 2.004460690
74 111 3 4194304 2.004460741
14 21 3 4194304 2.004460946
97 69 3 4194304 2.004461168
67 20 3 4194304 2.004461610
75 5 3 4194304 2.004461691
3 63 3 4194304 2.004461964
61 20 3 4194304 2.004462149
49 50 3 4194304 2.004462208
83 90 3 4194304 2.004462584
70 39 3 4194304 2.004462673
0 57 3 4194304 2.004462715
90 77 3 4194304 2.004462907
13 103 3 4194304 2.004463405
22 64 3 4194304 2.004464022
44 122 3 4194304 2.004464323
47 97 3 4194304 2.004464441
58 123 3 4194304 2.004464492
55 88 3 4194304 2.004464611
122 49 3 4194304 2.004464716
119 100 3 4194304 2.004464891
63 115 3 4194304 2.004465060
62 94 3 4194304 2.004465584
112 96 3 4194304 2.004466054
94 125 3 4194304 2.004466342
22 49 3 4194304 2.004466735
51 24 3 4194304 2.004466762
85 127 3 4194304 2.004467101
121 23 3 4194304 2.004467451
109 111 3 4194304 2.004467513
94 98 3 4194304 2.004467742
16 28 3 4194304 2.004467980
39 80 3 4194304 2.004468490
76 68 3 4194304 2.004469066
96 85 3 4194304 2.004469236
111 96 3 4194304 2.004469353
87 63 3 4194304 2.004470429
73 124 3 4194304 2.004470528
68 35 3 4194304 2.004471897
112 49 3 4194304 2.004472396
102 112 3 4194304 2.004472684
29 70 3 4194304 2.004473202
5 14 3 4194304 2.004473395
77 88 3 4194304 2.004473402
11 21 3 4194304 2.004473537
69 79 3 4194304 2.004473568
53 109 3 4194304 2.004473922
14 85 3 4194304 2.004474451
124 76 3 4194304 2.004474599
11 126 3 4194304 2.004474771
108 75 3 4194304 2.004475163
18 58 3 4194304 2.004475873
106 102 3 4194304 2.004475917
88 126 3 4194304 2.004476184
95 53 3 4194304 2.004476719
113 82 3 4194304 2.004476760
70 86 3 4194304 2.004476831
3 93 3 4194304 2.004476888
126 64 3 4194304 2.004477191
60 47 3 4194304 2.004477263
109 69 3 4194304 2.004477313
78 18 3 4194304 2.004477581
107 12 3 4194304 2.004477651
117 2 3 4194304 2.004477725
8 74 3 4194304 2.004478644
124 115 3 4194304 2.004478728
34 120 3 4194304 2.004478810
104 106 3 4194304 2.004479090
106 44 3 4194304 2.004479161
89 85 3 4194304 2.004479300
103 52 3 4194304 2.004479439
26 3 3 4194304 2.004479793
96 9 3 4194304 2.004480268
70 117 3 4194304 2.004480407
115 111 3 4194304 2.004480430
75 98 3 4194304 2.004480448
31 8 3 4194304 2.004480548
29 91 3 4194304 2.004480597
98 32 3 4194304 2.004480987
19 48 3 4194304 2.004481141
100 71 3 4194304 2.004481155
48 14 3 4194304 2.004482012
52 75 3 4194304 2.004482794
105 117 3 4194304 2.004483039
20 73 3 4194304 2.004483302
15 65 3 4194304 2.004483312
72 31 3 4194304 2.004484140
80 68 3 4194304 2.004484341
121 116 3 4194304 2.004485030
93 109 3 4194304 2.004485221
85 70 3 4194304 2.004485384
7 63 3 4194304 2.004485970
121 9 3 4194304 2.004486068
102 115 3 4194304 2.004486577
14 8 3 4194304 2.004486578
28 7 3 4194304 2.004487084
29 15 3 4194304 2.004487112
121 87 3 4194304 2.004488545
40 71 3 4194304 2.004488686
6 38 3 4194304 2.004488753
91 0 3 4194304 2.004489210
17 60 3 4194304 2.004489835
117 75 3 4194304 2.004491167
10 95 3 4194304 2.004491526
125 54 3 4194304 2.004491564
77 5 3 4194304 2.004492524
60 27 3 4194304 2.004492959
89 86 3 4194304 2.004493159
94 8 3 4194304 2.004493202
18 99 3 4194304 2.004493339
56 100 3 4194304 2.004493585
49 54 3 4194304 2.004493816
50 82 3 4194304 2.004494042
79 71 3 4194304 2.004495207
51 115 3 4194304 2.004495532
80 21 3 4194304 2.004495625
80 77 3 4194304 2.004495762
39 38 3 4194304 2.004495836
92 77 3 4194304 2.004496039
67 58 3 4194304 2.004496196
82 1 3 4194304 2.004496224
77 38 3 4194304 2.004496458
91 42 3 4194304 2.004496545
73 98 3 4194304 2.004496593
12 18 3 4194304 2.004496946
89 103 3 4194304 2.004497304
107 25 3 4194304 2.004497781
48 40 3 4194304 2.004498069
30 72 3 4194304 2.004498577
25 77 3 4194304 2.004498665
28 25 3 4194304 2.004498860
84 38 3 4194304 2.004499464
18 32 3 4194304 2.004499481
1 8 3 4194304 2.004499539
87 66 3 4194304 2.004499850
101 75 3 4194304 2.004500962
39 68 3 4194304 2.004501006
44 106 3 4194304 2.004501141
46 44 3 4194304 2.004501283
120 93 3 4194304 2.004501321
103 27 3 4194304 2.004501399
49 35 3 4194304 2.004501642
93 97 3 4194304 2.004502498
76 33 3 4194304 2.004502651
77 79 3 4194304 2.004503008
101 64 3 4194304 2.004503048
39 96 3 4194304 2.004503303
81 27 3 4194304 2.004503930
6 73 3 4194304 2.004504404
31 106 3 4194304 2.004504570
77 71 3 4194304 2.004504692
73 44 3 4194304 2.004504949
7 101 3 4194304 2.004505420
2 74 3 4194304 2.004505435
28 24 3 4194304 2.004505466
23 43 3 4194304 2.004505699
57 127 3 4194304 2.004506220
19 23 3 4194304 2.004506565
71 84 3 4194304 2.004507112
46 17 3 4194304 2.004507629
99 118 3 4194304 2.004507701
19 102 3 4194304 2.004507878
35 63 3 4194304 2.004507952
111 19 3 4194304 2.004508342
57 28 3 4194304 2.004508652
122 9 3 4194304 2.004508758
8 66 3 4194304 2.004508864
11 38 3 4194304 2.004509046
114 66 3 4194304 2.004509124
44 19 3 4194304 2.004509357
64 2 3 4194304 2.004509683
76 75 3 4194304 2.004510154
99 103 3 4194304 2.004510226
59 16 3 4194304 2.004510551
17 22 3 4194304 2.004510842
92 93 3 4194304 2.004511143
37 91 3 4194304 2.004511151
107 103 3 4194304 2.004511514
23 109 3 4194304 2.004511564
28 11 3 4194304 2.004511595
54 62 3 4194304 2.004511791
49 58 3 4194304 2.004512229
17 29 3 4194304 2.004512251
58 54 3 4194304 2.004514224
111 84 3 4194304 2.004514652
44 96 3 4194304 2.004514862
68 29 3 4194304 2.004514930
97 125 3 4194304 2.004515249
80 71 3 4194304 2.004515715
17 76 3 4194304 2.004515799
38 24 3 4194304 2.004516117
10 68 3 4194304 2.004516252
5 12 3 4194304 2.004516443
33 102 3 4194304 2.004516716
14 83 3 4194304 2.004516911
77 113 3 4194304 2.004517177
86 101 3 4194304 2.004518037
11 17 3 4194304 2.004519272
96 14 3 4194304 2.004519575
77 78 3 4194304 2.004519665
38 72 3 4194304 2.004519709
97 83 3 4194304 2.004520097
20 95 3 4194304 2.004520890
111 38 3 4194304 2.004520958
90 113 3 4194304 2.004521028
83 12 3 4194304 2.004521039
23 86 3 4194304 2.004521064
31 74 3 4194304 2.004521650
29 95 3 4194304 2.004521838
43 76 3 4194304 2.004521850
78 110 3 4194304 2.004521908
101 13 3 4194304 2.004521923
16 44 3 4194304 2.004522074
52 123 3 4194304 2.004522151
107 86 3 4194304 2.004522879
17 95 3 4194304 2.004523477
2 126 3 4194304 2.004523522
120 63 3 4194304 2.004523626
82 76 3 4194304 2.004524087
68 27 3 4194304 2.004524286
78 19 3 4194304 2.004524300
46 79 3 4194304 2.004524344
108 55 3 4194304 2.004524540
59 90 3 4194304 2.004524540
82 68 3 4194304 2.004524719
6 54 3 4194304 2.004524856
68 70 3 4194304 2.004525392
126 106 3 4194304 2.004525428
87 0 3 4194304 2.004526717
127 57 3 4194304 2.004526971
18 2 3 4194304 2.004527305
16 119 3 4194304 2.004527435
124 107 3 4194304 2.004527604
23 39 3 4194304 2.004527687
26 24 3 4194304 2.004527862
75 9 3 4194304 2.004528187
125 84 3 4194304 2.004528560
31 27 3 4194304 2.004528673
111 82 3 4194304 2.004528857
93 69 3 4194304 2.004528969
24 25 3 4194304 2.004528975
40 120 3 4194304 2.004529435
94 32 3 4194304 2.004529457
96 31 3 4194304 2.004529626
111 20 3 4194304 2.004530031
0 13 3 4194304 2.004530510
76 102 3 4194304 2.004530966
19 108 3 4194304 2.004531030
32 1 3 4194304 2.004531132
101 79 3 4194304 2.004531398
11 10 3 4194304 2.004531526
84 127 3 4194304 2.004531606
125 26 3 4194304 2.004531656
47 117 3 4194304 2.004531716
126 18 3 4194304 2.004531766
83 32 3 4194304 2.004532024
116 122 3 4194304 2.004532528
119 79 3 4194304 2.004533044
73 120 3 4194304 2.004533210
123 8 3 4194304 2.004533222
30 49 3 4194304 2.004533675
9 107 3 4194304 2.004533748
51 77 3 4194304 2.004534165
60 15 3 4194304 2.004534170
118 122 3 4194304 2.004535129
111 95 3 4194304 2.004535214
6 72 3 4194304 2.004535312
20 90 3 4194304 2.004535355
76 36 3 4194304 2.004536071
42 95 3 4194304 2.004536100
16 111 3 4194304 2.004536867
74 48 3 4194304 2.004537293
10 114 3 4194304 2.004537307
33 60 3 4194304 2.004537314
121 3 3 4194304 2.004538089
126 60 3 4194304 2.004538095
79 0 3 4194304 2.004538211
60 81 3 4194304 2.004538267
18 122 3 4194304 2.004538428
52 96 3 4194304 2.004538526
2 124 3 4194304 2.004538527
81 53 3 4194304 2.004538609
48 19 3 4194304 2.004538642
7 80 3 4194304 2.004539696
112 71 3 4194304 2.004540062
27 68 3 4194304 2.004540364
65 78 3 4194304 2.004540426
68 67 3 4194304 2.004540827
48 39 3 4194304 2.004541187
47 8 3 4194304 2.004541385
51 79 3 4194304 2.004541939
44 69 3 4194304 2.004542722
116 111 3 4194304 2.004542972
117 69 3 4194304 2.004543943
10 122 3 4194304 2.004544201
66 50 3 4194304 2.004544248
14 106 3 4194304 2.004544435
82 17 3 4194304 2.004545134
74 53 3 4194304 2.004545155
93 99 3 4194304 2.004545437
6 56 3 4194304 2.004545841
32 17 3 4194304 2.004545867
10 41 3 4194304 2.004546334
54 33 3 4194304 2.004546422
44 75 3 4194304 2.004546496
66 30 3 4194304 2.004546677
124 14 3 4194304 2.004546736
85 31 3 4194304 2.004547988
97 122 3 4194304 2.004548086
29 61 3 4194304 2.004548721
105 11 3 4194304 2.004549114
116 69 3 4194304 2.004549218
78 120 3 4194304 2.004550207
113 105 3 4194304 2.004550687
77 14 3 4194304 2.004550772
104 32 3 4194304 2.004551185
43 41 3 4194304 2.004551959
54 6 3 4194304 2.004552032
112 102 3 4194304 2.004552395
97 28 3 4194304 2.004552440
83 75 3 4194304 2.004552581
51 1 3 4194304 2.004552914
84 16 3 4194304 2.004552919
36 127 3 4194304 2.004553122
33 101 3 4194304 2.004553219
63 113 3 4194304 2.004553429
52 79 3 4194304 2.004553434
114 62 3 4194304 2.004553684
21 45 3 4194304 2.004554731
12 113 3 4194304 2.004555096
44 65 3 4194304 2.004555395
26 27 3 4194304 2.004555591
6 120 3 4194304 2.004555666
26 10 3 4194304 2.004556715
45 10 3 4194304 2.004556925
50 113 3 4194304 2.004557384
50 3 3 4194304 2.004557509
43 30 3 4194304 2.004557682
100 43 3 4194304 2.004557815
66 74 3 4194304 2.004558313
102 124 3 4194304 2.004558913
10 72 3 4194304 2.004559000
73 94 3 4194304 2.004559071
40 17 3 4194304 2.004559499
84 58 3 4194304 2.004560530
51 46 3 4194304 2.004560912
72 89 3 4194304 2.004562766
114 21 3 4194304 2.004562822
116 35 3 4194304 2.004562900
69 54 3 4194304 2.004562995
93 47 3 4194304 2.004563508
116 86 3 4194304 2.004563843
0 21 3 4194304 2.004564247
104 39 3 4194304 2.004564424
27 49 3 4194304 2.004564939
122 85 3 4194304 2.004565296
55 35 3 4194304 2.004565303
56 63 3 4194304 2.004565317
65 86 3 4194304 2.004565425
23 91 3 4194304 2.004565702
88 66 3 4194304 2.004565744
69 52 3 4194304 2.004566067
63 19 3 4194304 2.004566546
113 43 3 4194304 2.004566873
39 19 3 4194304 2.004567481
6 67 3 4194304 2.004567721
110 116 3 4194304 2.004567926
7 60 3 4194304 2.004568092
69 98 3 4194304 2.004569152
102 110 3 4194304 2.004569585
34 36 3 4194304 2.004571233
71 91 3 4194304 2.004571615
0 49 3 4194304 2.004571833
39 21 3 4194304 2.004571939
41 78 3 4194304 2.004573014
104 81 3 4194304 2.004573945
110 126 3 4194304 2.004574669
56 73 3 4194304 2.004574795
42 4 3 4194304 2.004575181
32 28 3 4194304 2.004575197
5 64 3 4194304 2.004576025
103 92 3 4194304 2.004576234
125 121 3 4194304 2.004576451
20 66 3 4194304 2.004576741
43 49 3 4194304 2.004576865
21 66 3 4194304 2.004577306
36 38 3 4194304 2.004578178
19 93 3 4194304 2.004578784
113 72 3 4194304 2.004579302
118 23 3 4194304 2.004579929
11 63 3 4194304 2.004580567
55 100 3 4194304 2.004581162
47 104 3 4194304 2.004581181
92 45 3 4194304 2.004581518
105 47 3 4194304 2.004581527
111 123 3 4194304 2.004581795
103 108 3 4194304 2.004582204
23 68 3 4194304 2.004582255
109 123 3 4194304 2.004582353
70 52 3 4194304 2.004582491
45 3 3 4194304 2.004582801
127 101 3 4194304 2.004582830
35 27 3 4194304 2.004582851
8 62 3 4194304 2.004583171
93 34 3 4194304 2.004583212
37 56 3 4194304 2.004583334
9 3 3 4194304 2.004583381
68 118 3 4194304 2.004583581
60 95 3 4194304 2.004583936
34 14 3 4194304 2.004583963
44 11 3 4194304 2.004584170
86 50 3 4194304 2.004584770
73 60 3 4194304 2.004585145
16 17 3 4194304 2.004585379
105 99 3 4194304 2.004585393
68 96 3 4194304 2.004585528
66 90 3 4194304 2.004586594
32 113 3 4194304 2.004586763
101 67 3 4194304 2.004586819
57 53 3 4194304 2.004586881
75 95 3 4194304 2.004586918
16 86 3 4194304 2.004587598
87 52 3 4194304 2.004587712
74 21 3 4194304 2.004588392
37 80 3 4194304 2.004588521
15 84 3 4194304 2.004588563
111 101 3 4194304 2.004588867
69 10 3 4194304 2.004589517
71 1 3 4194304 2.004589633
66 49 3 4194304 2.004589949
98 51 3 4194304 2.004590329
83 26 3 4194304 2.004590365
3 52 3 4194304 2.004590692
29 126 3 4194304 2.004590906
59 30 3 4194304 2.004590961
97 29 3 4194304 2.004591047
50 119 3 4194304 2.004591072
76 15 3 4194304 2.004591161
22 114 3 4194304 2.004591589
59 55 3 4194304 2.004591907
53 38 3 4194304 2.004592188
24 103 3 4194304 2.004592346
118 123 3 4194304 2.004592443
105 93 3 4194304 2.004592817
4 29 3 4194304 2.004593223
108 9 3 4194304 2.004593348
66 113 3 4194304 2.004593509
98 67 3 4194304 2.004593820
12 122 3 4194304 2.004593830
63 49 3 4194304 2.004594257
106 23 3 4194304 2.004594295
26 103 3 4194304 2.004594332
35 3 3 4194304 2.004594532
108 98 3 4194304 2.004594737
98 102 3 4194304 2.004595740
10 113 3 4194304 2.004595975
94 33 3 4194304 2.004596012
18 4 3 4194304 2.004596270
102 85 3 4194304 2.004596692
100 76 3 4194304 2.004596728
87 35 3 4194304 2.004597607
106 68 3 4194304 2.004597762
87 31 3 4194304 2.004597797
57 44 3 4194304 2.004597950
13 36 3 4194304 2.004598295
126 121 3 4194304 2.004599484
118 20 3 4194304 2.004599539
17 37 3 4194304 2.004600137
85 81 3 4194304 2.004600153
81 123 3 4194304 2.004600198
59 101 3 4194304 2.004600251
22 63 3 4194304 2.004600331
121 98 3 4194304 2.004600733
61 110 3 4194304 2.004601103
31 116 3 4194304 2.004601307
94 13 3 4194304 2.004601925
118 22 3 4194304 2.004601975
90 23 3 4194304 2.004601994
38 27 3 4194304 2.004602116
31 1 3 4194304 2.004602368
101 117 3 4194304 2.004602387
25 84 3 4194304 2.004602675
90 105 3 4194304 2.004603166
115 18 3 4194304 2.004603280
56 7 3 4194304 2.004603563
114 116 3 4194304 2.004603665
36 48 3 4194304 2.004603740
60 33 3 4194304 2.004603929
19 37 3 4194304 2.004604512
45 85 3 4194304 2.004604705
71 113 3 4194304 2.004605093
102 109 3 4194304 2.004606178
127 9 3 4194304 2.004606554
25 37 3 4194304 2.004607266
0 98 3 4194304 2.004607586
1 15 3 4194304 2.004609166
11 105 3 4194304 2.004609172
82 6 3 4194304 2.004609930
49 101 3 4194304 2.004610269
111 45 3 4194304 2.004611011
108 106 3 4194304 2.004611188
95 17 3 4194304 2.004612756
82 61 3 4194304 2.004612803
127 42 3 4194304 2.004612884
126 108 3 4194304 2.004613473
31 87 3 4194304 2.004613684
76 121 3 4194304 2.004614144
126 82 3 4194304 2.004614549
106 125 3 4194304 2.004614632
112 111 3 4194304 2.004615601
118 53 3 4194304 2.004615708
120 45 3 4194304 2.004616512
1 20 3 4194304 2.004616591
103 24 3 4194304 2.004616827
51 68 3 4194304 2.004617295
26 91 3 4194304 2.004617854
126 36 3 4194304 2.004618008
112 89 3 4194304 2.004618452
9 112 3 4194304 2.004618904
37 75 3 4194304 2.004619076
47 72 3 4194304 2.004619077
126 1 3 4194304 2.004619478
46 9 3 4194304 2.004619876
71 56 3 4194304 2.004619962
117 32 3 4194304 2.004620090
117 6 3 4194304 2.004621158
21 100 3 4194304 2.004621596
76 83 3 4194304 2.004621776
42 85 3 4194304 2.004621855
6 20 3 4194304 2.004622566
66 125 3 4194304 2.004622992
99 119 3 4194304 2.004623028
18 5 3 4194304 2.004623053
23 48 3 4194304 2.004623111
13 53 3 4194304 2.004623372
10 55 3 4194304 2.004623463
108 87 3 4194304 2.004623665
105 79 3 4194304 2.004624123
45 69 3 4194304 2.004624555
28 121 3 4194304 2.004624595
67 126 3 4194304 2.004624733
92 66 3 4194304 2.004625363
70 75 3 4194304 2.004625902
94 113 3 4194304 2.004626090
73 17 3 4194304 2.004626529
37 108 3 4194304 2.004626626
66 72 3 4194304 2.004627164
37 39 3 4194304 2.004627324
48 47 3 4194304 2.004627371
63 46 3 4194304 2.004627407
42 96 3 4194304 2.004627670
25 81 3 4194304 2.004627672
39 85 3 4194304 2.004627758
33 127 3 4194304 2.004627794
103 84 3 4194304 2.004628335
97 30 3 4194304 2.004628523
92 14 3 4194304 2.004628617
83 34 3 4194304 2.004628623
111 99 3 4194304 2.004628648
54 53 3 4194304 2.004628765
12 62 3 4194304 2.004628882
7 36 3 4194304 2.004629165
16 58 3 4194304 2.004629201
109 101 3 4194304 2.004629859
69 39 3 4194304 2.004631448
2 5 3 4194304 2.004632210
0 111 3 4194304 2.004632442
15 10 3 4194304 2.004633000
123 125 3 4194304 2.004633117
37 101 3 4194304 2.004633145
6 26 3 4194304 2.004633199
40 87 3 4194304 2.004633249
105 5 3 4194304 2.004634595
126 4 3 4194304 2.004635421
30 35 3 4194304 2.004635734
1 48 3 4194304 2.004635805
97 106 3 4194304 2.004635863
79 119 3 4194304 2.004635985
4 65 3 4194304 2.004636168
45 60 3 4194304 2.004636594
113 124 3 4194304 2.004636657
72 94 3 4194304 2.004636761
54 114 3 4194304 2.004637078
40 122 3 4194304 2.004637214
41 113 3 4194304 2.004637408
53 75 3 4194304 2.004637831
51 30 3 4194304 2.004638392
1 79 3 4194304 2.004638498
104 47 3 4194304 2.004639026
91 100 3 4194304 2.004639096
81 61 3 4194304 2.004639297
93 108 3 4194304 2.004639331
78 45 3 4194304 2.004639425
86 120 3 4194304 2.004639431
88 43 3 4194304 2.004639570
34 40 3 4194304 2.004639808
18 54 3 4194304 2.004640256
1 10 3 4194304 2.004640430
113 3 3 4194304 2.004640855
85 118 3 4194304 2.004641261
47 114 3 4194304 2.004641538
117 21 3 4194304 2.004641776
117 113 3 4194304 2.004643668
100 111 3 4194304 2.004644037
14 113 3 4194304 2.004644054
108 38 3 4194304 2.004644296
117 97 3 4194304 2.004644644
82 50 3 4194304 2.004644670
122 14 3 4194304 2.004644679
32 60 3 4194304 2.004644837
105 92 3 4194304 2.004645271
83 20 3 4194304 2.004645383
60 119 3 4194304 2.004645908
95 85 3 4194304 2.004646578
61 57 3 4194304 2.004646776
104 13 3 4194304 2.004647636
117 36 3 4194304 2.004647788
12 68 3 4194304 2.004648683
4 83 3 4194304 2.004648945
105 61 3 4194304 2.004649380
58 82 3 4194304 2.004649445
25 98 3 4194304 2.004649516
45 58 3 4194304 2.004649608
121 27 3 4194304 2.004649624
97 113 3 4194304 2.004650223
111 103 3 4194304 2.004651049
124 101 3 4194304 2.004651200
93 43 3 4194304 2.004651305
92 10 3 4194304 2.004651364
76 54 3 4194304 2.004651380
94 78 3 4194304 2.004651644
8 4 3 4194304 2.004651795
105 127 3 4194304 2.004652502
119 24 3 4194304 2.004653090
59 53 3 4194304 2.004653100
123 122 3 4194304 2.004653121
67 36 3 4194304 2.004653330
65 46 3 4194304 2.004653742
84 32 3 4194304 2.004653961
88 121 3 4194304 2.004655229
34 108 3 4194304 2.004655420
105 19 3 4194304 2.004655861
6 94 3 4194304 2.004656724
19 82 3 4194304 2.004657391
127 84 3 4194304 2.004657484
53 2 3 4194304 2.004658753
37 88 3 4194304 2.004658760
127 112 3 4194304 2.004658843
16 6 3 4194304 2.004658884
2 104 3 4194304 2.004659586
8 19 3 4194304 2.004659680
25 85 3 4194304 2.004659838
11 19 3 4194304 2.004660153
50 91 3 4194304 2.004660193
54 16 3 4194304 2.004660203
19 67 3 4194304 2.004661118
126 46 3 4194304 2.004661250
50 122 3 4194304 2.004661472
36 89 3 4194304 2.004661859
7 14 3 4194304 2.004662216
15 49 3 4194304 2.004662935
120 34 3 4194304 2.004663105
47 98 3 4194304 2.004663476
110 31 3 4194304 2.004663478
69 59 3 4194304 2.004663502
14 75 3 4194304 2.004663576
82 102 3 4194304 2.004664193
35 8 3 4194304 2.004664857
12 116 3 4194304 2.004664977
75 39 3 4194304 2.004665036
104 127 3 4194304 2.004665391
106 127 3 4194304 2.004665547
71 39 3 4194304 2.004665606
61 60 3 4194304 2.004666226
1 49 3 4194304 2.004666344
73 81 3 4194304 2.004666348
80 60 3 4194304 2.004666356
48 18 3 4194304 2.004666508
74 107 3 4194304 2.004666993
110 11 3 4194304 2.004667532
36 53 3 4194304 2.004668348
120 103 3 4194304 2.004669016
57 59 3 4194304 2.004669177
77 126 3 4194304 2.004669737
55 23 3 4194304 2.004670032
35 31 3 4194304 2.004671616
69 99 3 4194304 2.004671647
8 45 3 4194304 2.004671716
94 70 3 4194304 2.004671847
68 4 3 4194304 2.004672126
5 17 3 4194304 2.004672339
12 47 3 4194304 2.004672961
58 107 3 4194304 2.004673532
63 67 3 4194304 2.004673542
14 97 3 4194304 2.004673645
38 21 3 4194304 2.004673696
25 125 3 4194304 2.004673825
64 107 3 4194304 2.004673937
78 7 3 4194304 2.004674060
70 46 3 4194304 2.004674284
53 116 3 4194304 2.004674285
113 5 3 4194304 2.004674631
59 108 3 4194304 2.004674686
8 98 3 4194304 2.004674959
3 102 3 4194304 2.004675289
73 61 3 4194304 2.004675938
26 88 3 4194304 2.004675971
28 114 3 4194304 2.004676046
115 51 3 4194304 2.004676462
125 111 3 4194304 2.004676569
49 26 3 4194304 2.004677159
27 80 3 4194304 2.004677508
12 92 3 4194304 2.004677778
58 96 3 4194304 2.004677812
62 76 3 4194304 2.004678019
101 15 3 4194304 2.004678314
77 101 3 4194304 2.004679056
52 41 3 4194304 2.004679608
93 88 3 4194304 2.004679990
69 15 3 4194304 2.004680200
102 19 3 4194304 2.004680247
118 40 3 4194304 2.004680625
47 96 3 4194304 2.004680919
119 29 3 4194304 2.004681055
38 17 3 4194304 2.004681063
125 46 3 4194304 2.004681581
20 85 3 4194304 2.004681661
34 81 3 4194304 2.004681702
28 112 3 4194304 2.004681924
36 35 3 4194304 2.004681951
46 85 3 4194304 2.004682908
73 0 3 4194304 2.004683280
59 84 3 4194304 2.004683480
2 4 3 4194304 2.004683567
89 9 3 4194304 2.004683861
42 45 3 4194304 2.004685288
39 40 3 4194304 2.004685290
0 46 3 4194304 2.004685411
68 20 3 4194304 2.004685750
73 111 3 4194304 2.004685787
17 1 3 4194304 2.004687062
100 45 3 4194304 2.004687076
18 93 3 4194304 2.004687547
39 91 3 4194304 2.004687949
17 63 3 4194304 2.004688084
14 45 3 4194304 2.004688109
44 64 3 4194304 2.004688279
0 8 3 4194304 2.004689110
91 97 3 4194304 2.004689666
112 48 3 4194304 2.004690029
19 106 3 4194304 2.004690382
108 41 3 4194304 2.004690851
86 56 3 4194304 2.004691046
56 39 3 4194304 2.004691147
61 70 3 4194304 2.004691692
15 17 3 4194304 2.004692185
55 51 3 4194304 2.004693025
92 28 3 4194304 2.004693090
80 28 3 4194304 2.004693220
80 37 3 4194304 2.004693676
26 83 3 4194304 2.004693959
116 58 3 4194304 2.004694265
10 116 3 4194304 2.004694283
53 15 3 4194304 2.004694386
13 69 3 4194304 2.004694999
28 117 3 4194304 2.004695680
47 18 3 4194304 2.004695854
47 17 3 4194304 2.004696163
40 101 3 4194304 2.004696164
32 41 3 4194304 2.004696202
97 56 3 4194304 2.004696303
13 82 3 4194304 2.004697287
74 12 3 4194304 2.004698139
37 51 3 4194304 2.004698475
91 26 3 4194304 2.004698634
115 13 3 4194304 2.004698720
31 64 3 4194304 2.004699250
85 107 3 4194304 2.004700370
63 96 3 4194304 2.004700378
112 116 3 4194304 2.004700738
101 114 3 4194304 2.004700909
73 109 3 4194304 2.004701694
124 54 3 4194304 2.004702004
48 6 3 4194304 2.004702201
9 71 3 4194304 2.004703569
83 5 3 4194304 2.004703749
69 25 3 4194304 2.004703779
16 127 3 4194304 2.004703800
26 55 3 4194304 2.004704395
8 20 3 4194304 2.004704841
121 17 3 4194304 2.004705425
75 29 3 4194304 2.004705467
45 66 3 4194304 2.004707103
70 25 3 4194304 2.004707105
45 51 3 4194304 2.004707160
83 47 3 4194304 2.004707171
82 62 3 4194304 2.004707369
52 15 3 4194304 2.004707564
3 106 3 4194304 2.004707675
72 124 3 4194304 2.004708109
33 79 3 4194304 2.004708196
44 116 3 4194304 2.004708861
4 107 3 4194304 2.004709143
60 105 3 4194304 2.004709286
104 33 3 4194304 2.004709794
2 41 3 4194304 2.004709842
55 78 3 4194304 2.004709994
57 103 3 4194304 2.004710252
13 24 3 4194304 2.004710655
13 72 3 4194304 2.004710888
106 75 3 4194304 2.004710950
102 83 3 4194304 2.004711088
93 18 3 4194304 2.004711451
115 118 3 4194304 2.004711610
81 108 3 4194304 2.004711890
110 17 3 4194304 2.004712528
72 118 3 4194304 2.004712982
75 90 3 4194304 2.004713040
0 59 3 4194304 2.004713238
36 17 3 4194304 2.004713264
80 72 3 4194304 2.004713340
4 108 3 4194304 2.004713915
1 50 3 4194304 2.004713990
111 31 3 4194304 2.004715110
102 6 3 4194304 2.004715215
62 112 3 4194304 2.004715641
58 118 3 4194304 2.004716163
116 96 3 4194304 2.004716234
54 94 3 4194304 2.004716898
100 56 3 4194304 2.004716977
20 31 3 4194304 2.004717204
82 34 3 4194304 2.004717358
58 22 3 4194304 2.004717812
43 40 3 4194304 2.004717842
29 35 3 4194304 2.004717995
121 1 3 4194304 2.004718409
21 22 3 4194304 2.004718496
49 74 3 4194304 2.004718600
100 96 3 4194304 2.004719071
114 85 3 4194304 2.004719141
51 11 3 4194304 2.004719233
117 19 3 4194304 2.004719474
63 34 3 4194304 2.004719816
126 5 3 4194304 2.004720627
19 90 3 4194304 2.004720634
13 73 3 4194304 2.004721056
2 109 3 4194304 2.004721317
4 21 3 4194304 2.004721481
97 88 3 4194304 2.004721892
12 49 3 4194304 2.004722113
59 64 3 4194304 2.004722251
63 29 3 4194304 2.004722342
38 13 3 4194304 2.004722356
89 81 3 4194304 2.004722704
5 47 3 4194304 2.004722799
29 98 3 4194304 2.004722833
44 78 3 4194304 2.004722932
10 45 3 4194304 2.004723140
52 103 3 4194304 2.004724316
88 109 3 4194304 2.004724709
35 20 3 4194304 2.004725075
107 96 3 4194304 2.004725560
74 20 3 4194304 2.004726029
113 24 3 4194304 2.004726409
60 110 3 4194304 2.004726490
75 48 3 4194304 2.004726785
82 52 3 4194304 2.004727034
78 95 3 4194304 2.004727490
54 91 3 4194304 2.004727775
12 35 3 4194304 2.004727955
36 81 3 4194304 2.004728075
55 16 3 4194304 2.004728235
30 32 3 4194304 2.004728774
16 87 3 4194304 2.004728822
37 84 3 4194304 2.004729194
84 54 3 4194304 2.004729389
115 106 3 4194304 2.004730313
70 125 3 4194304 2.004730438
52 59 3 4194304 2.004731496
108 65 3 4194304 2.004731559
103 8 3 4194304 2.004731634
126 44 3 4194304 2.004731848
82 115 3 4194304 2.004732130
60 87 3 4194304 2.004732474
5 11 3 4194304 2.004732818
47 87 3 4194304 2.004732947
112 93 3 4194304 2.004733048
48 64 3 4194304 2.004733645
19 86 3 4194304 2.004733953
44 99 3 4194304 2.004734180
97 49 3 4194304 2.004734468
42 105 3 4194304 2.004735075
36 13 3 4194304 2.004735105
53 120 3 4194304 2.004735250
91 15 3 4194304 2.004735854
27 65 3 4194304 2.004736425
51 61 3 4194304 2.004736717
24 31 3 4194304 2.004737125
107 41 3 4194304 2.004737195
102 2 3 4194304 2.004737204
27 104 3 4194304 2.004737280
91 117 3 4194304 2.004737924
124 22 3 4194304 2.004738224
60 106 3 4194304 2.004738389
104 108 3 4194304 2.004738421
95 50 3 4194304 2.004738451
27 116 3 4194304 2.004738896
13 63 3 4194304 2.004738988
116 26 3 4194304 2.004739111
25 63 3 4194304 2.004739119
52 28 3 4194304 2.004739163
62 55 3 4194304 2.004739805
58 126 3 4194304 2.004740284
88 64 3 4194304 2.004740446
56 4 3 4194304 2.004740672
113 59 3 4194304 2.004740949
59 97 3 4194304 2.004741167
89 22 3 4194304 2.004741286
103 83 3 4194304 2.004741313
43 67 3 4194304 2.004741378
111 81 3 4194304 2.004741874
55 56 3 4194304 2.004742058
27 112 3 4194304 2.004742145
76 26 3 4194304 2.004742599
104 87 3 4194304 2.004743244
116 0 3 4194304 2.004743606
123 65 3 4194304 2.004743653
2 37 3 4194304 2.004743662
33 67 3 4194304 2.004744250
99 116 3 4194304 2.004744532
22 111 3 4194304 2.004744549
1 55 3 4194304 2.004744798
17 75 3 4194304 2.004746885
106 91 3 4194304 2.004747845
0 18 3 4194304 2.004747887
28 122 3 4194304 2.004748231
81 65 3 4194304 2.004748389
77 44 3 4194304 2.004748690
25 67 3 4194304 2.004748950
23 42 3 4194304 2.004749354
123 99 3 4194304 2.004749767
95 54 3 4194304 2.004749958
75 44 3 4194304 2.004750057
18 87 3 4194304 2.004750057
106 52 3 4194304 2.004750211
36 77 3 4194304 2.004750288
6 59 3 4194304 2.004750622
15 45 3 4194304 2.004750686
18 8 3 4194304 2.004750885
104 70 3 4194304 2.004751013
14 117 3 4194304 2.004751116
115 19 3 4194304 2.004751147
4 55 3 4194304 2.004751188
62 26 3 4194304 2.004751421
40 34 3 4194304 2.004751871
115 114 3 4194304 2.004752366
42 46 3 4194304 2.004752619
110 69 3 4194304 2.004752716
30 102 3 4194304 2.004753176
31 72 3 4194304 2.004754693
103 98 3 4194304 2.004754813
76 113 3 4194304 2.004754948
27 72 3 4194304 2.004755468
46 88 3 4194304 2.004755556
48 77 3 4194304 2.004755774
106 12 3 4194304 2.004755778
28 98 3 4194304 2.004755920
69 12 3 4194304 2.004755943
124 17 3 4194304 2.004756052
89 1 3 4194304 2.004756620
91 109 3 4194304 2.004757333
63 38 3 4194304 2.004757427
40 94 3 4194304 2.004757781
125 1 3 4194304 2.004757984
40 37 3 4194304 2.004758078
32 86 3 4194304 2.004758584
113 106 3 4194304 2.004758811
41 33 3 4194304 2.004759213
65 16 3 4194304 2.004759302
120 78 3 4194304 2.004759513
116 32 3 4194304 2.004759603
103 90 3 4194304 2.004759657
54 55 3 4194304 2.004760543
93 70 3 4194304 2.004760545
55 116 3 4194304 2.004760587
15 12 3 4194304 2.004760602
104 97 3 4194304 2.004761163
72 109 3 4194304 2.004762516
43 117 3 4194304 2.004762666
124 33 3 4194304 2.004763066
114 86 3 4194304 2.004764558
59 66 3 4194304 2.004765632
56 64 3 4194304 2.004765693
63 70 3 4194304 2.004765724
99 22 3 4194304 2.004767267
20 117 3 4194304 2.004768819
71 22 3 4194304 2.004769038
80 120 3 4194304 2.004769956
120 84 3 4194304 2.004769990
89 99 3 4194304 2.004770118
8 54 3 4194304 2.004770148
38 115 3 4194304 2.004770243
114 61 3 4194304 2.004770252
116 89 3 4194304 2.004770296
117 112 3 4194304 2.004770496
38 97 3 4194304 2.004770497
94 3 3 4194304 2.004770659
42 37 3 4194304 2.004770693
50 19 3 4194304 2.004771727
65 10 3 4194304 2.004772173
117 46 3 4194304 2.004772317
80 121 3 4194304 2.004772665
112 6 3 4194304 2.004773003
83 121 3 4194304 2.004773245
70 124 3 4194304 2.004773696
74 3 3 4194304 2.004774065
113 99 3 4194304 2.004774186
37 66 3 4194304 2.004774361
51 80 3 4194304 2.004774441
121 12 3 4194304 2.004775165
68 12 3 4194304 2.004775266
25 83 3 4194304 2.004775435
114 41 3 4194304 2.004776984
59 0 3 4194304 2.004777676
101 19 3 4194304 2.004778027
122 111 3 4194304 2.004778507
2 38 3 4194304 2.004778600
76 99 3 4194304 2.004778743
121 40 3 4194304 2.004778888
77 64 3 4194304 2.004778933
92 114 3 4194304 2.004779357
68 87 3 4194304 2.004779973
126 55 3 4194304 2.004780402
15 31 3 4194304 2.004780748
126 91 3 4194304 2.004780881
27 44 3 4194304 2.004780951
62 69 3 4194304 2.004781241
126 57 3 4194304 2.004781615
70 127 3 4194304 2.004782274
125 53 3 4194304 2.004782561
103 10 3 4194304 2.004783354
7 106 3 4194304 2.004783373
19 29 3 4194304 2.004783425
70 55 3 4194304 2.004784933
121 10 3 4194304 2.004784987
110 13 3 4194304 2.004785137
91 65 3 4194304 2.004785197
29 104 3 4194304 2.004785745
121 31 3 4194304 2.004786101
102 44 3 4194304 2.004786444
101 51 3 4194304 2.004787098
111 100 3 4194304 2.004787220
86 16 3 4194304 2.004787229
56 44 3 4194304 2.004787976
73 47 3 4194304 2.004788019
28 74 3 4194304 2.004788139
4 31 3 4194304 2.004788796
28 16 3 4194304 2.004789118
59 94 3 4194304 2.004789257
55 112 3 4194304 2.004789604
28 65 3 4194304 2.004789683
50 16 3 4194304 2.004789832
73 19 3 4194304 2.004790116
19 113 3 4194304 2.004790261
20 119 3 4194304 2.004790309
97 126 3 4194304 2.004790485
98 121 3 4194304 2.004790771
40 96 3 4194304 2.004790825
43 121 3 4194304 2.004791257
5 95 3 4194304 2.004791280
81 97 3 4194304 2.004791457
97 90 3 4194304 2.004791486
25 57 3 4194304 2.004791566
33 77 3 4194304 2.004791650
0 23 3 4194304 2.004791848
0 92 3 4194304 2.004792362
108 93 3 4194304 2.004792611
25 9 3 4194304 2.004792762
68 72 3 4194304 2.004793014
2 78 3 4194304 2.004793205
25 111 3 4194304 2.004793274
49 0 3 4194304 2.004793441
121 60 3 4194304 2.004793909
23 56 3 4194304 2.004794431
54 77 3 4194304 2.004794779
16 126 3 4194304 2.004794896
37 90 3 4194304 2.004796285
111 127 3 4194304 2.004796702
82 56 3 4194304 2.004797052
109 27 3 4194304 2.004797110
118 61 3 4194304 2.004797552
51 39 3 4194304 2.004797620
83 15 3 4194304 2.004797771
32 105 3 4194304 2.004797875
101 83 3 4194304 2.004798109
51 6 3 4194304 2.004798222
21 67 3 4194304 2.004798653
44 12 3 4194304 2.004799576
83 55 3 4194304 2.004799840
49 46 3 4194304 2.004799895
109 40 3 4194304 2.004799913
82 38 3 4194304 2.004800355
77 2 3 4194304 2.004800536
114 84 3 4194304 2.004800649
110 103 3 4194304 2.004801046
114 69 3 4194304 2.004801391
49 75 3 4194304 2.004801851
13 26 3 4194304 2.004802499
58 72 3 4194304 2.004802768
64 17 3 4194304 2.004803592
127 108 3 4194304 2.004803881
80 86 3 4194304 2.004803947
41 123 3 4194304 2.004805090
120 86 3 4194304 2.004805297
110 39 3 4194304 2.004805405
104 120 3 4194304 2.004806358
3 78 3 4194304 2.004806455
117 127 3 4194304 2.004806562
65 26 3 4194304 2.004807072
83 52 3 4194304 2.004807536
27 41 3 4194304 2.004807797
91 29 3 4194304 2.004807891
51 27 3 4194304 2.004807949
120 67 3 4194304 2.004808277
100 98 3 4194304 2.004808386
91 36 3 4194304 2.004808904
125 21 3 4194304 2.004809432
49 119 3 4194304 2.004809571
6 82 3 4194304 2.004810386
105 75 3 4194304 2.004810567
71 126 3 4194304 2.004811035
37 47 3 4194304 2.004811220
82 108 3 4194304 2.004811275
32 58 3 4194304 2.004811802
22 93 3 4194304 2.004811990
21 87 3 4194304 2.004812077
64 59 3 4194304 2.004812672
55 68 3 4194304 2.004812725
102 13 3 4194304 2.004812887
110 108 3 4194304 2.004813645
55 64 3 4194304 2.004813895
62 127 3 4194304 2.004814924
98 82 3 4194304 2.004814991
33 20 3 4194304 2.004815004
37 31 3 4194304 2.004815633
81 99 3 4194304 2.004815640
114 65 3 4194304 2.004815803
49 121 3 4194304 2.004816233
46 77 3 4194304 2.004816541
15 108 3 4194304 2.004816905
51 47 3 4194304 2.004816919
125 48 3 4194304 2.004817021
106 93 3 4194304 2.004817162
86 47 3 4194304 2.004817547
51 7 3 4194304 2.004818229
26 68 3 4194304 2.004818603
38 58 3 4194304 2.004818815
110 14 3 4194304 2.004819088
71 121 3 4194304 2.004819477
68 39 3 4194304 2.004819861
42 76 3 4194304 2.004820246
108 58 3 4194304 2.004820646
35 48 3 4194304 2.004820872
72 65 3 4194304 2.004820939
71 11 3 4194304 2.004821004
91 31 3 4194304 2.004821075
3 54 3 4194304 2.004821245
56 62 3 4194304 2.004821422
102 78 3 4194304 2.004821845
96 19 3 4194304 2.004822075
60 57 3 4194304 2.004822257
59 70 3 4194304 2.004822725
10 79 3 4194304 2.004823939
60 44 3 4194304 2.004824897
51 94 3 4194304 2.004824934
81 103 3 4194304 2.004825053
35 44 3 4194304 2.004825130
59 28 3 4194304 2.004826063
84 37 3 4194304 2.004826674
39 35 3 4194304 2.004826767
79 91 3 4194304 2.004826784
72 41 3 4194304 2.004826856
64 121 3 4194304 2.004827265
124 20 3 4194304 2.004827337
35 75 3 4194304 2.004827583
30 113 3 4194304 2.004827906
17 14 3 4194304 2.004828320
24 66 3 4194304 2.004828611
85 16 3 4194304 2.004828775
79 35 3 4194304 2.004828885
41 104 3 4194304 2.004829161
80 61 3 4194304 2.004829177
54 101 3 4194304 2.004829231
98 39 3 4194304 2.004829415
78 100 3 4194304 2.004829523
119 4 3 4194304 2.004829742
32 77 3 4194304 2.004830436
36 124 3 4194304 2.004830857
48 25 3 4194304 2.004831104
122 46 3 4194304 2.004831724
96 20 3 4194304 2.004831828
18 120 3 4194304 2.004832243
22 120 3 4194304 2.004832381
10 38 3 4194304 2.004832723
9 5 3 4194304 2.004832912
12 55 3 4194304 2.004833040
23 54 3 4194304 2.004833248
25 55 3 4194304 2.004833950
70 24 3 4194304 2.004834896
3 127 3 4194304 2.004836075
43 82 3 4194304 2.004836127
13 84 3 4194304 2.004836142
84 26 3 4194304 2.004836145
3 26 3 4194304 2.004836156
74 51 3 4194304 2.004836676
83 98 3 4194304 2.004836722
56 69 3 4194304 2.004836919
42 123 3 4194304 2.004837207
54 116 3 4194304 2.004837252
116 12 3 4194304 2.004837554
5 118 3 4194304 2.004837825
117 56 3 4194304 2.004837944
77 30 3 4194304 2.004838221
103 120 3 4194304 2.004838225
66 24 3 4194304 2.004838616
95 96 3 4194304 2.004838867
84 52 3 4194304 2.004838927
80 83 3 4194304 2.004839008
15 101 3 4194304 2.004839198
123 36 3 4194304 2.004839599
113 36 3 4194304 2.004840373
27 42 3 4194304 2.004840827
90 62 3 4194304 2.004840837
26 115 3 4194304 2.004841000
126 39 3 4194304 2.004841193
117 77 3 4194304 2.004841626
65 109 3 4194304 2.004842271
18 48 3 4194304 2.004842684
116 107 3 4194304 2.004842868
6 93 3 4194304 2.004843419
126 78 3 4194304 2.004843580
117 80 3 4194304 2.004843600
29 48 3 4194304 2.004843810
29 112 3 4194304 2.004843992
40 54 3 4194304 2.004844005
108 67 3 4194304 2.004844063
26 43 3 4194304 2.004845107
96 8 3 4194304 2.004845743
30 77 3 4194304 2.004846069
60 72 3 4194304 2.004846126
72 58 3 4194304 2.004846502
100 31 3 4194304 2.004846755
49 105 3 4194304 2.004847078
76 69 3 4194304 2.004847096
80 30 3 4194304 2.004847946
3 62 3 4194304 2.004848049
14 100 3 4194304 2.004848841
14 31 3 4194304 2.004849484
66 100 3 4194304 2.004849491
63 126 3 4194304 2.004849509
79 3 3 4194304 2.004849613
66 19 3 4194304 2.004849737
84 99 3 4194304 2.004850213
12 95 3 4194304 2.004851275
117 0 3 4194304 2.004852035
19 79 3 4194304 2.004852324
127 51 3 4194304 2.004852447
44 6 3 4194304 2.004852986
83 59 3 4194304 2.004853314
3 115 3 4194304 2.004853647
110 121 3 4194304 2.004853859
107 90 3 4194304 2.004853893
17 62 3 4194304 2.004854346
52 38 3 4194304 2.004854690
2 83 3 4194304 2.004855018
55 26 3 4194304 2.004855774
36 74 3 4194304 2.004855882
36 80 3 4194304 2.004855988
127 81 3 4194304 2.004855994
103 73 3 4194304 2.004856010
94 79 3 4194304 2.004856732
33 10 3 4194304 2.004856745
13 35 3 4194304 2.004856885
12 69 3 4194304 2.004858399
56 105 3 4194304 2.004858471
58 13 3 4194304 2.004858598
9 94 3 4194304 2.004858661
60 103 3 4194304 2.004859144
106 37 3 4194304 2.004859498
25 48 3 4194304 2.004859870
21 46 3 4194304 2.004860019
13 116 3 4194304 2.004860243
101 10 3 4194304 2.004860364
66 119 3 4194304 2.004860530
108 59 3 4194304 2.004860554
85 46 3 4194304 2.004860754
127 106 3 4194304 2.004860921
80 99 3 4194304 2.004860963
92 63 3 4194304 2.004861519
74 110 3 4194304 2.004861557
5 66 3 4194304 2.004861733
106 38 3 4194304 2.004861881
120 39 3 4194304 2.004861935
106 84 3 4194304 2.004862151
16 78 3 4194304 2.004862683
1 116 3 4194304 2.004863302
21 68 3 4194304 2.004864105
84 0 3 4194304 2.004864300
57 86 3 4194304 2.004865033
120 57 3 4194304 2.004865618
122 94 3 4194304 2.004866365
36 103 3 4194304 2.004866999
37 85 3 4194304 2.004867164
102 94 3 4194304 2.004867414
72 114 3 4194304 2.004867561
70 48 3 4194304 2.004867608
95 59 3 4194304 2.004867755
12 93 3 4194304 2.004867998
64 0 3 4194304 2.004869125
19 24 3 4194304 2.004869448
87 101 3 4194304 2.004869596
19 13 3 4194304 2.004870076
62 34 3 4194304 2.004870265
64 14 3 4194304 2.004870322
45 103 3 4194304 2.004870618
118 112 3 4194304 2.004871898
7 10 3 4194304 2.004872130
93 35 3 4194304 2.004872781
42 88 3 4194304 2.004873119
4 28 3 4194304 2.004874035
127 32 3 4194304 2.004874893
83 38 3 4194304 2.004874946
19 25 3 4194304 2.004875706
104 94 3 4194304 2.004875782
113 40 3 4194304 2.004875928
35 69 3 4194304 2.004876115
84 19 3 4194304 2.004876155
51 104 3 4194304 2.004876296
51 97 3 4194304 2.004876503
120 109 3 4194304 2.004876600
7 65 3 4194304 2.004876652
15 42 3 4194304 2.004876658
72 82 3 4194304 2.004876768
120 42 3 4194304 2.004876986
89 50 3 4194304 2.004877260
62 28 3 4194304 2.004877820
84 25 3 4194304 2.004878454
57 125 3 4194304 2.004878774
23 12 3 4194304 2.004880038
125 119 3 4194304 2.004880278
125 97 3 4194304 2.004880866
59 87 3 4194304 2.004881186
107 60 3 4194304 2.004881314
23 88 3 4194304 2.004881709
121 127 3 4194304 2.004882263
99 95 3 4194304 2.004882367
14 89 3 4194304 2.004882605
17 83 3 4194304 2.004882769
59 105 3 4194304 2.004883070
71 32 3 4194304 2.004883410
105 63 3 4194304 2.004883421
109 17 3 4194304 2.004883567
39 44 3 4194304 2.004883830
45 59 3 4194304 2.004883899
109 113 3 4194304 2.004884125
77 81 3 4194304 2.004884307
9 121 3 4194304 2.004884462
84 90 3 4194304 2.004884961
114 28 3 4194304 2.004885373
46 82 3 4194304 2.004885434
56 9 3 4194304 2.004885478
66 96 3 4194304 2.004885583
63 99 3 4194304 2.004886192
7 20 3 4194304 2.004886343
69 112 3 4194304 2.004886522
75 107 3 4194304 2.004887009
31 12 3 4194304 2.004887279
45 7 3 4194304 2.004888223
60 91 3 4194304 2.004888799
14 91 3 4194304 2.004888863
40 72 3 4194304 2.004888927
78 111 3 4194304 2.004889283
73 56 3 4194304 2.004889571
63 76 3 4194304 2.004889576
25 87 3 4194304 2.004890055
61 122 3 4194304 2.004890715
93 98 3 4194304 2.004890935
64 37 3 4194304 2.004891040
90 56 3 4194304 2.004891200
93 81 3 4194304 2.004891883
98 24 3 4194304 2.004892329
41 56 3 4194304 2.004892357
117 65 3 4194304 2.004892416
78 20 3 4194304 2.004892486
47 21 3 4194304 2.004892641
41 4 3 4194304 2.004893272
35 67 3 4194304 2.004893400
121 103 3 4194304 2.004893613
69 65 3 4194304 2.004893981
45 117 3 4194304 2.004894321
17 107 3 4194304 2.004894832
38 102 3 4194304 2.004895057
5 86 3 4194304 2.004895358
14 71 3 4194304 2.004896083
93 122 3 4194304 2.004896228
48 102 3 4194304 2.004896677
43 57 3 4194304 2.004896748
58 102 3 4194304 2.004896994
122 103 3 4194304 2.004897690
62 84 3 4194304 2.004897738
79 28 3 4194304 2.004897917
75 14 3 4194304 2.004898261
110 63 3 4194304 2.004898669
86 109 3 4194304 2.004898845
68 45 3 4194304 2.004898896
33 105 3 4194304 2.004899080
32 109 3 4194304 2.004899090
56 11 3 4194304 2.004899515
37 42 3 4194304 2.004899633
63 73 3 4194304 2.004899704
32 125 3 4194304 2.004900331
70 32 3 4194304 2.004900500
57 39 3 4194304 2.004900672
5 90 3 4194304 2.004901176
103 96 3 4194304 2.004901192
43 54 3 4194304 2.004901436
124 96 3 4194304 2.004901602
114 13 3 4194304 2.004902330
71 26 3 4194304 2.004902385
121 126 3 4194304 2.004902647
108 104 3 4194304 2.004902877
53 110 3 4194304 2.004903121
98 45 3 4194304 2.004903308
127 30 3 4194304 2.004903518
54 86 3 4194304 2.004903628
108 72 3 4194304 2.004903684
68 46 3 4194304 2.004904443
23 105 3 4194304 2.004904763
3 61 3 4194304 2.004905028
31 13 3 4194304 2.004906062
97 4 3 4194304 2.004907144
92 115 3 4194304 2.004907259
45 8 3 4194304 2.004907297
98 126 3 4194304 2.004908034
7 44 3 4194304 2.004908295
2 63 3 4194304 2.004908811
61 87 3 4194304 2.004908836
113 112 3 4194304 2.004909528
51 4 3 4194304 2.004909620
92 117 3 4194304 2.004910374
49 40 3 4194304 2.004910575
29 69 3 4194304 2.004910744
25 92 3 4194304 2.004910881
19 30 3 4194304 2.004911057
2 127 3 4194304 2.004911073
94 67 3 4194304 2.004911404
68 79 3 4194304 2.004911690
9 27 3 4194304 2.004912153
49 84 3 4194304 2.004912532
104 37 3 4194304 2.004912673
83 120 3 4194304 2.004912747
55 33 3 4194304 2.004912825
42 35 3 4194304 2.004913042
39 43 3 4194304 2.004913385
37 65 3 4194304 2.004913431
53 31 3 4194304 2.004913439
122 73 3 4194304 2.004913599
86 117 3 4194304 2.004913646
6 100 3 4194304 2.004913781
25 0 3 4194304 2.004913794
75 110 3 4194304 2.004913877
64 86 3 4194304 2.004913955
28 75 3 4194304 2.004913983
55 38 3 4194304 2.004914029
53 27 3 4194304 2.004914561
40 64 3 4194304 2.004914718
108 51 3 4194304 2.004914904
67 80 3 4194304 2.004915438
118 74 3 4194304 2.004916084
69 120 3 4194304 2.004916577
7 30 3 4194304 2.004916692
88 18 3 4194304 2.004917099
109 9 3 4194304 2.004917505
52 50 3 4194304 2.004917545
23 66 3 4194304 2.004917620
9 92 3 4194304 2.004917796
67 33 3 4194304 2.004917944
65 21 3 4194304 2.004917981
69 116 3 4194304 2.004918378
120 121 3 4194304 2.004918551
95 107 3 4194304 2.004918794
93 4 3 4194304 2.004919215
86 33 3 4194304 2.004919328
34 27 3 4194304 2.004919450
75 99 3 4194304 2.004919475
75 49 3 4194304 2.004919522
13 98 3 4194304 2.004919915
73 103 3 4194304 2.004920692
22 5 3 4194304 2.004921116
63 87 3 4194304 2.004921665
53 14 3 4194304 2.004921727
61 84 3 4194304 2.004922129
89 49 3 4194304 2.004922307
51 37 3 4194304 2.004922510
45 6 3 4194304 2.004923579
67 56 3 4194304 2.004923638
36 69 3 4194304 2.004923916
65 127 3 4194304 2.004924176
9 65 3 4194304 2.004924700
11 114 3 4194304 2.004925012
115 1 3 4194304 2.004925384
101 65 3 4194304 2.004925896
2 50 3 4194304 2.004926703
100 22 3 4194304 2.004926821
105 37 3 4194304 2.004926905
9 79 3 4194304 2.004927332
120 76 3 4194304 2.004927335
25 107 3 4194304 2.004927429
2 118 3 4194304 2.004927818
61 71 3 4194304 2.004928071
37 70 3 4194304 2.004928447
4 23 3 4194304 2.004928832
93 17 3 4194304 2.004929201
60 51 3 4194304 2.004929401
60 94 3 4194304 2.004929508
45 27 3 4194304 2.004929577
62 32 3 4194304 2.004929679
15 35 3 4194304 2.004929986
90 54 3 4194304 2.004930055
124 37 3 4194304 2.004930321
60 78 3 4194304 2.004930801
9 17 3 4194304 2.004931554
94 25 3 4194304 2.004931595
60 41 3 4194304 2.004932040
41 102 3 4194304 2.004932611
67 98 3 4194304 2.004932653
118 79 3 4194304 2.004932693
85 87 3 4194304 2.004932831
61 125 3 4194304 2.004932955
58 64 3 4194304 2.004933225
0 123 3 4194304 2.004934378
118 101 3 4194304 2.004934546
106 20 3 4194304 2.004934550
3 114 3 4194304 2.004934827
77 95 3 4194304 2.004935414
52 120 3 4194304 2.004935590
105 25 3 4194304 2.004936489
121 123 3 4194304 2.004936583
24 80 3 4194304 2.004937214
116 40 3 4194304 2.004937263
34 7 3 4194304 2.004937300
109 23 3 4194304 2.004937464
111 86 3 4194304 2.004937698
53 12 3 4194304 2.004937754
9 42 3 4194304 2.004937822
26 13 3 4194304 2.004938288
84 100 3 4194304 2.004938659
11 65 3 4194304 2.004938694
16 49 3 4194304 2.004939972
7 50 3 4194304 2.004940097
67 96 3 4194304 2.004941001
28 124 3 4194304 2.004941190
79 69 3 4194304 2.004941217
112 51 3 4194304 2.004941275
48 91 3 4194304 2.004941303
30 34 3 4194304 2.004941352
69 14 3 4194304 2.004941643
108 50 3 4194304 2.004941996
4 37 3 4194304 2.004942318
83 63 3 4194304 2.004942350
59 25 3 4194304 2.004942763
5 1 3 4194304 2.004942844
47 77 3 4194304 2.004942961
94 63 3 4194304 2.004943730
100 15 3 4194304 2.004944192
69 22 3 4194304 2.004944393
125 87 3 4194304 2.004944941
69 17 3 4194304 2.004945005
55 91 3 4194304 2.004945044
55 11 3 4194304 2.004945094
0 96 3 4194304 2.004945716
17 51 3 4194304 2.004946183
126 47 3 4194304 2.004946414
8 51 3 4194304 2.004946523
121 119 3 4194304 2.004946580
76 61 3 4194304 2.004946861
118 110 3 4194304 2.004946868
19 17 3 4194304 2.004946877
102 47 3 4194304 2.004947238
64 13 3 4194304 2.004947322
23 5 3 4194304 2.004948210
127 62 3 4194304 2.004948393
49 59 3 4194304 2.004948526
17 112 3 4194304 2.004949159
77 115 3 4194304 2.004949259
33 49 3 4194304 2.004949359
121 109 3 4194304 2.004949420
110 51 3 4194304 2.004949668
68 90 3 4194304 2.004950455
20 3 3 4194304 2.004950588
58 51 3 4194304 2.004950842
96 53 3 4194304 2.004951026
8 95 3 4194304 2.004952068
3 89 3 4194304 2.004952785
74 55 3 4194304 2.004953099
63 120 3 4194304 2.004953536
58 5 3 4194304 2.004953693
48 10 3 4194304 2.004953738
32 115 3 4194304 2.004954371
91 88 3 4194304 2.004955360
116 114 3 4194304 2.004955428
94 28 3 4194304 2.004955474
11 23 3 4194304 2.004955958
13 96 3 4194304 2.004956005
88 13 3 4194304 2.004956106
45 23 3 4194304 2.004956585
97 5 3 4194304 2.004956747
120 88 3 4194304 2.004956758
67 79 3 4194304 2.004956890
9 35 3 4194304 2.004957006
124 42 3 4194304 2.004957062
8 14 3 4194304 2.004957432
38 31 3 4194304 2.004958268
84 10 3 4194304 2.004958378
101 96 3 4194304 2.004958441
48 85 3 4194304 2.004958541
115 76 3 4194304 2.004959604
125 2 3 4194304 2.004959841
37 64 3 4194304 2.004959842
70 82 3 4194304 2.004960044
64 89 3 4194304 2.004960313
84 75 3 4194304 2.004960754
17 57 3 4194304 2.004960825
91 52 3 4194304 2.004961207
61 93 3 4194304 2.004961815
14 121 3 4194304 2.004962179
62 81 3 4194304 2.004962222
125 101 3 4194304 2.004962232
72 64 3 4194304 2.004962386
97 54 3 4194304 2.004962601
26 94 3 4194304 2.004964328
39 104 3 4194304 2.004964520
61 14 3 4194304 2.004964759
76 50 3 4194304 2.004965363
41 88 3 4194304 2.004965497
17 110 3 4194304 2.004965646
6 47 3 4194304 2.004966031
63 117 3 4194304 2.004966419
13 118 3 4194304 2.004966664
61 15 3 4194304 2.004967569
32 126 3 4194304 2.004967880
117 93 3 4194304 2.004968617
113 94 3 4194304 2.004968882
20 51 3 4194304 2.004969453
38 64 3 4194304 2.004970659
93 76 3 4194304 2.004971032
2 45 3 4194304 2.004971142
107 34 3 4194304 2.004971365
108 22 3 4194304 2.004971641
78 26 3 4194304 2.004971651
76 86 3 4194304 2.004971810
107 19 3 4194304 2.004971898
69 49 3 4194304 2.004972980
109 125 3 4194304 2.004973691
45 36 3 4194304 2.004974828
99 42 3 4194304 2.004975068
103 32 3 4194304 2.004975208
15 105 3 4194304 2.004975567
103 95 3 4194304 2.004975870
53 22 3 4194304 2.004976967
48 33 3 4194304 2.004977621
21 27 3 4194304 2.004978002
6 98 3 4194304 2.004978097
64 85 3 4194304 2.004978533
82 81 3 4194304 2.004979221
114 38 3 4194304 2.004979439
68 86 3 4194304 2.004979761
119 77 3 4194304 2.004979831
38 50 3 4194304 2.004979903
5 121 3 4194304 2.004980046
85 32 3 4194304 2.004980101
22 2 3 4194304 2.004980319
6 39 3 4194304 2.004980552
90 99 3 4194304 2.004980636
94 127 3 4194304 2.004980930
61 1 3 4194304 2.004981049
83 126 3 4194304 2.004981132
110 127 3 4194304 2.004981508
108 76 3 4194304 2.004981709
111 17 3 4194304 2.004982002
9 110 3 4194304 2.004982036
36 40 3 4194304 2.004982563
103 21 3 4194304 2.004982895
127 110 3 4194304 2.004983094
0 118 3 4194304 2.004983738
74 30 3 4194304 2.004984799
104 96 3 4194304 2.004985089
15 122 3 4194304 2.004985997
100 20 3 4194304 2.004986064
49 98 3 4194304 2.004986149
15 0 3 4194304 2.004986212
126 52 3 4194304 2.004986740
41 52 3 4194304 2.004986976
7 112 3 4194304 2.004986982
43 101 3 4194304 2.004987084
100 80 3 4194304 2.004987291
30 44 3 4194304 2.004987592
123 38 3 4194304 2.004987663
3 80 3 4194304 2.004988350
22 36 3 4194304 2.004988481
70 108 3 4194304 2.004988482
79 113 3 4194304 2.004988537
18 63 3 4194304 2.004988870
66 13 3 4194304 2.004988902
51 85 3 4194304 2.004989738
83 91 3 4194304 2.004990200
86 114 3 4194304 2.004990253
66 92 3 4194304 2.004990350
52 88 3 4194304 2.004990412
24 61 3 4194304 2.004990461
80 59 3 4194304 2.004990698
76 126 3 4194304 2.004990852
24 2 3 4194304 2.004991203
99 60 3 4194304 2.004991901
70 102 3 4194304 2.004991998
82 106 3 4194304 2.004992334
84 1 3 4194304 2.004992737
45 98 3 4194304 2.004992875
55 46 3 4194304 2.004993064
39 23 3 4194304 2.004993616
48 113 3 4194304 2.004994263
53 41 3 4194304 2.004994276
71 5 3 4194304 2.004994298
104 116 3 4194304 2.004994881
7 99 3 4194304 2.004994900
107 8 3 4194304 2.004995002
46 95 3 4194304 2.004995026
9 0 3 4194304 2.004995213
117 121 3 4194304 2.004995361
10 102 3 4194304 2.004995415
57 117 3 4194304 2.004996252
13 23 3 4194304 2.004996434
126 23 3 4194304 2.004996485
26 30 3 4194304 2.004996542
12 53 3 4194304 2.004996651
124 68 3 4194304 2.004996711
122 119 3 4194304 2.004996773
58 48 3 4194304 2.004997075
23 62 3 4194304 2.004997167
7 49 3 4194304 2.004997343
34 65 3 4194304 2.004997707
30 115 3 4194304 2.004997711
118 16 3 4194304 2.004998368
46 6 3 4194304 2.004998409
20 69 3 4194304 2.004998457
17 71 3 4194304 2.004998583
1 70 3 4194304 2.004998591
127 24 3 4194304 2.004998737
35 39 3 4194304 2.004999015
79 9 3 4194304 2.004999197
100 122 3 4194304 2.004999200
4 96 3 4194304 2.004999446
23 63 3 4194304 2.004999720
